2025-12-25 23:04:20,844 | INFO | 📦 Created new pickle database
2025-12-25 23:04:20,847 | INFO | 🚀 Starting scan on drive: E:\\
2025-12-25 23:04:20,893 | INFO | 📄 Found file: E:\\$RECYCLE.BIN\S-1-5-21-816750886-3876630686-1032715110-1002\$I00VCYL.csv
2025-12-25 23:04:20,928 | INFO | ✅ Added patterns | File: $I00VCYL.csv | Folder: E:\\$RECYCLE.BIN\S-1-5-21-816750886-3876630686-1032715110-1002
2025-12-25 23:04:20,930 | INFO | 📊 Current database size: 0 companies
2025-12-25 23:04:20,931 | INFO | 📄 Found file: E:\\$RECYCLE.BIN\S-1-5-21-816750886-3876630686-1032715110-1002\$I0434UO.csv
2025-12-25 23:04:20,941 | INFO | ✅ Added patterns | File: $I0434UO.csv | Folder: E:\\$RECYCLE.BIN\S-1-5-21-816750886-3876630686-1032715110-1002
2025-12-25 23:04:20,943 | INFO | 📊 Current database size: 0 companies
2025-12-25 23:04:20,944 | INFO | 📄 Found file: E:\\$RECYCLE.BIN\S-1-5-21-816750886-3876630686-1032715110-1002\$I07WU6E.xlsx
2025-12-25 23:04:23,468 | INFO | ✅ Added patterns | File: $I07WU6E.xlsx | Folder: E:\\$RECYCLE.BIN\S-1-5-21-816750886-3876630686-1032715110-1002
2025-12-25 23:04:23,470 | INFO | 📊 Current database size: 0 companies
2025-12-25 23:04:23,471 | INFO | 📄 Found file: E:\\$RECYCLE.BIN\S-1-5-21-816750886-3876630686-1032715110-1002\$I0AFXXN.csv
2025-12-25 23:04:23,482 | INFO | ✅ Added patterns | File: $I0AFXXN.csv | Folder: E:\\$RECYCLE.BIN\S-1-5-21-816750886-3876630686-1032715110-1002
2025-12-25 23:04:23,483 | INFO | 📊 Current database size: 0 companies
2025-12-25 23:04:23,486 | INFO | 📄 Found file: E:\\$RECYCLE.BIN\S-1-5-21-816750886-3876630686-1032715110-1002\$I0AL7L3.xlsx
2025-12-25 23:04:23,506 | INFO | ✅ Added patterns | File: $I0AL7L3.xlsx | Folder: E:\\$RECYCLE.BIN\S-1-5-21-816750886-3876630686-1032715110-1002
2025-12-25 23:04:23,507 | INFO | 📊 Current database size: 0 companies
2025-12-25 23:04:23,508 | INFO | 📄 Found file: E:\\$RECYCLE.BIN\S-1-5-21-816750886-3876630686-1032715110-1002\$I0GKFG1.csv
2025-12-25 23:04:23,521 | INFO | ✅ Added patterns | File: $I0GKFG1.csv | Folder: E:\\$RECYCLE.BIN\S-1-5-21-816750886-3876630686-1032715110-1002
2025-12-25 23:04:23,523 | INFO | 📊 Current database size: 0 companies
2025-12-25 23:04:23,524 | INFO | 📄 Found file: E:\\$RECYCLE.BIN\S-1-5-21-816750886-3876630686-1032715110-1002\$I0R9G7N.csv
2025-12-25 23:04:23,538 | INFO | ✅ Added patterns | File: $I0R9G7N.csv | Folder: E:\\$RECYCLE.BIN\S-1-5-21-816750886-3876630686-1032715110-1002
2025-12-25 23:04:23,540 | INFO | 📊 Current database size: 0 companies
2025-12-25 23:04:23,542 | INFO | 📄 Found file: E:\\$RECYCLE.BIN\S-1-5-21-816750886-3876630686-1032715110-1002\$I0SRDPZ.csv
2025-12-25 23:04:23,557 | INFO | ✅ Added patterns | File: $I0SRDPZ.csv | Folder: E:\\$RECYCLE.BIN\S-1-5-21-816750886-3876630686-1032715110-1002
2025-12-25 23:04:23,558 | INFO | 📊 Current database size: 0 companies
2025-12-25 23:04:23,560 | INFO | 📄 Found file: E:\\$RECYCLE.BIN\S-1-5-21-816750886-3876630686-1032715110-1002\$I16WTE4.csv
2025-12-25 23:04:23,576 | INFO | ✅ Added patterns | File: $I16WTE4.csv | Folder: E:\\$RECYCLE.BIN\S-1-5-21-816750886-3876630686-1032715110-1002
2025-12-25 23:04:23,578 | INFO | 📊 Current database size: 0 companies
2025-12-25 23:04:23,578 | INFO | 📄 Found file: E:\\$RECYCLE.BIN\S-1-5-21-816750886-3876630686-1032715110-1002\$I1IW4MD.csv
2025-12-25 23:04:23,593 | INFO | ✅ Added patterns | File: $I1IW4MD.csv | Folder: E:\\$RECYCLE.BIN\S-1-5-21-816750886-3876630686-1032715110-1002
2025-12-25 23:04:23,594 | INFO | 📊 Current database size: 0 companies
2025-12-25 23:04:23,596 | INFO | 📄 Found file: E:\\$RECYCLE.BIN\S-1-5-21-816750886-3876630686-1032715110-1002\$I1QSHPQ.csv
2025-12-25 23:04:23,610 | INFO | ✅ Added patterns | File: $I1QSHPQ.csv | Folder: E:\\$RECYCLE.BIN\S-1-5-21-816750886-3876630686-1032715110-1002
2025-12-25 23:04:23,612 | INFO | 📊 Current database size: 0 companies
2025-12-25 23:04:23,616 | INFO | 📄 Found file: E:\\$RECYCLE.BIN\S-1-5-21-816750886-3876630686-1032715110-1002\$I29ZQPG.csv
2025-12-25 23:04:23,631 | INFO | ✅ Added patterns | File: $I29ZQPG.csv | Folder: E:\\$RECYCLE.BIN\S-1-5-21-816750886-3876630686-1032715110-1002
2025-12-25 23:04:23,632 | INFO | 📊 Current database size: 0 companies
2025-12-25 23:04:23,635 | INFO | 📄 Found file: E:\\$RECYCLE.BIN\S-1-5-21-816750886-3876630686-1032715110-1002\$I2QARSA.csv
2025-12-25 23:04:23,741 | INFO | ✅ Added patterns | File: $I2QARSA.csv | Folder: E:\\$RECYCLE.BIN\S-1-5-21-816750886-3876630686-1032715110-1002
2025-12-25 23:04:23,742 | INFO | 📊 Current database size: 0 companies
2025-12-25 23:04:23,742 | INFO | 📄 Found file: E:\\$RECYCLE.BIN\S-1-5-21-816750886-3876630686-1032715110-1002\$I3UHN4E.xlsx
2025-12-25 23:04:23,754 | INFO | ✅ Added patterns | File: $I3UHN4E.xlsx | Folder: E:\\$RECYCLE.BIN\S-1-5-21-816750886-3876630686-1032715110-1002
2025-12-25 23:04:23,755 | INFO | 📊 Current database size: 0 companies
2025-12-25 23:04:23,755 | INFO | 📄 Found file: E:\\$RECYCLE.BIN\S-1-5-21-816750886-3876630686-1032715110-1002\$I4707D5.csv
2025-12-25 23:04:23,765 | INFO | ✅ Added patterns | File: $I4707D5.csv | Folder: E:\\$RECYCLE.BIN\S-1-5-21-816750886-3876630686-1032715110-1002
2025-12-25 23:04:23,766 | INFO | 📊 Current database size: 0 companies
2025-12-25 23:04:23,767 | INFO | 📄 Found file: E:\\$RECYCLE.BIN\S-1-5-21-816750886-3876630686-1032715110-1002\$I4A68A6.csv
2025-12-25 23:04:23,778 | INFO | ✅ Added patterns | File: $I4A68A6.csv | Folder: E:\\$RECYCLE.BIN\S-1-5-21-816750886-3876630686-1032715110-1002
2025-12-25 23:04:23,779 | INFO | 📊 Current database size: 0 companies
2025-12-25 23:04:23,780 | INFO | 📄 Found file: E:\\$RECYCLE.BIN\S-1-5-21-816750886-3876630686-1032715110-1002\$I4GO4HW.csv
2025-12-25 23:04:23,796 | INFO | ✅ Added patterns | File: $I4GO4HW.csv | Folder: E:\\$RECYCLE.BIN\S-1-5-21-816750886-3876630686-1032715110-1002
2025-12-25 23:04:23,797 | INFO | 📊 Current database size: 0 companies
2025-12-25 23:04:23,797 | INFO | 📄 Found file: E:\\$RECYCLE.BIN\S-1-5-21-816750886-3876630686-1032715110-1002\$I4JT8KL.xlsx
2025-12-25 23:04:23,810 | INFO | ✅ Added patterns | File: $I4JT8KL.xlsx | Folder: E:\\$RECYCLE.BIN\S-1-5-21-816750886-3876630686-1032715110-1002
2025-12-25 23:04:23,811 | INFO | 📊 Current database size: 0 companies
2025-12-25 23:04:23,812 | INFO | 📄 Found file: E:\\$RECYCLE.BIN\S-1-5-21-816750886-3876630686-1032715110-1002\$I4MTUSG.csv
2025-12-25 23:04:23,849 | INFO | ✅ Added patterns | File: $I4MTUSG.csv | Folder: E:\\$RECYCLE.BIN\S-1-5-21-816750886-3876630686-1032715110-1002
2025-12-25 23:04:23,850 | INFO | 📊 Current database size: 0 companies
2025-12-25 23:04:23,852 | INFO | 📄 Found file: E:\\$RECYCLE.BIN\S-1-5-21-816750886-3876630686-1032715110-1002\$I4P809T.xlsx
2025-12-25 23:04:23,868 | INFO | ✅ Added patterns | File: $I4P809T.xlsx | Folder: E:\\$RECYCLE.BIN\S-1-5-21-816750886-3876630686-1032715110-1002
2025-12-25 23:04:23,870 | INFO | 📊 Current database size: 0 companies
2025-12-25 23:04:23,874 | INFO | 📄 Found file: E:\\$RECYCLE.BIN\S-1-5-21-816750886-3876630686-1032715110-1002\$I4VX8NZ.csv
2025-12-25 23:04:23,884 | INFO | ✅ Added patterns | File: $I4VX8NZ.csv | Folder: E:\\$RECYCLE.BIN\S-1-5-21-816750886-3876630686-1032715110-1002
2025-12-25 23:04:23,894 | INFO | 📊 Current database size: 0 companies
2025-12-25 23:04:23,897 | INFO | 📄 Found file: E:\\$RECYCLE.BIN\S-1-5-21-816750886-3876630686-1032715110-1002\$I6CMMZS.xlsx
2025-12-25 23:04:23,914 | INFO | ✅ Added patterns | File: $I6CMMZS.xlsx | Folder: E:\\$RECYCLE.BIN\S-1-5-21-816750886-3876630686-1032715110-1002
2025-12-25 23:04:23,918 | INFO | 📊 Current database size: 0 companies
2025-12-25 23:04:23,923 | INFO | 📄 Found file: E:\\$RECYCLE.BIN\S-1-5-21-816750886-3876630686-1032715110-1002\$I6R046O.csv
2025-12-25 23:04:23,950 | INFO | ✅ Added patterns | File: $I6R046O.csv | Folder: E:\\$RECYCLE.BIN\S-1-5-21-816750886-3876630686-1032715110-1002
2025-12-25 23:04:23,951 | INFO | 📊 Current database size: 0 companies
2025-12-25 23:04:23,952 | INFO | 📄 Found file: E:\\$RECYCLE.BIN\S-1-5-21-816750886-3876630686-1032715110-1002\$I703CII.csv
2025-12-25 23:04:23,965 | INFO | ✅ Added patterns | File: $I703CII.csv | Folder: E:\\$RECYCLE.BIN\S-1-5-21-816750886-3876630686-1032715110-1002
2025-12-25 23:04:23,966 | INFO | 📊 Current database size: 0 companies
2025-12-25 23:04:23,967 | INFO | 📄 Found file: E:\\$RECYCLE.BIN\S-1-5-21-816750886-3876630686-1032715110-1002\$I7MXI7H.csv
2025-12-25 23:04:23,982 | INFO | ✅ Added patterns | File: $I7MXI7H.csv | Folder: E:\\$RECYCLE.BIN\S-1-5-21-816750886-3876630686-1032715110-1002
2025-12-25 23:04:23,983 | INFO | 📊 Current database size: 0 companies
2025-12-25 23:04:23,984 | INFO | 📄 Found file: E:\\$RECYCLE.BIN\S-1-5-21-816750886-3876630686-1032715110-1002\$I81I47I.xlsx
2025-12-25 23:04:24,000 | INFO | ✅ Added patterns | File: $I81I47I.xlsx | Folder: E:\\$RECYCLE.BIN\S-1-5-21-816750886-3876630686-1032715110-1002
2025-12-25 23:04:24,001 | INFO | 📊 Current database size: 0 companies
2025-12-25 23:04:24,003 | INFO | 📄 Found file: E:\\$RECYCLE.BIN\S-1-5-21-816750886-3876630686-1032715110-1002\$I9N2S1Y.csv
2025-12-25 23:04:24,019 | INFO | ✅ Added patterns | File: $I9N2S1Y.csv | Folder: E:\\$RECYCLE.BIN\S-1-5-21-816750886-3876630686-1032715110-1002
2025-12-25 23:04:24,024 | INFO | 📊 Current database size: 0 companies
2025-12-25 23:04:24,025 | INFO | 📄 Found file: E:\\$RECYCLE.BIN\S-1-5-21-816750886-3876630686-1032715110-1002\$I9QM7A2.csv
2025-12-25 23:04:24,036 | INFO | ✅ Added patterns | File: $I9QM7A2.csv | Folder: E:\\$RECYCLE.BIN\S-1-5-21-816750886-3876630686-1032715110-1002
2025-12-25 23:04:24,039 | INFO | 📊 Current database size: 0 companies
2025-12-25 23:04:24,039 | INFO | 📄 Found file: E:\\$RECYCLE.BIN\S-1-5-21-816750886-3876630686-1032715110-1002\$IA28IRO.xlsx
2025-12-25 23:04:24,050 | INFO | ✅ Added patterns | File: $IA28IRO.xlsx | Folder: E:\\$RECYCLE.BIN\S-1-5-21-816750886-3876630686-1032715110-1002
2025-12-25 23:04:24,051 | INFO | 📊 Current database size: 0 companies
2025-12-25 23:04:24,052 | INFO | 📄 Found file: E:\\$RECYCLE.BIN\S-1-5-21-816750886-3876630686-1032715110-1002\$IAM1QDB.csv
2025-12-25 23:04:24,066 | INFO | ✅ Added patterns | File: $IAM1QDB.csv | Folder: E:\\$RECYCLE.BIN\S-1-5-21-816750886-3876630686-1032715110-1002
2025-12-25 23:04:24,066 | INFO | 📊 Current database size: 0 companies
2025-12-25 23:04:24,068 | INFO | 📄 Found file: E:\\$RECYCLE.BIN\S-1-5-21-816750886-3876630686-1032715110-1002\$IAU8K1B.csv
2025-12-25 23:04:24,079 | INFO | ✅ Added patterns | File: $IAU8K1B.csv | Folder: E:\\$RECYCLE.BIN\S-1-5-21-816750886-3876630686-1032715110-1002
2025-12-25 23:04:24,080 | INFO | 📊 Current database size: 0 companies
2025-12-25 23:04:24,081 | INFO | 📄 Found file: E:\\$RECYCLE.BIN\S-1-5-21-816750886-3876630686-1032715110-1002\$IBBAJ60.csv
2025-12-25 23:04:24,095 | INFO | ✅ Added patterns | File: $IBBAJ60.csv | Folder: E:\\$RECYCLE.BIN\S-1-5-21-816750886-3876630686-1032715110-1002
2025-12-25 23:04:24,096 | INFO | 📊 Current database size: 0 companies
2025-12-25 23:04:24,097 | INFO | 📄 Found file: E:\\$RECYCLE.BIN\S-1-5-21-816750886-3876630686-1032715110-1002\$IBYY4U3.xlsx
2025-12-25 23:04:24,110 | INFO | ✅ Added patterns | File: $IBYY4U3.xlsx | Folder: E:\\$RECYCLE.BIN\S-1-5-21-816750886-3876630686-1032715110-1002
2025-12-25 23:04:24,111 | INFO | 📊 Current database size: 0 companies
2025-12-25 23:04:24,113 | INFO | 📄 Found file: E:\\$RECYCLE.BIN\S-1-5-21-816750886-3876630686-1032715110-1002\$IC6RSAP.csv
2025-12-25 23:04:24,123 | INFO | ✅ Added patterns | File: $IC6RSAP.csv | Folder: E:\\$RECYCLE.BIN\S-1-5-21-816750886-3876630686-1032715110-1002
2025-12-25 23:04:24,124 | INFO | 📊 Current database size: 0 companies
2025-12-25 23:04:24,125 | INFO | 📄 Found file: E:\\$RECYCLE.BIN\S-1-5-21-816750886-3876630686-1032715110-1002\$ICPSI0P.xlsx
2025-12-25 23:04:24,141 | INFO | ✅ Added patterns | File: $ICPSI0P.xlsx | Folder: E:\\$RECYCLE.BIN\S-1-5-21-816750886-3876630686-1032715110-1002
2025-12-25 23:04:24,142 | INFO | 📊 Current database size: 0 companies
2025-12-25 23:04:24,143 | INFO | 📄 Found file: E:\\$RECYCLE.BIN\S-1-5-21-816750886-3876630686-1032715110-1002\$ICWGXDD.csv
2025-12-25 23:04:24,156 | INFO | ✅ Added patterns | File: $ICWGXDD.csv | Folder: E:\\$RECYCLE.BIN\S-1-5-21-816750886-3876630686-1032715110-1002
2025-12-25 23:04:24,157 | INFO | 📊 Current database size: 0 companies
2025-12-25 23:04:24,158 | INFO | 📄 Found file: E:\\$RECYCLE.BIN\S-1-5-21-816750886-3876630686-1032715110-1002\$ID49EB2.csv
2025-12-25 23:04:24,168 | INFO | ✅ Added patterns | File: $ID49EB2.csv | Folder: E:\\$RECYCLE.BIN\S-1-5-21-816750886-3876630686-1032715110-1002
2025-12-25 23:04:24,168 | INFO | 📊 Current database size: 0 companies
2025-12-25 23:04:24,170 | INFO | 📄 Found file: E:\\$RECYCLE.BIN\S-1-5-21-816750886-3876630686-1032715110-1002\$ID8HM64.csv
2025-12-25 23:04:24,183 | INFO | ✅ Added patterns | File: $ID8HM64.csv | Folder: E:\\$RECYCLE.BIN\S-1-5-21-816750886-3876630686-1032715110-1002
2025-12-25 23:04:24,184 | INFO | 📊 Current database size: 0 companies
2025-12-25 23:04:24,185 | INFO | 📄 Found file: E:\\$RECYCLE.BIN\S-1-5-21-816750886-3876630686-1032715110-1002\$IDL6P6V.csv
2025-12-25 23:04:24,200 | INFO | ✅ Added patterns | File: $IDL6P6V.csv | Folder: E:\\$RECYCLE.BIN\S-1-5-21-816750886-3876630686-1032715110-1002
2025-12-25 23:04:24,201 | INFO | 📊 Current database size: 0 companies
2025-12-25 23:04:24,202 | INFO | 📄 Found file: E:\\$RECYCLE.BIN\S-1-5-21-816750886-3876630686-1032715110-1002\$IDQQHH6.csv
2025-12-25 23:04:24,211 | INFO | ✅ Added patterns | File: $IDQQHH6.csv | Folder: E:\\$RECYCLE.BIN\S-1-5-21-816750886-3876630686-1032715110-1002
2025-12-25 23:04:24,212 | INFO | 📊 Current database size: 0 companies
2025-12-25 23:04:24,212 | INFO | 📄 Found file: E:\\$RECYCLE.BIN\S-1-5-21-816750886-3876630686-1032715110-1002\$IDV1NIM.csv
2025-12-25 23:04:24,226 | INFO | ✅ Added patterns | File: $IDV1NIM.csv | Folder: E:\\$RECYCLE.BIN\S-1-5-21-816750886-3876630686-1032715110-1002
2025-12-25 23:04:24,227 | INFO | 📊 Current database size: 0 companies
2025-12-25 23:04:24,228 | INFO | 📄 Found file: E:\\$RECYCLE.BIN\S-1-5-21-816750886-3876630686-1032715110-1002\$IDZ8P3T.csv
2025-12-25 23:04:24,249 | INFO | ✅ Added patterns | File: $IDZ8P3T.csv | Folder: E:\\$RECYCLE.BIN\S-1-5-21-816750886-3876630686-1032715110-1002
2025-12-25 23:04:24,249 | INFO | 📊 Current database size: 0 companies
2025-12-25 23:04:24,250 | INFO | 📄 Found file: E:\\$RECYCLE.BIN\S-1-5-21-816750886-3876630686-1032715110-1002\$IEF2WVF.csv
2025-12-25 23:04:24,265 | INFO | ✅ Added patterns | File: $IEF2WVF.csv | Folder: E:\\$RECYCLE.BIN\S-1-5-21-816750886-3876630686-1032715110-1002
2025-12-25 23:04:24,266 | INFO | 📊 Current database size: 0 companies
2025-12-25 23:04:24,266 | INFO | 📄 Found file: E:\\$RECYCLE.BIN\S-1-5-21-816750886-3876630686-1032715110-1002\$IEJW8RP.csv
2025-12-25 23:04:24,281 | INFO | ✅ Added patterns | File: $IEJW8RP.csv | Folder: E:\\$RECYCLE.BIN\S-1-5-21-816750886-3876630686-1032715110-1002
2025-12-25 23:04:24,282 | INFO | 📊 Current database size: 0 companies
2025-12-25 23:04:24,283 | INFO | 📄 Found file: E:\\$RECYCLE.BIN\S-1-5-21-816750886-3876630686-1032715110-1002\$IEL237G.csv
2025-12-25 23:04:24,295 | INFO | ✅ Added patterns | File: $IEL237G.csv | Folder: E:\\$RECYCLE.BIN\S-1-5-21-816750886-3876630686-1032715110-1002
2025-12-25 23:04:24,296 | INFO | 📊 Current database size: 0 companies
2025-12-25 23:04:24,298 | INFO | 📄 Found file: E:\\$RECYCLE.BIN\S-1-5-21-816750886-3876630686-1032715110-1002\$IEU5HSQ.csv
2025-12-25 23:04:24,316 | INFO | ✅ Added patterns | File: $IEU5HSQ.csv | Folder: E:\\$RECYCLE.BIN\S-1-5-21-816750886-3876630686-1032715110-1002
2025-12-25 23:04:24,317 | INFO | 📊 Current database size: 0 companies
2025-12-25 23:04:24,326 | INFO | 📄 Found file: E:\\$RECYCLE.BIN\S-1-5-21-816750886-3876630686-1032715110-1002\$IF05GFV.csv
2025-12-25 23:04:24,360 | INFO | ✅ Added patterns | File: $IF05GFV.csv | Folder: E:\\$RECYCLE.BIN\S-1-5-21-816750886-3876630686-1032715110-1002
2025-12-25 23:04:24,361 | INFO | 📊 Current database size: 0 companies
2025-12-25 23:04:24,362 | INFO | 📄 Found file: E:\\$RECYCLE.BIN\S-1-5-21-816750886-3876630686-1032715110-1002\$IF1GPY7.csv
2025-12-25 23:04:24,374 | INFO | ✅ Added patterns | File: $IF1GPY7.csv | Folder: E:\\$RECYCLE.BIN\S-1-5-21-816750886-3876630686-1032715110-1002
2025-12-25 23:04:24,375 | INFO | 📊 Current database size: 0 companies
2025-12-25 23:04:24,376 | INFO | 📄 Found file: E:\\$RECYCLE.BIN\S-1-5-21-816750886-3876630686-1032715110-1002\$IFUITH6.csv
2025-12-25 23:04:24,384 | INFO | ✅ Added patterns | File: $IFUITH6.csv | Folder: E:\\$RECYCLE.BIN\S-1-5-21-816750886-3876630686-1032715110-1002
2025-12-25 23:04:24,385 | INFO | 📊 Current database size: 0 companies
2025-12-25 23:04:24,386 | INFO | 📄 Found file: E:\\$RECYCLE.BIN\S-1-5-21-816750886-3876630686-1032715110-1002\$IFWVHDB.xlsx
2025-12-25 23:04:24,400 | INFO | ✅ Added patterns | File: $IFWVHDB.xlsx | Folder: E:\\$RECYCLE.BIN\S-1-5-21-816750886-3876630686-1032715110-1002
2025-12-25 23:04:24,401 | INFO | 📊 Current database size: 0 companies
2025-12-25 23:04:24,402 | INFO | 📄 Found file: E:\\$RECYCLE.BIN\S-1-5-21-816750886-3876630686-1032715110-1002\$IGB5UOE.csv
2025-12-25 23:04:24,424 | INFO | ✅ Added patterns | File: $IGB5UOE.csv | Folder: E:\\$RECYCLE.BIN\S-1-5-21-816750886-3876630686-1032715110-1002
2025-12-25 23:04:24,427 | INFO | 📊 Current database size: 0 companies
2025-12-25 23:04:24,429 | INFO | 📄 Found file: E:\\$RECYCLE.BIN\S-1-5-21-816750886-3876630686-1032715110-1002\$IGSPRUV.csv
2025-12-25 23:04:24,444 | INFO | ✅ Added patterns | File: $IGSPRUV.csv | Folder: E:\\$RECYCLE.BIN\S-1-5-21-816750886-3876630686-1032715110-1002
2025-12-25 23:04:24,445 | INFO | 📊 Current database size: 0 companies
2025-12-25 23:04:24,446 | INFO | 📄 Found file: E:\\$RECYCLE.BIN\S-1-5-21-816750886-3876630686-1032715110-1002\$IGTWZYI.xlsx
2025-12-25 23:04:24,458 | INFO | ✅ Added patterns | File: $IGTWZYI.xlsx | Folder: E:\\$RECYCLE.BIN\S-1-5-21-816750886-3876630686-1032715110-1002
2025-12-25 23:04:24,460 | INFO | 📊 Current database size: 0 companies
2025-12-25 23:04:24,462 | INFO | 📄 Found file: E:\\$RECYCLE.BIN\S-1-5-21-816750886-3876630686-1032715110-1002\$IHAAULL.csv
2025-12-25 23:04:24,473 | INFO | ✅ Added patterns | File: $IHAAULL.csv | Folder: E:\\$RECYCLE.BIN\S-1-5-21-816750886-3876630686-1032715110-1002
2025-12-25 23:04:24,476 | INFO | 📊 Current database size: 0 companies
2025-12-25 23:04:24,478 | INFO | 📄 Found file: E:\\$RECYCLE.BIN\S-1-5-21-816750886-3876630686-1032715110-1002\$IHP4AYS.csv
2025-12-25 23:04:24,492 | INFO | ✅ Added patterns | File: $IHP4AYS.csv | Folder: E:\\$RECYCLE.BIN\S-1-5-21-816750886-3876630686-1032715110-1002
2025-12-25 23:04:24,493 | INFO | 📊 Current database size: 0 companies
2025-12-25 23:04:24,494 | INFO | 📄 Found file: E:\\$RECYCLE.BIN\S-1-5-21-816750886-3876630686-1032715110-1002\$IHSAPGM.csv
2025-12-25 23:04:24,509 | INFO | ✅ Added patterns | File: $IHSAPGM.csv | Folder: E:\\$RECYCLE.BIN\S-1-5-21-816750886-3876630686-1032715110-1002
2025-12-25 23:04:24,510 | INFO | 📊 Current database size: 0 companies
2025-12-25 23:04:24,511 | INFO | 📄 Found file: E:\\$RECYCLE.BIN\S-1-5-21-816750886-3876630686-1032715110-1002\$II352VA.csv
2025-12-25 23:04:24,522 | INFO | ✅ Added patterns | File: $II352VA.csv | Folder: E:\\$RECYCLE.BIN\S-1-5-21-816750886-3876630686-1032715110-1002
2025-12-25 23:04:24,523 | INFO | 📊 Current database size: 0 companies
2025-12-25 23:04:24,524 | INFO | 📄 Found file: E:\\$RECYCLE.BIN\S-1-5-21-816750886-3876630686-1032715110-1002\$II71OB9.csv
2025-12-25 23:04:24,535 | INFO | ✅ Added patterns | File: $II71OB9.csv | Folder: E:\\$RECYCLE.BIN\S-1-5-21-816750886-3876630686-1032715110-1002
2025-12-25 23:04:24,536 | INFO | 📊 Current database size: 0 companies
2025-12-25 23:04:24,537 | INFO | 📄 Found file: E:\\$RECYCLE.BIN\S-1-5-21-816750886-3876630686-1032715110-1002\$IIP2WDF.xlsx
2025-12-25 23:04:24,550 | INFO | ✅ Added patterns | File: $IIP2WDF.xlsx | Folder: E:\\$RECYCLE.BIN\S-1-5-21-816750886-3876630686-1032715110-1002
2025-12-25 23:04:24,551 | INFO | 📊 Current database size: 0 companies
2025-12-25 23:04:24,551 | INFO | 📄 Found file: E:\\$RECYCLE.BIN\S-1-5-21-816750886-3876630686-1032715110-1002\$IJFJQLU.csv
2025-12-25 23:04:24,566 | INFO | ✅ Added patterns | File: $IJFJQLU.csv | Folder: E:\\$RECYCLE.BIN\S-1-5-21-816750886-3876630686-1032715110-1002
2025-12-25 23:04:24,567 | INFO | 📊 Current database size: 0 companies
2025-12-25 23:04:24,568 | INFO | 📄 Found file: E:\\$RECYCLE.BIN\S-1-5-21-816750886-3876630686-1032715110-1002\$IJIJJ70.csv
2025-12-25 23:04:24,580 | INFO | ✅ Added patterns | File: $IJIJJ70.csv | Folder: E:\\$RECYCLE.BIN\S-1-5-21-816750886-3876630686-1032715110-1002
2025-12-25 23:04:24,581 | INFO | 📊 Current database size: 0 companies
2025-12-25 23:04:24,582 | INFO | 📄 Found file: E:\\$RECYCLE.BIN\S-1-5-21-816750886-3876630686-1032715110-1002\$IK5HPVW.xlsx
2025-12-25 23:04:24,596 | INFO | ✅ Added patterns | File: $IK5HPVW.xlsx | Folder: E:\\$RECYCLE.BIN\S-1-5-21-816750886-3876630686-1032715110-1002
2025-12-25 23:04:24,597 | INFO | 📊 Current database size: 0 companies
2025-12-25 23:04:24,598 | INFO | 📄 Found file: E:\\$RECYCLE.BIN\S-1-5-21-816750886-3876630686-1032715110-1002\$IKEEW7V.csv
2025-12-25 23:04:24,616 | INFO | ✅ Added patterns | File: $IKEEW7V.csv | Folder: E:\\$RECYCLE.BIN\S-1-5-21-816750886-3876630686-1032715110-1002
2025-12-25 23:04:24,618 | INFO | 📊 Current database size: 0 companies
2025-12-25 23:04:24,619 | INFO | 📄 Found file: E:\\$RECYCLE.BIN\S-1-5-21-816750886-3876630686-1032715110-1002\$IKP004K.csv
2025-12-25 23:04:24,632 | INFO | ✅ Added patterns | File: $IKP004K.csv | Folder: E:\\$RECYCLE.BIN\S-1-5-21-816750886-3876630686-1032715110-1002
2025-12-25 23:04:24,633 | INFO | 📊 Current database size: 0 companies
2025-12-25 23:04:24,633 | INFO | 📄 Found file: E:\\$RECYCLE.BIN\S-1-5-21-816750886-3876630686-1032715110-1002\$IL64R17.xlsx
2025-12-25 23:04:24,647 | INFO | ✅ Added patterns | File: $IL64R17.xlsx | Folder: E:\\$RECYCLE.BIN\S-1-5-21-816750886-3876630686-1032715110-1002
2025-12-25 23:04:24,647 | INFO | 📊 Current database size: 0 companies
2025-12-25 23:04:24,648 | INFO | 📄 Found file: E:\\$RECYCLE.BIN\S-1-5-21-816750886-3876630686-1032715110-1002\$ILIDUXL.csv
2025-12-25 23:04:24,661 | INFO | ✅ Added patterns | File: $ILIDUXL.csv | Folder: E:\\$RECYCLE.BIN\S-1-5-21-816750886-3876630686-1032715110-1002
2025-12-25 23:04:24,662 | INFO | 📊 Current database size: 0 companies
2025-12-25 23:04:24,663 | INFO | 📄 Found file: E:\\$RECYCLE.BIN\S-1-5-21-816750886-3876630686-1032715110-1002\$ILVDOWO.csv
2025-12-25 23:04:24,675 | INFO | ✅ Added patterns | File: $ILVDOWO.csv | Folder: E:\\$RECYCLE.BIN\S-1-5-21-816750886-3876630686-1032715110-1002
2025-12-25 23:04:24,678 | INFO | 📊 Current database size: 0 companies
2025-12-25 23:04:24,680 | INFO | 📄 Found file: E:\\$RECYCLE.BIN\S-1-5-21-816750886-3876630686-1032715110-1002\$IM88RKK.csv
2025-12-25 23:04:24,692 | INFO | ✅ Added patterns | File: $IM88RKK.csv | Folder: E:\\$RECYCLE.BIN\S-1-5-21-816750886-3876630686-1032715110-1002
2025-12-25 23:04:24,693 | INFO | 📊 Current database size: 0 companies
2025-12-25 23:04:24,695 | INFO | 📄 Found file: E:\\$RECYCLE.BIN\S-1-5-21-816750886-3876630686-1032715110-1002\$IMB76DS.csv
2025-12-25 23:04:24,707 | INFO | ✅ Added patterns | File: $IMB76DS.csv | Folder: E:\\$RECYCLE.BIN\S-1-5-21-816750886-3876630686-1032715110-1002
2025-12-25 23:04:24,709 | INFO | 📊 Current database size: 0 companies
2025-12-25 23:04:24,710 | INFO | 📄 Found file: E:\\$RECYCLE.BIN\S-1-5-21-816750886-3876630686-1032715110-1002\$IMPHI19.csv
2025-12-25 23:04:24,720 | INFO | ✅ Added patterns | File: $IMPHI19.csv | Folder: E:\\$RECYCLE.BIN\S-1-5-21-816750886-3876630686-1032715110-1002
2025-12-25 23:04:24,721 | INFO | 📊 Current database size: 0 companies
2025-12-25 23:04:24,723 | INFO | 📄 Found file: E:\\$RECYCLE.BIN\S-1-5-21-816750886-3876630686-1032715110-1002\$IO0GAB5.csv
2025-12-25 23:04:24,734 | INFO | ✅ Added patterns | File: $IO0GAB5.csv | Folder: E:\\$RECYCLE.BIN\S-1-5-21-816750886-3876630686-1032715110-1002
2025-12-25 23:04:24,735 | INFO | 📊 Current database size: 0 companies
2025-12-25 23:04:24,735 | INFO | 📄 Found file: E:\\$RECYCLE.BIN\S-1-5-21-816750886-3876630686-1032715110-1002\$IO9UFQ4.xlsx
2025-12-25 23:04:24,751 | INFO | ✅ Added patterns | File: $IO9UFQ4.xlsx | Folder: E:\\$RECYCLE.BIN\S-1-5-21-816750886-3876630686-1032715110-1002
2025-12-25 23:04:24,752 | INFO | 📊 Current database size: 0 companies
2025-12-25 23:04:24,753 | INFO | 📄 Found file: E:\\$RECYCLE.BIN\S-1-5-21-816750886-3876630686-1032715110-1002\$IP6G5JM.csv
2025-12-25 23:04:24,767 | INFO | ✅ Added patterns | File: $IP6G5JM.csv | Folder: E:\\$RECYCLE.BIN\S-1-5-21-816750886-3876630686-1032715110-1002
2025-12-25 23:04:24,768 | INFO | 📊 Current database size: 0 companies
2025-12-25 23:04:24,768 | INFO | 📄 Found file: E:\\$RECYCLE.BIN\S-1-5-21-816750886-3876630686-1032715110-1002\$IPEOGON.csv
2025-12-25 23:04:24,782 | INFO | ✅ Added patterns | File: $IPEOGON.csv | Folder: E:\\$RECYCLE.BIN\S-1-5-21-816750886-3876630686-1032715110-1002
2025-12-25 23:04:24,782 | INFO | 📊 Current database size: 0 companies
2025-12-25 23:04:24,783 | INFO | 📄 Found file: E:\\$RECYCLE.BIN\S-1-5-21-816750886-3876630686-1032715110-1002\$IPGT933.csv
2025-12-25 23:04:24,795 | INFO | ✅ Added patterns | File: $IPGT933.csv | Folder: E:\\$RECYCLE.BIN\S-1-5-21-816750886-3876630686-1032715110-1002
2025-12-25 23:04:24,796 | INFO | 📊 Current database size: 0 companies
2025-12-25 23:04:24,797 | INFO | 📄 Found file: E:\\$RECYCLE.BIN\S-1-5-21-816750886-3876630686-1032715110-1002\$IPHL3SB.csv
2025-12-25 23:04:24,809 | INFO | ✅ Added patterns | File: $IPHL3SB.csv | Folder: E:\\$RECYCLE.BIN\S-1-5-21-816750886-3876630686-1032715110-1002
2025-12-25 23:04:24,810 | INFO | 📊 Current database size: 0 companies
2025-12-25 23:04:24,811 | INFO | 📄 Found file: E:\\$RECYCLE.BIN\S-1-5-21-816750886-3876630686-1032715110-1002\$IQ2FI77.xlsx
2025-12-25 23:04:24,822 | INFO | ✅ Added patterns | File: $IQ2FI77.xlsx | Folder: E:\\$RECYCLE.BIN\S-1-5-21-816750886-3876630686-1032715110-1002
2025-12-25 23:04:24,823 | INFO | 📊 Current database size: 0 companies
2025-12-25 23:04:24,825 | INFO | 📄 Found file: E:\\$RECYCLE.BIN\S-1-5-21-816750886-3876630686-1032715110-1002\$IRFK2MB.csv
2025-12-25 23:04:24,837 | INFO | ✅ Added patterns | File: $IRFK2MB.csv | Folder: E:\\$RECYCLE.BIN\S-1-5-21-816750886-3876630686-1032715110-1002
2025-12-25 23:04:24,837 | INFO | 📊 Current database size: 0 companies
2025-12-25 23:04:24,838 | INFO | 📄 Found file: E:\\$RECYCLE.BIN\S-1-5-21-816750886-3876630686-1032715110-1002\$IRJVEXQ.xlsx
2025-12-25 23:04:24,853 | INFO | ✅ Added patterns | File: $IRJVEXQ.xlsx | Folder: E:\\$RECYCLE.BIN\S-1-5-21-816750886-3876630686-1032715110-1002
2025-12-25 23:04:24,854 | INFO | 📊 Current database size: 0 companies
2025-12-25 23:04:24,855 | INFO | 📄 Found file: E:\\$RECYCLE.BIN\S-1-5-21-816750886-3876630686-1032715110-1002\$IRNYM2Q.csv
2025-12-25 23:04:24,869 | INFO | ✅ Added patterns | File: $IRNYM2Q.csv | Folder: E:\\$RECYCLE.BIN\S-1-5-21-816750886-3876630686-1032715110-1002
2025-12-25 23:04:24,870 | INFO | 📊 Current database size: 0 companies
2025-12-25 23:04:24,871 | INFO | 📄 Found file: E:\\$RECYCLE.BIN\S-1-5-21-816750886-3876630686-1032715110-1002\$IRQRFMV.csv
2025-12-25 23:04:24,888 | INFO | ✅ Added patterns | File: $IRQRFMV.csv | Folder: E:\\$RECYCLE.BIN\S-1-5-21-816750886-3876630686-1032715110-1002
2025-12-25 23:04:24,889 | INFO | 📊 Current database size: 0 companies
2025-12-25 23:04:24,891 | INFO | 📄 Found file: E:\\$RECYCLE.BIN\S-1-5-21-816750886-3876630686-1032715110-1002\$ISGZNO1.csv
2025-12-25 23:04:24,901 | INFO | ✅ Added patterns | File: $ISGZNO1.csv | Folder: E:\\$RECYCLE.BIN\S-1-5-21-816750886-3876630686-1032715110-1002
2025-12-25 23:04:24,902 | INFO | 📊 Current database size: 0 companies
2025-12-25 23:04:24,903 | INFO | 📄 Found file: E:\\$RECYCLE.BIN\S-1-5-21-816750886-3876630686-1032715110-1002\$ISNF0ED.csv
2025-12-25 23:04:24,914 | INFO | ✅ Added patterns | File: $ISNF0ED.csv | Folder: E:\\$RECYCLE.BIN\S-1-5-21-816750886-3876630686-1032715110-1002
2025-12-25 23:04:24,915 | INFO | 📊 Current database size: 0 companies
2025-12-25 23:04:24,915 | INFO | 📄 Found file: E:\\$RECYCLE.BIN\S-1-5-21-816750886-3876630686-1032715110-1002\$IUA7JK8.xlsx
2025-12-25 23:04:24,927 | INFO | ✅ Added patterns | File: $IUA7JK8.xlsx | Folder: E:\\$RECYCLE.BIN\S-1-5-21-816750886-3876630686-1032715110-1002
2025-12-25 23:04:24,929 | INFO | 📊 Current database size: 0 companies
2025-12-25 23:04:24,930 | INFO | 📄 Found file: E:\\$RECYCLE.BIN\S-1-5-21-816750886-3876630686-1032715110-1002\$IUW8PCC.csv
2025-12-25 23:04:24,940 | INFO | ✅ Added patterns | File: $IUW8PCC.csv | Folder: E:\\$RECYCLE.BIN\S-1-5-21-816750886-3876630686-1032715110-1002
2025-12-25 23:04:24,944 | INFO | 📊 Current database size: 0 companies
2025-12-25 23:04:24,946 | INFO | 📄 Found file: E:\\$RECYCLE.BIN\S-1-5-21-816750886-3876630686-1032715110-1002\$IVY0CQ3.csv
2025-12-25 23:04:24,960 | INFO | ✅ Added patterns | File: $IVY0CQ3.csv | Folder: E:\\$RECYCLE.BIN\S-1-5-21-816750886-3876630686-1032715110-1002
2025-12-25 23:04:24,961 | INFO | 📊 Current database size: 0 companies
2025-12-25 23:04:24,962 | INFO | 📄 Found file: E:\\$RECYCLE.BIN\S-1-5-21-816750886-3876630686-1032715110-1002\$IWL7LSX.xlsx
2025-12-25 23:04:24,972 | INFO | ✅ Added patterns | File: $IWL7LSX.xlsx | Folder: E:\\$RECYCLE.BIN\S-1-5-21-816750886-3876630686-1032715110-1002
2025-12-25 23:04:24,973 | INFO | 📊 Current database size: 0 companies
2025-12-25 23:04:24,975 | INFO | 📄 Found file: E:\\$RECYCLE.BIN\S-1-5-21-816750886-3876630686-1032715110-1002\$IWRZ727.csv
2025-12-25 23:04:24,987 | INFO | ✅ Added patterns | File: $IWRZ727.csv | Folder: E:\\$RECYCLE.BIN\S-1-5-21-816750886-3876630686-1032715110-1002
2025-12-25 23:04:24,987 | INFO | 📊 Current database size: 0 companies
2025-12-25 23:04:24,990 | INFO | 📄 Found file: E:\\$RECYCLE.BIN\S-1-5-21-816750886-3876630686-1032715110-1002\$IX7Z8LU.csv
2025-12-25 23:04:25,047 | INFO | ✅ Added patterns | File: $IX7Z8LU.csv | Folder: E:\\$RECYCLE.BIN\S-1-5-21-816750886-3876630686-1032715110-1002
2025-12-25 23:04:25,048 | INFO | 📊 Current database size: 0 companies
2025-12-25 23:04:25,049 | INFO | 📄 Found file: E:\\$RECYCLE.BIN\S-1-5-21-816750886-3876630686-1032715110-1002\$IXBF54D.csv
2025-12-25 23:04:25,059 | INFO | ✅ Added patterns | File: $IXBF54D.csv | Folder: E:\\$RECYCLE.BIN\S-1-5-21-816750886-3876630686-1032715110-1002
2025-12-25 23:04:25,060 | INFO | 📊 Current database size: 0 companies
2025-12-25 23:04:25,063 | INFO | 📄 Found file: E:\\$RECYCLE.BIN\S-1-5-21-816750886-3876630686-1032715110-1002\$IXIVE98.csv
2025-12-25 23:04:25,072 | INFO | ✅ Added patterns | File: $IXIVE98.csv | Folder: E:\\$RECYCLE.BIN\S-1-5-21-816750886-3876630686-1032715110-1002
2025-12-25 23:04:25,072 | INFO | 📊 Current database size: 0 companies
2025-12-25 23:04:25,074 | INFO | 📄 Found file: E:\\$RECYCLE.BIN\S-1-5-21-816750886-3876630686-1032715110-1002\$IXZ1DQT.csv
2025-12-25 23:04:25,091 | INFO | ✅ Added patterns | File: $IXZ1DQT.csv | Folder: E:\\$RECYCLE.BIN\S-1-5-21-816750886-3876630686-1032715110-1002
2025-12-25 23:04:25,092 | INFO | 📊 Current database size: 0 companies
2025-12-25 23:04:25,093 | INFO | 📄 Found file: E:\\$RECYCLE.BIN\S-1-5-21-816750886-3876630686-1032715110-1002\$IYGZ6FB.xlsx
2025-12-25 23:04:25,103 | INFO | ✅ Added patterns | File: $IYGZ6FB.xlsx | Folder: E:\\$RECYCLE.BIN\S-1-5-21-816750886-3876630686-1032715110-1002
2025-12-25 23:04:25,105 | INFO | 📊 Current database size: 0 companies
2025-12-25 23:04:25,106 | INFO | 📄 Found file: E:\\$RECYCLE.BIN\S-1-5-21-816750886-3876630686-1032715110-1002\$IZ4P3GU.csv
2025-12-25 23:04:25,117 | INFO | ✅ Added patterns | File: $IZ4P3GU.csv | Folder: E:\\$RECYCLE.BIN\S-1-5-21-816750886-3876630686-1032715110-1002
2025-12-25 23:04:25,117 | INFO | 📊 Current database size: 0 companies
2025-12-25 23:04:25,119 | INFO | 📄 Found file: E:\\$RECYCLE.BIN\S-1-5-21-816750886-3876630686-1032715110-1002\$IZEH0AY.csv
2025-12-25 23:04:25,132 | INFO | ✅ Added patterns | File: $IZEH0AY.csv | Folder: E:\\$RECYCLE.BIN\S-1-5-21-816750886-3876630686-1032715110-1002
2025-12-25 23:04:25,132 | INFO | 📊 Current database size: 0 companies
2025-12-25 23:04:25,134 | INFO | 📄 Found file: E:\\$RECYCLE.BIN\S-1-5-21-816750886-3876630686-1032715110-1002\$IZZN3AC.csv
2025-12-25 23:04:25,146 | INFO | ✅ Added patterns | File: $IZZN3AC.csv | Folder: E:\\$RECYCLE.BIN\S-1-5-21-816750886-3876630686-1032715110-1002
2025-12-25 23:04:25,146 | INFO | 📊 Current database size: 0 companies
2025-12-25 23:04:25,147 | INFO | 📄 Found file: E:\\$RECYCLE.BIN\S-1-5-21-816750886-3876630686-1032715110-1002\$R00VCYL.csv
2025-12-25 23:04:25,620 | INFO | ✅ Added patterns | File: $R00VCYL.csv | Folder: E:\\$RECYCLE.BIN\S-1-5-21-816750886-3876630686-1032715110-1002
2025-12-25 23:04:25,622 | INFO | 📊 Current database size: 0 companies
2025-12-25 23:04:25,622 | INFO | 📄 Found file: E:\\$RECYCLE.BIN\S-1-5-21-816750886-3876630686-1032715110-1002\$R0434UO.csv
2025-12-25 23:04:25,637 | INFO | ✅ Added patterns | File: $R0434UO.csv | Folder: E:\\$RECYCLE.BIN\S-1-5-21-816750886-3876630686-1032715110-1002
2025-12-25 23:04:25,638 | INFO | 📊 Current database size: 0 companies
2025-12-25 23:04:25,639 | INFO | 📄 Found file: E:\\$RECYCLE.BIN\S-1-5-21-816750886-3876630686-1032715110-1002\$R07WU6E.xlsx
2025-12-25 23:04:37,853 | INFO | ✅ Added patterns | File: $R07WU6E.xlsx | Folder: E:\\$RECYCLE.BIN\S-1-5-21-816750886-3876630686-1032715110-1002
2025-12-25 23:04:37,854 | INFO | 📊 Current database size: 16808 companies
2025-12-25 23:04:37,854 | INFO | 📄 Found file: E:\\$RECYCLE.BIN\S-1-5-21-816750886-3876630686-1032715110-1002\$R0AFXXN.csv
2025-12-25 23:04:39,230 | INFO | ✅ Added patterns | File: $R0AFXXN.csv | Folder: E:\\$RECYCLE.BIN\S-1-5-21-816750886-3876630686-1032715110-1002
2025-12-25 23:04:39,230 | INFO | 📊 Current database size: 26531 companies
2025-12-25 23:04:39,231 | INFO | 📄 Found file: E:\\$RECYCLE.BIN\S-1-5-21-816750886-3876630686-1032715110-1002\$R0AL7L3.xlsx
2025-12-25 23:05:03,260 | INFO | ✅ Added patterns | File: $R0AL7L3.xlsx | Folder: E:\\$RECYCLE.BIN\S-1-5-21-816750886-3876630686-1032715110-1002
2025-12-25 23:05:03,261 | INFO | 📊 Current database size: 26531 companies
2025-12-25 23:05:03,262 | INFO | 📄 Found file: E:\\$RECYCLE.BIN\S-1-5-21-816750886-3876630686-1032715110-1002\$R0GKFG1.csv
2025-12-25 23:05:05,157 | INFO | ✅ Added patterns | File: $R0GKFG1.csv | Folder: E:\\$RECYCLE.BIN\S-1-5-21-816750886-3876630686-1032715110-1002
2025-12-25 23:05:05,158 | INFO | 📊 Current database size: 26531 companies
2025-12-25 23:05:05,158 | INFO | 📄 Found file: E:\\$RECYCLE.BIN\S-1-5-21-816750886-3876630686-1032715110-1002\$R0R9G7N.csv
2025-12-25 23:05:05,175 | INFO | ✅ Added patterns | File: $R0R9G7N.csv | Folder: E:\\$RECYCLE.BIN\S-1-5-21-816750886-3876630686-1032715110-1002
2025-12-25 23:05:05,176 | INFO | 📊 Current database size: 26531 companies
2025-12-25 23:05:05,177 | INFO | 📄 Found file: E:\\$RECYCLE.BIN\S-1-5-21-816750886-3876630686-1032715110-1002\$R0SRDPZ.csv
2025-12-25 23:05:05,411 | INFO | ✅ Added patterns | File: $R0SRDPZ.csv | Folder: E:\\$RECYCLE.BIN\S-1-5-21-816750886-3876630686-1032715110-1002
2025-12-25 23:05:05,411 | INFO | 📊 Current database size: 26531 companies
2025-12-25 23:05:05,412 | INFO | 📄 Found file: E:\\$RECYCLE.BIN\S-1-5-21-816750886-3876630686-1032715110-1002\$R16WTE4.csv
2025-12-25 23:05:05,879 | INFO | ✅ Added patterns | File: $R16WTE4.csv | Folder: E:\\$RECYCLE.BIN\S-1-5-21-816750886-3876630686-1032715110-1002
2025-12-25 23:05:05,880 | INFO | 📊 Current database size: 26531 companies
2025-12-25 23:05:05,882 | INFO | 📄 Found file: E:\\$RECYCLE.BIN\S-1-5-21-816750886-3876630686-1032715110-1002\$R1IW4MD.csv
2025-12-25 23:05:06,107 | INFO | ✅ Added patterns | File: $R1IW4MD.csv | Folder: E:\\$RECYCLE.BIN\S-1-5-21-816750886-3876630686-1032715110-1002
2025-12-25 23:05:06,109 | INFO | 📊 Current database size: 26531 companies
2025-12-25 23:05:06,110 | INFO | 📄 Found file: E:\\$RECYCLE.BIN\S-1-5-21-816750886-3876630686-1032715110-1002\$R1QSHPQ.csv
2025-12-25 23:05:06,174 | INFO | ✅ Added patterns | File: $R1QSHPQ.csv | Folder: E:\\$RECYCLE.BIN\S-1-5-21-816750886-3876630686-1032715110-1002
2025-12-25 23:05:06,174 | INFO | 📊 Current database size: 26531 companies
2025-12-25 23:05:06,176 | INFO | 📄 Found file: E:\\$RECYCLE.BIN\S-1-5-21-816750886-3876630686-1032715110-1002\$R2QARSA.csv
2025-12-25 23:05:06,665 | INFO | ✅ Added patterns | File: $R2QARSA.csv | Folder: E:\\$RECYCLE.BIN\S-1-5-21-816750886-3876630686-1032715110-1002
2025-12-25 23:05:06,665 | INFO | 📊 Current database size: 26531 companies
2025-12-25 23:05:06,667 | INFO | 📄 Found file: E:\\$RECYCLE.BIN\S-1-5-21-816750886-3876630686-1032715110-1002\$R3UHN4E.xlsx
2025-12-25 23:06:40,256 | INFO | ✅ Added patterns | File: $R3UHN4E.xlsx | Folder: E:\\$RECYCLE.BIN\S-1-5-21-816750886-3876630686-1032715110-1002
2025-12-25 23:06:40,257 | INFO | 📊 Current database size: 103899 companies
2025-12-25 23:06:40,258 | INFO | 📄 Found file: E:\\$RECYCLE.BIN\S-1-5-21-816750886-3876630686-1032715110-1002\$R4707D5.csv
2025-12-25 23:06:40,334 | INFO | ✅ Added patterns | File: $R4707D5.csv | Folder: E:\\$RECYCLE.BIN\S-1-5-21-816750886-3876630686-1032715110-1002
2025-12-25 23:06:40,335 | INFO | 📊 Current database size: 103899 companies
2025-12-25 23:06:40,336 | INFO | 📄 Found file: E:\\$RECYCLE.BIN\S-1-5-21-816750886-3876630686-1032715110-1002\$R4A68A6.csv
2025-12-25 23:06:40,383 | INFO | ✅ Added patterns | File: $R4A68A6.csv | Folder: E:\\$RECYCLE.BIN\S-1-5-21-816750886-3876630686-1032715110-1002
2025-12-25 23:06:40,385 | INFO | 📊 Current database size: 103899 companies
2025-12-25 23:06:40,386 | INFO | 📄 Found file: E:\\$RECYCLE.BIN\S-1-5-21-816750886-3876630686-1032715110-1002\$R4GO4HW.csv
2025-12-25 23:06:40,476 | INFO | ✅ Added patterns | File: $R4GO4HW.csv | Folder: E:\\$RECYCLE.BIN\S-1-5-21-816750886-3876630686-1032715110-1002
2025-12-25 23:06:40,476 | INFO | 📊 Current database size: 103899 companies
2025-12-25 23:06:40,477 | INFO | 📄 Found file: E:\\$RECYCLE.BIN\S-1-5-21-816750886-3876630686-1032715110-1002\$R4JT8KL.xlsx
2025-12-25 23:06:57,992 | INFO | ✅ Added patterns | File: $R4JT8KL.xlsx | Folder: E:\\$RECYCLE.BIN\S-1-5-21-816750886-3876630686-1032715110-1002
2025-12-25 23:06:57,993 | INFO | 📊 Current database size: 116981 companies
2025-12-25 23:06:57,994 | INFO | 📄 Found file: E:\\$RECYCLE.BIN\S-1-5-21-816750886-3876630686-1032715110-1002\$R4MTUSG.csv
2025-12-25 23:06:58,054 | INFO | ✅ Added patterns | File: $R4MTUSG.csv | Folder: E:\\$RECYCLE.BIN\S-1-5-21-816750886-3876630686-1032715110-1002
2025-12-25 23:06:58,054 | INFO | 📊 Current database size: 116981 companies
2025-12-25 23:06:58,056 | INFO | 📄 Found file: E:\\$RECYCLE.BIN\S-1-5-21-816750886-3876630686-1032715110-1002\$R4P809T.xlsx
2025-12-25 23:07:33,814 | INFO | ✅ Added patterns | File: $R4P809T.xlsx | Folder: E:\\$RECYCLE.BIN\S-1-5-21-816750886-3876630686-1032715110-1002
2025-12-25 23:07:33,814 | INFO | 📊 Current database size: 116981 companies
2025-12-25 23:07:33,816 | INFO | 📄 Found file: E:\\$RECYCLE.BIN\S-1-5-21-816750886-3876630686-1032715110-1002\$R4VX8NZ.csv
2025-12-25 23:07:34,246 | INFO | ✅ Added patterns | File: $R4VX8NZ.csv | Folder: E:\\$RECYCLE.BIN\S-1-5-21-816750886-3876630686-1032715110-1002
2025-12-25 23:07:34,247 | INFO | 📊 Current database size: 116981 companies
2025-12-25 23:07:34,248 | INFO | 📄 Found file: E:\\$RECYCLE.BIN\S-1-5-21-816750886-3876630686-1032715110-1002\$R6CMMZS.xlsx
2025-12-25 23:08:10,073 | INFO | ✅ Added patterns | File: $R6CMMZS.xlsx | Folder: E:\\$RECYCLE.BIN\S-1-5-21-816750886-3876630686-1032715110-1002
2025-12-25 23:08:10,075 | INFO | 📊 Current database size: 129310 companies
2025-12-25 23:08:10,075 | INFO | 📄 Found file: E:\\$RECYCLE.BIN\S-1-5-21-816750886-3876630686-1032715110-1002\$R6R046O.csv
2025-12-25 23:08:10,167 | INFO | ✅ Added patterns | File: $R6R046O.csv | Folder: E:\\$RECYCLE.BIN\S-1-5-21-816750886-3876630686-1032715110-1002
2025-12-25 23:08:10,168 | INFO | 📊 Current database size: 129310 companies
2025-12-25 23:08:10,168 | INFO | 📄 Found file: E:\\$RECYCLE.BIN\S-1-5-21-816750886-3876630686-1032715110-1002\$R703CII.csv
2025-12-25 23:08:16,378 | INFO | ✅ Added patterns | File: $R703CII.csv | Folder: E:\\$RECYCLE.BIN\S-1-5-21-816750886-3876630686-1032715110-1002
2025-12-25 23:08:16,378 | INFO | 📊 Current database size: 131970 companies
2025-12-25 23:08:16,379 | INFO | 📄 Found file: E:\\$RECYCLE.BIN\S-1-5-21-816750886-3876630686-1032715110-1002\$R7MXI7H.csv
2025-12-25 23:08:16,710 | INFO | ✅ Added patterns | File: $R7MXI7H.csv | Folder: E:\\$RECYCLE.BIN\S-1-5-21-816750886-3876630686-1032715110-1002
2025-12-25 23:08:16,710 | INFO | 📊 Current database size: 131970 companies
2025-12-25 23:08:16,711 | INFO | 📄 Found file: E:\\$RECYCLE.BIN\S-1-5-21-816750886-3876630686-1032715110-1002\$R81I47I.xlsx
2025-12-25 23:09:55,023 | INFO | ✅ Added patterns | File: $R81I47I.xlsx | Folder: E:\\$RECYCLE.BIN\S-1-5-21-816750886-3876630686-1032715110-1002
2025-12-25 23:09:55,024 | INFO | 📊 Current database size: 131970 companies
2025-12-25 23:09:55,025 | INFO | 📄 Found file: E:\\$RECYCLE.BIN\S-1-5-21-816750886-3876630686-1032715110-1002\$R9N2S1Y.csv
2025-12-25 23:09:55,192 | INFO | ✅ Added patterns | File: $R9N2S1Y.csv | Folder: E:\\$RECYCLE.BIN\S-1-5-21-816750886-3876630686-1032715110-1002
2025-12-25 23:09:55,193 | INFO | 📊 Current database size: 131970 companies
2025-12-25 23:09:55,193 | INFO | 📄 Found file: E:\\$RECYCLE.BIN\S-1-5-21-816750886-3876630686-1032715110-1002\$R9QM7A2.csv
2025-12-25 23:09:55,330 | INFO | ✅ Added patterns | File: $R9QM7A2.csv | Folder: E:\\$RECYCLE.BIN\S-1-5-21-816750886-3876630686-1032715110-1002
2025-12-25 23:09:55,331 | INFO | 📊 Current database size: 131970 companies
2025-12-25 23:09:55,331 | INFO | 📄 Found file: E:\\$RECYCLE.BIN\S-1-5-21-816750886-3876630686-1032715110-1002\$RA28IRO.xlsx
2025-12-25 23:10:21,686 | INFO | ✅ Added patterns | File: $RA28IRO.xlsx | Folder: E:\\$RECYCLE.BIN\S-1-5-21-816750886-3876630686-1032715110-1002
2025-12-25 23:10:21,688 | INFO | 📊 Current database size: 131970 companies
2025-12-25 23:10:21,688 | INFO | 📄 Found file: E:\\$RECYCLE.BIN\S-1-5-21-816750886-3876630686-1032715110-1002\$RAM1QDB.csv
2025-12-25 23:10:22,474 | INFO | ✅ Added patterns | File: $RAM1QDB.csv | Folder: E:\\$RECYCLE.BIN\S-1-5-21-816750886-3876630686-1032715110-1002
2025-12-25 23:10:22,475 | INFO | 📊 Current database size: 131970 companies
2025-12-25 23:10:22,475 | INFO | 📄 Found file: E:\\$RECYCLE.BIN\S-1-5-21-816750886-3876630686-1032715110-1002\$RAU8K1B.csv
2025-12-25 23:10:23,756 | INFO | ✅ Added patterns | File: $RAU8K1B.csv | Folder: E:\\$RECYCLE.BIN\S-1-5-21-816750886-3876630686-1032715110-1002
2025-12-25 23:10:23,756 | INFO | 📊 Current database size: 133063 companies
2025-12-25 23:10:23,758 | INFO | 📄 Found file: E:\\$RECYCLE.BIN\S-1-5-21-816750886-3876630686-1032715110-1002\$RBBAJ60.csv
2025-12-25 23:10:23,861 | INFO | ✅ Added patterns | File: $RBBAJ60.csv | Folder: E:\\$RECYCLE.BIN\S-1-5-21-816750886-3876630686-1032715110-1002
2025-12-25 23:10:23,862 | INFO | 📊 Current database size: 133063 companies
2025-12-25 23:10:23,863 | INFO | 📄 Found file: E:\\$RECYCLE.BIN\S-1-5-21-816750886-3876630686-1032715110-1002\$RBYY4U3.xlsx
2025-12-25 23:10:52,955 | INFO | ✅ Added patterns | File: $RBYY4U3.xlsx | Folder: E:\\$RECYCLE.BIN\S-1-5-21-816750886-3876630686-1032715110-1002
2025-12-25 23:10:52,955 | INFO | 📊 Current database size: 146165 companies
2025-12-25 23:10:52,957 | INFO | 📄 Found file: E:\\$RECYCLE.BIN\S-1-5-21-816750886-3876630686-1032715110-1002\$RC6RSAP.csv
2025-12-25 23:10:54,277 | INFO | ✅ Added patterns | File: $RC6RSAP.csv | Folder: E:\\$RECYCLE.BIN\S-1-5-21-816750886-3876630686-1032715110-1002
2025-12-25 23:10:54,278 | INFO | 📊 Current database size: 146165 companies
2025-12-25 23:10:54,278 | INFO | 📄 Found file: E:\\$RECYCLE.BIN\S-1-5-21-816750886-3876630686-1032715110-1002\$RCPSI0P.xlsx
2025-12-25 23:10:57,666 | INFO | ✅ Added patterns | File: $RCPSI0P.xlsx | Folder: E:\\$RECYCLE.BIN\S-1-5-21-816750886-3876630686-1032715110-1002
2025-12-25 23:10:57,666 | INFO | 📊 Current database size: 149703 companies
2025-12-25 23:10:57,667 | INFO | 📄 Found file: E:\\$RECYCLE.BIN\S-1-5-21-816750886-3876630686-1032715110-1002\$RCWGXDD.csv
2025-12-25 23:10:57,740 | INFO | ✅ Added patterns | File: $RCWGXDD.csv | Folder: E:\\$RECYCLE.BIN\S-1-5-21-816750886-3876630686-1032715110-1002
2025-12-25 23:10:57,741 | INFO | 📊 Current database size: 149703 companies
2025-12-25 23:10:57,742 | INFO | 📄 Found file: E:\\$RECYCLE.BIN\S-1-5-21-816750886-3876630686-1032715110-1002\$RD49EB2.csv
2025-12-25 23:10:59,290 | INFO | ✅ Added patterns | File: $RD49EB2.csv | Folder: E:\\$RECYCLE.BIN\S-1-5-21-816750886-3876630686-1032715110-1002
2025-12-25 23:10:59,292 | INFO | 📊 Current database size: 149703 companies
2025-12-25 23:10:59,293 | INFO | 📄 Found file: E:\\$RECYCLE.BIN\S-1-5-21-816750886-3876630686-1032715110-1002\$RD8HM64.csv
2025-12-25 23:11:02,686 | INFO | ✅ Added patterns | File: $RD8HM64.csv | Folder: E:\\$RECYCLE.BIN\S-1-5-21-816750886-3876630686-1032715110-1002
2025-12-25 23:11:02,688 | INFO | 📊 Current database size: 149703 companies
2025-12-25 23:11:02,689 | INFO | 📄 Found file: E:\\$RECYCLE.BIN\S-1-5-21-816750886-3876630686-1032715110-1002\$RDL6P6V.csv
2025-12-25 23:11:02,822 | INFO | ✅ Added patterns | File: $RDL6P6V.csv | Folder: E:\\$RECYCLE.BIN\S-1-5-21-816750886-3876630686-1032715110-1002
2025-12-25 23:11:02,823 | INFO | 📊 Current database size: 149703 companies
2025-12-25 23:11:02,823 | INFO | 📄 Found file: E:\\$RECYCLE.BIN\S-1-5-21-816750886-3876630686-1032715110-1002\$RDQQHH6.csv
2025-12-25 23:11:03,193 | INFO | ✅ Added patterns | File: $RDQQHH6.csv | Folder: E:\\$RECYCLE.BIN\S-1-5-21-816750886-3876630686-1032715110-1002
2025-12-25 23:11:03,194 | INFO | 📊 Current database size: 149703 companies
2025-12-25 23:11:03,195 | INFO | 📄 Found file: E:\\$RECYCLE.BIN\S-1-5-21-816750886-3876630686-1032715110-1002\$RDV1NIM.csv
2025-12-25 23:11:03,300 | INFO | ✅ Added patterns | File: $RDV1NIM.csv | Folder: E:\\$RECYCLE.BIN\S-1-5-21-816750886-3876630686-1032715110-1002
2025-12-25 23:11:03,302 | INFO | 📊 Current database size: 149703 companies
2025-12-25 23:11:03,302 | INFO | 📄 Found file: E:\\$RECYCLE.BIN\S-1-5-21-816750886-3876630686-1032715110-1002\$RDZ8P3T.csv
2025-12-25 23:11:04,080 | INFO | ✅ Added patterns | File: $RDZ8P3T.csv | Folder: E:\\$RECYCLE.BIN\S-1-5-21-816750886-3876630686-1032715110-1002
2025-12-25 23:11:04,082 | INFO | 📊 Current database size: 149703 companies
2025-12-25 23:11:04,082 | INFO | 📄 Found file: E:\\$RECYCLE.BIN\S-1-5-21-816750886-3876630686-1032715110-1002\$REJW8RP.csv
2025-12-25 23:11:04,288 | INFO | ✅ Added patterns | File: $REJW8RP.csv | Folder: E:\\$RECYCLE.BIN\S-1-5-21-816750886-3876630686-1032715110-1002
2025-12-25 23:11:04,290 | INFO | 📊 Current database size: 149703 companies
2025-12-25 23:11:04,290 | INFO | 📄 Found file: E:\\$RECYCLE.BIN\S-1-5-21-816750886-3876630686-1032715110-1002\$REL237G.csv
2025-12-25 23:11:04,366 | INFO | ✅ Added patterns | File: $REL237G.csv | Folder: E:\\$RECYCLE.BIN\S-1-5-21-816750886-3876630686-1032715110-1002
2025-12-25 23:11:04,366 | INFO | 📊 Current database size: 149703 companies
2025-12-25 23:11:04,366 | INFO | 📄 Found file: E:\\$RECYCLE.BIN\S-1-5-21-816750886-3876630686-1032715110-1002\$REU5HSQ.csv
2025-12-25 23:11:04,513 | INFO | ✅ Added patterns | File: $REU5HSQ.csv | Folder: E:\\$RECYCLE.BIN\S-1-5-21-816750886-3876630686-1032715110-1002
2025-12-25 23:11:04,513 | INFO | 📊 Current database size: 149703 companies
2025-12-25 23:11:04,514 | INFO | 📄 Found file: E:\\$RECYCLE.BIN\S-1-5-21-816750886-3876630686-1032715110-1002\$RF05GFV.csv
2025-12-25 23:11:27,264 | INFO | ✅ Added patterns | File: $RF05GFV.csv | Folder: E:\\$RECYCLE.BIN\S-1-5-21-816750886-3876630686-1032715110-1002
2025-12-25 23:11:27,264 | INFO | 📊 Current database size: 187568 companies
2025-12-25 23:11:27,266 | INFO | 📄 Found file: E:\\$RECYCLE.BIN\S-1-5-21-816750886-3876630686-1032715110-1002\$RF1GPY7.csv
2025-12-25 23:11:27,665 | INFO | ✅ Added patterns | File: $RF1GPY7.csv | Folder: E:\\$RECYCLE.BIN\S-1-5-21-816750886-3876630686-1032715110-1002
2025-12-25 23:11:27,666 | INFO | 📊 Current database size: 187568 companies
2025-12-25 23:11:27,667 | INFO | 📄 Found file: E:\\$RECYCLE.BIN\S-1-5-21-816750886-3876630686-1032715110-1002\$RFUITH6.csv
2025-12-25 23:11:27,806 | INFO | ✅ Added patterns | File: $RFUITH6.csv | Folder: E:\\$RECYCLE.BIN\S-1-5-21-816750886-3876630686-1032715110-1002
2025-12-25 23:11:27,807 | INFO | 📊 Current database size: 187568 companies
2025-12-25 23:11:27,808 | INFO | 📄 Found file: E:\\$RECYCLE.BIN\S-1-5-21-816750886-3876630686-1032715110-1002\$RFWVHDB.xlsx
2025-12-25 23:11:47,782 | INFO | ✅ Added patterns | File: $RFWVHDB.xlsx | Folder: E:\\$RECYCLE.BIN\S-1-5-21-816750886-3876630686-1032715110-1002
2025-12-25 23:11:47,782 | INFO | 📊 Current database size: 187568 companies
2025-12-25 23:11:47,783 | INFO | 📄 Found file: E:\\$RECYCLE.BIN\S-1-5-21-816750886-3876630686-1032715110-1002\$RGB5UOE.csv
2025-12-25 23:11:47,976 | INFO | ✅ Added patterns | File: $RGB5UOE.csv | Folder: E:\\$RECYCLE.BIN\S-1-5-21-816750886-3876630686-1032715110-1002
2025-12-25 23:11:47,978 | INFO | 📊 Current database size: 187568 companies
2025-12-25 23:11:47,979 | INFO | 📄 Found file: E:\\$RECYCLE.BIN\S-1-5-21-816750886-3876630686-1032715110-1002\$RGTWZYI.xlsx
2025-12-25 23:11:52,622 | INFO | ✅ Added patterns | File: $RGTWZYI.xlsx | Folder: E:\\$RECYCLE.BIN\S-1-5-21-816750886-3876630686-1032715110-1002
2025-12-25 23:11:52,624 | INFO | 📊 Current database size: 188394 companies
2025-12-25 23:11:52,625 | INFO | 📄 Found file: E:\\$RECYCLE.BIN\S-1-5-21-816750886-3876630686-1032715110-1002\$RHAAULL.csv
2025-12-25 23:11:53,653 | INFO | ✅ Added patterns | File: $RHAAULL.csv | Folder: E:\\$RECYCLE.BIN\S-1-5-21-816750886-3876630686-1032715110-1002
2025-12-25 23:11:53,654 | INFO | 📊 Current database size: 188394 companies
2025-12-25 23:11:53,655 | INFO | 📄 Found file: E:\\$RECYCLE.BIN\S-1-5-21-816750886-3876630686-1032715110-1002\$RHP4AYS.csv
2025-12-25 23:11:53,766 | INFO | ✅ Added patterns | File: $RHP4AYS.csv | Folder: E:\\$RECYCLE.BIN\S-1-5-21-816750886-3876630686-1032715110-1002
2025-12-25 23:11:53,767 | INFO | 📊 Current database size: 188394 companies
2025-12-25 23:11:53,767 | INFO | 📄 Found file: E:\\$RECYCLE.BIN\S-1-5-21-816750886-3876630686-1032715110-1002\$RHSAPGM.csv
2025-12-25 23:11:54,174 | INFO | ✅ Added patterns | File: $RHSAPGM.csv | Folder: E:\\$RECYCLE.BIN\S-1-5-21-816750886-3876630686-1032715110-1002
2025-12-25 23:11:54,175 | INFO | 📊 Current database size: 188394 companies
2025-12-25 23:11:54,176 | INFO | 📄 Found file: E:\\$RECYCLE.BIN\S-1-5-21-816750886-3876630686-1032715110-1002\$RI352VA.csv
2025-12-25 23:11:54,320 | INFO | ✅ Added patterns | File: $RI352VA.csv | Folder: E:\\$RECYCLE.BIN\S-1-5-21-816750886-3876630686-1032715110-1002
2025-12-25 23:11:54,321 | INFO | 📊 Current database size: 188394 companies
2025-12-25 23:11:54,322 | INFO | 📄 Found file: E:\\$RECYCLE.BIN\S-1-5-21-816750886-3876630686-1032715110-1002\$RI71OB9.csv
2025-12-25 23:11:54,700 | INFO | ✅ Added patterns | File: $RI71OB9.csv | Folder: E:\\$RECYCLE.BIN\S-1-5-21-816750886-3876630686-1032715110-1002
2025-12-25 23:11:54,702 | INFO | 📊 Current database size: 188394 companies
2025-12-25 23:11:54,703 | INFO | 📄 Found file: E:\\$RECYCLE.BIN\S-1-5-21-816750886-3876630686-1032715110-1002\$RIP2WDF.xlsx
2025-12-25 23:11:54,854 | INFO | ✅ Added patterns | File: $RIP2WDF.xlsx | Folder: E:\\$RECYCLE.BIN\S-1-5-21-816750886-3876630686-1032715110-1002
2025-12-25 23:11:54,855 | INFO | 📊 Current database size: 188394 companies
2025-12-25 23:11:54,855 | INFO | 📄 Found file: E:\\$RECYCLE.BIN\S-1-5-21-816750886-3876630686-1032715110-1002\$RJFJQLU.csv
2025-12-25 23:11:55,399 | INFO | ✅ Added patterns | File: $RJFJQLU.csv | Folder: E:\\$RECYCLE.BIN\S-1-5-21-816750886-3876630686-1032715110-1002
2025-12-25 23:11:55,400 | INFO | 📊 Current database size: 188394 companies
2025-12-25 23:11:55,400 | INFO | 📄 Found file: E:\\$RECYCLE.BIN\S-1-5-21-816750886-3876630686-1032715110-1002\$RJIJJ70.csv
2025-12-25 23:11:55,521 | INFO | ✅ Added patterns | File: $RJIJJ70.csv | Folder: E:\\$RECYCLE.BIN\S-1-5-21-816750886-3876630686-1032715110-1002
2025-12-25 23:11:55,522 | INFO | 📊 Current database size: 188394 companies
2025-12-25 23:11:55,522 | INFO | 📄 Found file: E:\\$RECYCLE.BIN\S-1-5-21-816750886-3876630686-1032715110-1002\$RK5HPVW.xlsx
2025-12-25 23:12:50,916 | INFO | ✅ Added patterns | File: $RK5HPVW.xlsx | Folder: E:\\$RECYCLE.BIN\S-1-5-21-816750886-3876630686-1032715110-1002
2025-12-25 23:12:50,918 | INFO | 📊 Current database size: 188394 companies
2025-12-25 23:12:50,918 | INFO | 📄 Found file: E:\\$RECYCLE.BIN\S-1-5-21-816750886-3876630686-1032715110-1002\$RKEEW7V.csv
2025-12-25 23:12:51,279 | INFO | ✅ Added patterns | File: $RKEEW7V.csv | Folder: E:\\$RECYCLE.BIN\S-1-5-21-816750886-3876630686-1032715110-1002
2025-12-25 23:12:51,279 | INFO | 📊 Current database size: 188394 companies
2025-12-25 23:12:51,279 | INFO | 📄 Found file: E:\\$RECYCLE.BIN\S-1-5-21-816750886-3876630686-1032715110-1002\$RKP004K.csv
2025-12-25 23:12:51,793 | INFO | ✅ Added patterns | File: $RKP004K.csv | Folder: E:\\$RECYCLE.BIN\S-1-5-21-816750886-3876630686-1032715110-1002
2025-12-25 23:12:51,794 | INFO | 📊 Current database size: 188394 companies
2025-12-25 23:12:51,794 | INFO | 📄 Found file: E:\\$RECYCLE.BIN\S-1-5-21-816750886-3876630686-1032715110-1002\$RL64R17.xlsx
2025-12-25 23:12:56,441 | INFO | ✅ Added patterns | File: $RL64R17.xlsx | Folder: E:\\$RECYCLE.BIN\S-1-5-21-816750886-3876630686-1032715110-1002
2025-12-25 23:12:56,442 | INFO | 📊 Current database size: 188394 companies
2025-12-25 23:12:56,443 | INFO | 📄 Found file: E:\\$RECYCLE.BIN\S-1-5-21-816750886-3876630686-1032715110-1002\$RLIDUXL.csv
2025-12-25 23:12:56,601 | INFO | ✅ Added patterns | File: $RLIDUXL.csv | Folder: E:\\$RECYCLE.BIN\S-1-5-21-816750886-3876630686-1032715110-1002
2025-12-25 23:12:56,604 | INFO | 📊 Current database size: 188394 companies
2025-12-25 23:12:56,606 | INFO | 📄 Found file: E:\\$RECYCLE.BIN\S-1-5-21-816750886-3876630686-1032715110-1002\$RLVDOWO.csv
2025-12-25 23:12:56,759 | INFO | ✅ Added patterns | File: $RLVDOWO.csv | Folder: E:\\$RECYCLE.BIN\S-1-5-21-816750886-3876630686-1032715110-1002
2025-12-25 23:12:56,761 | INFO | 📊 Current database size: 188394 companies
2025-12-25 23:12:56,762 | INFO | 📄 Found file: E:\\$RECYCLE.BIN\S-1-5-21-816750886-3876630686-1032715110-1002\$RM88RKK.csv
2025-12-25 23:12:58,404 | INFO | ✅ Added patterns | File: $RM88RKK.csv | Folder: E:\\$RECYCLE.BIN\S-1-5-21-816750886-3876630686-1032715110-1002
2025-12-25 23:12:58,405 | INFO | 📊 Current database size: 188394 companies
2025-12-25 23:12:58,406 | INFO | 📄 Found file: E:\\$RECYCLE.BIN\S-1-5-21-816750886-3876630686-1032715110-1002\$RMB76DS.csv
2025-12-25 23:12:58,778 | INFO | ✅ Added patterns | File: $RMB76DS.csv | Folder: E:\\$RECYCLE.BIN\S-1-5-21-816750886-3876630686-1032715110-1002
2025-12-25 23:12:58,779 | INFO | 📊 Current database size: 188394 companies
2025-12-25 23:12:58,779 | INFO | 📄 Found file: E:\\$RECYCLE.BIN\S-1-5-21-816750886-3876630686-1032715110-1002\$RMPHI19.csv
2025-12-25 23:13:19,131 | INFO | ✅ Added patterns | File: $RMPHI19.csv | Folder: E:\\$RECYCLE.BIN\S-1-5-21-816750886-3876630686-1032715110-1002
2025-12-25 23:13:19,132 | INFO | 📊 Current database size: 221052 companies
2025-12-25 23:13:19,132 | INFO | 📄 Found file: E:\\$RECYCLE.BIN\S-1-5-21-816750886-3876630686-1032715110-1002\$RO0GAB5.csv
2025-12-25 23:13:19,923 | INFO | ✅ Added patterns | File: $RO0GAB5.csv | Folder: E:\\$RECYCLE.BIN\S-1-5-21-816750886-3876630686-1032715110-1002
2025-12-25 23:13:19,924 | INFO | 📊 Current database size: 221052 companies
2025-12-25 23:13:19,924 | INFO | 📄 Found file: E:\\$RECYCLE.BIN\S-1-5-21-816750886-3876630686-1032715110-1002\$RO9UFQ4.xlsx
2025-12-25 23:14:11,858 | INFO | ✅ Added patterns | File: $RO9UFQ4.xlsx | Folder: E:\\$RECYCLE.BIN\S-1-5-21-816750886-3876630686-1032715110-1002
2025-12-25 23:14:11,858 | INFO | 📊 Current database size: 221052 companies
2025-12-25 23:14:11,860 | INFO | 📄 Found file: E:\\$RECYCLE.BIN\S-1-5-21-816750886-3876630686-1032715110-1002\$RP6G5JM.csv
2025-12-25 23:14:12,009 | INFO | ✅ Added patterns | File: $RP6G5JM.csv | Folder: E:\\$RECYCLE.BIN\S-1-5-21-816750886-3876630686-1032715110-1002
2025-12-25 23:14:12,010 | INFO | 📊 Current database size: 221052 companies
2025-12-25 23:14:12,010 | INFO | 📄 Found file: E:\\$RECYCLE.BIN\S-1-5-21-816750886-3876630686-1032715110-1002\$RPEOGON.csv
2025-12-25 23:14:12,123 | INFO | ✅ Added patterns | File: $RPEOGON.csv | Folder: E:\\$RECYCLE.BIN\S-1-5-21-816750886-3876630686-1032715110-1002
2025-12-25 23:14:12,124 | INFO | 📊 Current database size: 221052 companies
2025-12-25 23:14:12,124 | INFO | 📄 Found file: E:\\$RECYCLE.BIN\S-1-5-21-816750886-3876630686-1032715110-1002\$RPGT933.csv
2025-12-25 23:14:12,237 | INFO | ✅ Added patterns | File: $RPGT933.csv | Folder: E:\\$RECYCLE.BIN\S-1-5-21-816750886-3876630686-1032715110-1002
2025-12-25 23:14:12,238 | INFO | 📊 Current database size: 221052 companies
2025-12-25 23:14:12,238 | INFO | 📄 Found file: E:\\$RECYCLE.BIN\S-1-5-21-816750886-3876630686-1032715110-1002\$RPHL3SB.csv
2025-12-25 23:14:12,825 | INFO | ✅ Added patterns | File: $RPHL3SB.csv | Folder: E:\\$RECYCLE.BIN\S-1-5-21-816750886-3876630686-1032715110-1002
2025-12-25 23:14:12,825 | INFO | 📊 Current database size: 221052 companies
2025-12-25 23:14:12,826 | INFO | 📄 Found file: E:\\$RECYCLE.BIN\S-1-5-21-816750886-3876630686-1032715110-1002\$RQ2FI77.xlsx
2025-12-25 23:14:16,456 | INFO | ✅ Added patterns | File: $RQ2FI77.xlsx | Folder: E:\\$RECYCLE.BIN\S-1-5-21-816750886-3876630686-1032715110-1002
2025-12-25 23:14:16,456 | INFO | 📊 Current database size: 221052 companies
2025-12-25 23:14:16,457 | INFO | 📄 Found file: E:\\$RECYCLE.BIN\S-1-5-21-816750886-3876630686-1032715110-1002\$RRFK2MB.csv
2025-12-25 23:14:17,070 | INFO | ✅ Added patterns | File: $RRFK2MB.csv | Folder: E:\\$RECYCLE.BIN\S-1-5-21-816750886-3876630686-1032715110-1002
2025-12-25 23:14:17,071 | INFO | 📊 Current database size: 221052 companies
2025-12-25 23:14:17,072 | INFO | 📄 Found file: E:\\$RECYCLE.BIN\S-1-5-21-816750886-3876630686-1032715110-1002\$RRJVEXQ.xlsx
2025-12-25 23:15:02,939 | INFO | ✅ Added patterns | File: $RRJVEXQ.xlsx | Folder: E:\\$RECYCLE.BIN\S-1-5-21-816750886-3876630686-1032715110-1002
2025-12-25 23:15:02,940 | INFO | 📊 Current database size: 221052 companies
2025-12-25 23:15:02,941 | INFO | 📄 Found file: E:\\$RECYCLE.BIN\S-1-5-21-816750886-3876630686-1032715110-1002\$RRNYM2Q.csv
2025-12-25 23:15:04,093 | INFO | ✅ Added patterns | File: $RRNYM2Q.csv | Folder: E:\\$RECYCLE.BIN\S-1-5-21-816750886-3876630686-1032715110-1002
2025-12-25 23:15:04,094 | INFO | 📊 Current database size: 221052 companies
2025-12-25 23:15:04,094 | INFO | 📄 Found file: E:\\$RECYCLE.BIN\S-1-5-21-816750886-3876630686-1032715110-1002\$RRQRFMV.csv
2025-12-25 23:15:04,427 | INFO | ✅ Added patterns | File: $RRQRFMV.csv | Folder: E:\\$RECYCLE.BIN\S-1-5-21-816750886-3876630686-1032715110-1002
2025-12-25 23:15:04,428 | INFO | 📊 Current database size: 221052 companies
2025-12-25 23:15:04,429 | INFO | 📄 Found file: E:\\$RECYCLE.BIN\S-1-5-21-816750886-3876630686-1032715110-1002\$RSGZNO1.csv
2025-12-25 23:15:04,840 | INFO | ✅ Added patterns | File: $RSGZNO1.csv | Folder: E:\\$RECYCLE.BIN\S-1-5-21-816750886-3876630686-1032715110-1002
2025-12-25 23:15:04,840 | INFO | 📊 Current database size: 221052 companies
2025-12-25 23:15:04,842 | INFO | 📄 Found file: E:\\$RECYCLE.BIN\S-1-5-21-816750886-3876630686-1032715110-1002\$RSNF0ED.csv
2025-12-25 23:15:05,615 | INFO | ✅ Added patterns | File: $RSNF0ED.csv | Folder: E:\\$RECYCLE.BIN\S-1-5-21-816750886-3876630686-1032715110-1002
2025-12-25 23:15:05,615 | INFO | 📊 Current database size: 221052 companies
2025-12-25 23:15:05,616 | INFO | 📄 Found file: E:\\$RECYCLE.BIN\S-1-5-21-816750886-3876630686-1032715110-1002\$RUA7JK8.xlsx
2025-12-25 23:15:12,849 | INFO | ✅ Added patterns | File: $RUA7JK8.xlsx | Folder: E:\\$RECYCLE.BIN\S-1-5-21-816750886-3876630686-1032715110-1002
2025-12-25 23:15:12,851 | INFO | 📊 Current database size: 224236 companies
2025-12-25 23:15:12,854 | INFO | 📄 Found file: E:\\$RECYCLE.BIN\S-1-5-21-816750886-3876630686-1032715110-1002\$RUW8PCC.csv
2025-12-25 23:15:12,988 | INFO | ✅ Added patterns | File: $RUW8PCC.csv | Folder: E:\\$RECYCLE.BIN\S-1-5-21-816750886-3876630686-1032715110-1002
2025-12-25 23:15:12,989 | INFO | 📊 Current database size: 224236 companies
2025-12-25 23:15:12,990 | INFO | 📄 Found file: E:\\$RECYCLE.BIN\S-1-5-21-816750886-3876630686-1032715110-1002\$RVY0CQ3.csv
2025-12-25 23:15:13,306 | INFO | ✅ Added patterns | File: $RVY0CQ3.csv | Folder: E:\\$RECYCLE.BIN\S-1-5-21-816750886-3876630686-1032715110-1002
2025-12-25 23:15:13,307 | INFO | 📊 Current database size: 224236 companies
2025-12-25 23:15:13,307 | INFO | 📄 Found file: E:\\$RECYCLE.BIN\S-1-5-21-816750886-3876630686-1032715110-1002\$RWL7LSX.xlsx
2025-12-25 23:17:19,607 | INFO | ✅ Added patterns | File: $RWL7LSX.xlsx | Folder: E:\\$RECYCLE.BIN\S-1-5-21-816750886-3876630686-1032715110-1002
2025-12-25 23:17:19,608 | INFO | 📊 Current database size: 224236 companies
2025-12-25 23:17:19,609 | INFO | 📄 Found file: E:\\$RECYCLE.BIN\S-1-5-21-816750886-3876630686-1032715110-1002\$RWRZ727.csv
2025-12-25 23:17:19,771 | INFO | ✅ Added patterns | File: $RWRZ727.csv | Folder: E:\\$RECYCLE.BIN\S-1-5-21-816750886-3876630686-1032715110-1002
2025-12-25 23:17:19,772 | INFO | 📊 Current database size: 224236 companies
2025-12-25 23:17:19,772 | INFO | 📄 Found file: E:\\$RECYCLE.BIN\S-1-5-21-816750886-3876630686-1032715110-1002\$RX7Z8LU.csv
2025-12-25 23:17:19,943 | INFO | ✅ Added patterns | File: $RX7Z8LU.csv | Folder: E:\\$RECYCLE.BIN\S-1-5-21-816750886-3876630686-1032715110-1002
2025-12-25 23:17:19,944 | INFO | 📊 Current database size: 224236 companies
2025-12-25 23:17:19,946 | INFO | 📄 Found file: E:\\$RECYCLE.BIN\S-1-5-21-816750886-3876630686-1032715110-1002\$RXBF54D.csv
2025-12-25 23:17:20,193 | INFO | ✅ Added patterns | File: $RXBF54D.csv | Folder: E:\\$RECYCLE.BIN\S-1-5-21-816750886-3876630686-1032715110-1002
2025-12-25 23:17:20,194 | INFO | 📊 Current database size: 224236 companies
2025-12-25 23:17:20,195 | INFO | 📄 Found file: E:\\$RECYCLE.BIN\S-1-5-21-816750886-3876630686-1032715110-1002\$RXIVE98.csv
2025-12-25 23:17:20,343 | INFO | ✅ Added patterns | File: $RXIVE98.csv | Folder: E:\\$RECYCLE.BIN\S-1-5-21-816750886-3876630686-1032715110-1002
2025-12-25 23:17:20,345 | INFO | 📊 Current database size: 224236 companies
2025-12-25 23:17:20,345 | INFO | 📄 Found file: E:\\$RECYCLE.BIN\S-1-5-21-816750886-3876630686-1032715110-1002\$RXZ1DQT.csv
2025-12-25 23:17:20,908 | INFO | ✅ Added patterns | File: $RXZ1DQT.csv | Folder: E:\\$RECYCLE.BIN\S-1-5-21-816750886-3876630686-1032715110-1002
2025-12-25 23:17:20,908 | INFO | 📊 Current database size: 224236 companies
2025-12-25 23:17:20,909 | INFO | 📄 Found file: E:\\$RECYCLE.BIN\S-1-5-21-816750886-3876630686-1032715110-1002\$RYGZ6FB.xlsx
2025-12-25 23:17:29,035 | INFO | ✅ Added patterns | File: $RYGZ6FB.xlsx | Folder: E:\\$RECYCLE.BIN\S-1-5-21-816750886-3876630686-1032715110-1002
2025-12-25 23:17:29,036 | INFO | 📊 Current database size: 226019 companies
2025-12-25 23:17:29,036 | INFO | 📄 Found file: E:\\$RECYCLE.BIN\S-1-5-21-816750886-3876630686-1032715110-1002\$RZEH0AY.csv
2025-12-25 23:17:29,381 | INFO | ✅ Added patterns | File: $RZEH0AY.csv | Folder: E:\\$RECYCLE.BIN\S-1-5-21-816750886-3876630686-1032715110-1002
2025-12-25 23:17:29,382 | INFO | 📊 Current database size: 226019 companies
2025-12-25 23:17:29,383 | INFO | 📄 Found file: E:\\$RECYCLE.BIN\S-1-5-21-816750886-3876630686-1032715110-1002\$RZZN3AC.csv
2025-12-25 23:17:29,541 | INFO | ✅ Added patterns | File: $RZZN3AC.csv | Folder: E:\\$RECYCLE.BIN\S-1-5-21-816750886-3876630686-1032715110-1002
2025-12-25 23:17:29,542 | INFO | 📊 Current database size: 226019 companies
2025-12-25 23:17:29,602 | INFO | 📄 Found file: E:\\$RECYCLE.BIN\S-1-5-21-816750886-3876630686-1032715110-1002\$R0TCHRC\email_patterns.csv
2025-12-25 23:17:30,101 | INFO | ✅ Added patterns | File: email_patterns.csv | Folder: E:\\$RECYCLE.BIN\S-1-5-21-816750886-3876630686-1032715110-1002\$R0TCHRC
2025-12-25 23:17:30,102 | INFO | 📊 Current database size: 226019 companies
2025-12-25 23:17:30,103 | INFO | 📄 Found file: E:\\$RECYCLE.BIN\S-1-5-21-816750886-3876630686-1032715110-1002\$R0TCHRC\EW-NDPM_12june_missing_file.csv
2025-12-25 23:17:30,255 | INFO | ✅ Added patterns | File: EW-NDPM_12june_missing_file.csv | Folder: E:\\$RECYCLE.BIN\S-1-5-21-816750886-3876630686-1032715110-1002\$R0TCHRC
2025-12-25 23:17:30,255 | INFO | 📊 Current database size: 226019 companies
2025-12-25 23:17:30,256 | INFO | 📄 Found file: E:\\$RECYCLE.BIN\S-1-5-21-816750886-3876630686-1032715110-1002\$R0TCHRC\Formatted_file__Missing_13june_file.csv
2025-12-25 23:17:30,443 | INFO | ✅ Added patterns | File: Formatted_file__Missing_13june_file.csv | Folder: E:\\$RECYCLE.BIN\S-1-5-21-816750886-3876630686-1032715110-1002\$R0TCHRC
2025-12-25 23:17:30,444 | INFO | 📊 Current database size: 226019 companies
2025-12-25 23:17:30,444 | INFO | 📄 Found file: E:\\$RECYCLE.BIN\S-1-5-21-816750886-3876630686-1032715110-1002\$R0TCHRC\logs_for_tracking_june11.txt_file - Copy.csv
2025-12-25 23:17:30,566 | INFO | ✅ Added patterns | File: logs_for_tracking_june11.txt_file - Copy.csv | Folder: E:\\$RECYCLE.BIN\S-1-5-21-816750886-3876630686-1032715110-1002\$R0TCHRC
2025-12-25 23:17:30,567 | INFO | 📊 Current database size: 226019 companies
2025-12-25 23:17:30,567 | INFO | 📄 Found file: E:\\$RECYCLE.BIN\S-1-5-21-816750886-3876630686-1032715110-1002\$R0TCHRC\logs_for_tracking_june11.txt_file.csv
2025-12-25 23:17:30,708 | INFO | ✅ Added patterns | File: logs_for_tracking_june11.txt_file.csv | Folder: E:\\$RECYCLE.BIN\S-1-5-21-816750886-3876630686-1032715110-1002\$R0TCHRC
2025-12-25 23:17:30,709 | INFO | 📊 Current database size: 226019 companies
2025-12-25 23:17:30,709 | INFO | 📄 Found file: E:\\$RECYCLE.BIN\S-1-5-21-816750886-3876630686-1032715110-1002\$R0TCHRC\logs_for_tracking_june7.txt_file.csv
2025-12-25 23:17:30,837 | INFO | ✅ Added patterns | File: logs_for_tracking_june7.txt_file.csv | Folder: E:\\$RECYCLE.BIN\S-1-5-21-816750886-3876630686-1032715110-1002\$R0TCHRC
2025-12-25 23:17:30,837 | INFO | 📊 Current database size: 226019 companies
2025-12-25 23:17:30,838 | INFO | 📄 Found file: E:\\$RECYCLE.BIN\S-1-5-21-816750886-3876630686-1032715110-1002\$R0TCHRC\new_database.csv
2025-12-25 23:17:31,121 | INFO | ✅ Added patterns | File: new_database.csv | Folder: E:\\$RECYCLE.BIN\S-1-5-21-816750886-3876630686-1032715110-1002\$R0TCHRC
2025-12-25 23:17:31,121 | INFO | 📊 Current database size: 226019 companies
2025-12-25 23:17:31,122 | INFO | 📄 Found file: E:\\$RECYCLE.BIN\S-1-5-21-816750886-3876630686-1032715110-1002\$R0TCHRC\open icert 3.78L.xlsx
2025-12-25 23:18:56,849 | INFO | ✅ Added patterns | File: open icert 3.78L.xlsx | Folder: E:\\$RECYCLE.BIN\S-1-5-21-816750886-3876630686-1032715110-1002\$R0TCHRC
2025-12-25 23:18:56,850 | INFO | 📊 Current database size: 226019 companies
2025-12-25 23:18:56,852 | INFO | 📄 Found file: E:\\$RECYCLE.BIN\S-1-5-21-816750886-3876630686-1032715110-1002\$R0TCHRC\open_N.xlsx
2025-12-25 23:19:29,893 | INFO | ✅ Added patterns | File: open_N.xlsx | Folder: E:\\$RECYCLE.BIN\S-1-5-21-816750886-3876630686-1032715110-1002\$R0TCHRC
2025-12-25 23:19:29,894 | INFO | 📊 Current database size: 226019 companies
2025-12-25 23:19:29,894 | INFO | 📄 Found file: E:\\$RECYCLE.BIN\S-1-5-21-816750886-3876630686-1032715110-1002\$R0TCHRC\Total Open Data_tcart 2.5L - Copy.xlsx
2025-12-25 23:19:55,549 | INFO | ✅ Added patterns | File: Total Open Data_tcart 2.5L - Copy.xlsx | Folder: E:\\$RECYCLE.BIN\S-1-5-21-816750886-3876630686-1032715110-1002\$R0TCHRC
2025-12-25 23:19:55,550 | INFO | 📊 Current database size: 226019 companies
2025-12-25 23:19:55,550 | INFO | 📄 Found file: E:\\$RECYCLE.BIN\S-1-5-21-816750886-3876630686-1032715110-1002\$R0TCHRC\Total Open Data_tcart 2.5L.xlsx
2025-12-25 23:20:25,582 | INFO | ✅ Added patterns | File: Total Open Data_tcart 2.5L.xlsx | Folder: E:\\$RECYCLE.BIN\S-1-5-21-816750886-3876630686-1032715110-1002\$R0TCHRC
2025-12-25 23:20:25,583 | INFO | 📊 Current database size: 226019 companies
2025-12-25 23:20:25,642 | INFO | 📄 Found file: E:\\$RECYCLE.BIN\S-1-5-21-816750886-3876630686-1032715110-1002\$R1V7CDJ\13-May_formated_2023-05-9april.csv
2025-12-25 23:20:26,635 | INFO | ✅ Added patterns | File: 13-May_formated_2023-05-9april.csv | Folder: E:\\$RECYCLE.BIN\S-1-5-21-816750886-3876630686-1032715110-1002\$R1V7CDJ
2025-12-25 23:20:26,637 | INFO | 📊 Current database size: 226019 companies
2025-12-25 23:20:26,637 | INFO | 📄 Found file: E:\\$RECYCLE.BIN\S-1-5-21-816750886-3876630686-1032715110-1002\$R1V7CDJ\9L May 31 Formatted File.xlsx
2025-12-25 23:22:34,217 | INFO | ✅ Added patterns | File: 9L May 31 Formatted File.xlsx | Folder: E:\\$RECYCLE.BIN\S-1-5-21-816750886-3876630686-1032715110-1002\$R1V7CDJ
2025-12-25 23:22:34,218 | INFO | 📊 Current database size: 226019 companies
2025-12-25 23:22:34,219 | INFO | 📄 Found file: E:\\$RECYCLE.BIN\S-1-5-21-816750886-3876630686-1032715110-1002\$R1V7CDJ\9L May 31 Formatted File_old_tool_output.csv
2025-12-25 23:23:22,184 | INFO | ✅ Added patterns | File: 9L May 31 Formatted File_old_tool_output.csv | Folder: E:\\$RECYCLE.BIN\S-1-5-21-816750886-3876630686-1032715110-1002\$R1V7CDJ
2025-12-25 23:23:22,185 | INFO | 📊 Current database size: 282280 companies
2025-12-25 23:23:22,185 | INFO | 📄 Found file: E:\\$RECYCLE.BIN\S-1-5-21-816750886-3876630686-1032715110-1002\$R1V7CDJ\Atlanta, GA-B2B-44874.xlsx
2025-12-25 23:23:36,757 | INFO | ✅ Added patterns | File: Atlanta, GA-B2B-44874.xlsx | Folder: E:\\$RECYCLE.BIN\S-1-5-21-816750886-3876630686-1032715110-1002\$R1V7CDJ
2025-12-25 23:23:36,757 | INFO | 📊 Current database size: 282280 companies
2025-12-25 23:23:36,758 | INFO | 📄 Found file: E:\\$RECYCLE.BIN\S-1-5-21-816750886-3876630686-1032715110-1002\$R1V7CDJ\Atlanta, GA-LSSGB-137575.xlsx
2025-12-25 23:24:14,367 | INFO | ✅ Added patterns | File: Atlanta, GA-LSSGB-137575.xlsx | Folder: E:\\$RECYCLE.BIN\S-1-5-21-816750886-3876630686-1032715110-1002\$R1V7CDJ
2025-12-25 23:24:14,368 | INFO | 📊 Current database size: 282280 companies
2025-12-25 23:24:14,368 | INFO | 📄 Found file: E:\\$RECYCLE.BIN\S-1-5-21-816750886-3876630686-1032715110-1002\$R1V7CDJ\Austin, Tx seggrigation_1.xlsx
2025-12-25 23:24:31,844 | INFO | ✅ Added patterns | File: Austin, Tx seggrigation_1.xlsx | Folder: E:\\$RECYCLE.BIN\S-1-5-21-816750886-3876630686-1032715110-1002\$R1V7CDJ
2025-12-25 23:24:31,845 | INFO | 📊 Current database size: 282280 companies
2025-12-25 23:24:31,846 | INFO | 📄 Found file: E:\\$RECYCLE.BIN\S-1-5-21-816750886-3876630686-1032715110-1002\$R1V7CDJ\Austin, Tx seggrigation_1_missing.csv
2025-12-25 23:24:31,996 | INFO | ✅ Added patterns | File: Austin, Tx seggrigation_1_missing.csv | Folder: E:\\$RECYCLE.BIN\S-1-5-21-816750886-3876630686-1032715110-1002\$R1V7CDJ
2025-12-25 23:24:31,998 | INFO | 📊 Current database size: 282280 companies
2025-12-25 23:24:31,998 | INFO | 📄 Found file: E:\\$RECYCLE.BIN\S-1-5-21-816750886-3876630686-1032715110-1002\$R1V7CDJ\Baltimore, MD-B2B-23152.xlsx
2025-12-25 23:24:39,422 | INFO | ✅ Added patterns | File: Baltimore, MD-B2B-23152.xlsx | Folder: E:\\$RECYCLE.BIN\S-1-5-21-816750886-3876630686-1032715110-1002\$R1V7CDJ
2025-12-25 23:24:39,423 | INFO | 📊 Current database size: 282280 companies
2025-12-25 23:24:39,423 | INFO | 📄 Found file: E:\\$RECYCLE.BIN\S-1-5-21-816750886-3876630686-1032715110-1002\$R1V7CDJ\Baltimore, MD-PMP-109446.xlsx
2025-12-25 23:25:10,363 | INFO | ✅ Added patterns | File: Baltimore, MD-PMP-109446.xlsx | Folder: E:\\$RECYCLE.BIN\S-1-5-21-816750886-3876630686-1032715110-1002\$R1V7CDJ
2025-12-25 23:25:10,363 | INFO | 📊 Current database size: 282280 companies
2025-12-25 23:25:10,365 | INFO | 📄 Found file: E:\\$RECYCLE.BIN\S-1-5-21-816750886-3876630686-1032715110-1002\$R1V7CDJ\Baltimore, MD-PMP-109446_missing.csv
2025-12-25 23:25:11,238 | INFO | ✅ Added patterns | File: Baltimore, MD-PMP-109446_missing.csv | Folder: E:\\$RECYCLE.BIN\S-1-5-21-816750886-3876630686-1032715110-1002\$R1V7CDJ
2025-12-25 23:25:11,239 | INFO | 📊 Current database size: 282280 companies
2025-12-25 23:25:11,241 | INFO | 📄 Found file: E:\\$RECYCLE.BIN\S-1-5-21-816750886-3876630686-1032715110-1002\$R1V7CDJ\Baltimore, MD-PMP-109446_missing_missing.csv
2025-12-25 23:25:11,586 | INFO | ✅ Added patterns | File: Baltimore, MD-PMP-109446_missing_missing.csv | Folder: E:\\$RECYCLE.BIN\S-1-5-21-816750886-3876630686-1032715110-1002\$R1V7CDJ
2025-12-25 23:25:11,586 | INFO | 📊 Current database size: 282280 companies
2025-12-25 23:25:11,587 | INFO | 📄 Found file: E:\\$RECYCLE.BIN\S-1-5-21-816750886-3876630686-1032715110-1002\$R1V7CDJ\Batch0_4__SCRAPPER__0_2025-03-29.csv
2025-12-25 23:25:11,762 | INFO | ✅ Added patterns | File: Batch0_4__SCRAPPER__0_2025-03-29.csv | Folder: E:\\$RECYCLE.BIN\S-1-5-21-816750886-3876630686-1032715110-1002\$R1V7CDJ
2025-12-25 23:25:11,763 | INFO | 📊 Current database size: 282280 companies
2025-12-25 23:25:11,764 | INFO | 📄 Found file: E:\\$RECYCLE.BIN\S-1-5-21-816750886-3876630686-1032715110-1002\$R1V7CDJ\Batch0_4__SCRAPPER__1_2025-03-29.csv
2025-12-25 23:25:11,911 | INFO | ✅ Added patterns | File: Batch0_4__SCRAPPER__1_2025-03-29.csv | Folder: E:\\$RECYCLE.BIN\S-1-5-21-816750886-3876630686-1032715110-1002\$R1V7CDJ
2025-12-25 23:25:11,912 | INFO | 📊 Current database size: 282280 companies
2025-12-25 23:25:11,913 | INFO | 📄 Found file: E:\\$RECYCLE.BIN\S-1-5-21-816750886-3876630686-1032715110-1002\$R1V7CDJ\Batch0_6500__2AprSCRAPPER__43_2025-04-02.csv
2025-12-25 23:25:12,095 | INFO | ✅ Added patterns | File: Batch0_6500__2AprSCRAPPER__43_2025-04-02.csv | Folder: E:\\$RECYCLE.BIN\S-1-5-21-816750886-3876630686-1032715110-1002\$R1V7CDJ
2025-12-25 23:25:12,096 | INFO | 📊 Current database size: 282280 companies
2025-12-25 23:25:12,096 | INFO | 📄 Found file: E:\\$RECYCLE.BIN\S-1-5-21-816750886-3876630686-1032715110-1002\$R1V7CDJ\Batch0_6500__3__AprSCRAPPER__20_2025-04-03.csv
2025-12-25 23:25:12,253 | INFO | ✅ Added patterns | File: Batch0_6500__3__AprSCRAPPER__20_2025-04-03.csv | Folder: E:\\$RECYCLE.BIN\S-1-5-21-816750886-3876630686-1032715110-1002\$R1V7CDJ
2025-12-25 23:25:12,254 | INFO | 📊 Current database size: 282280 companies
2025-12-25 23:25:12,254 | INFO | 📄 Found file: E:\\$RECYCLE.BIN\S-1-5-21-816750886-3876630686-1032715110-1002\$R1V7CDJ\Batch0_6500__3__AprSCRAPPER__22_2025-04-03.csv
2025-12-25 23:25:12,409 | INFO | ✅ Added patterns | File: Batch0_6500__3__AprSCRAPPER__22_2025-04-03.csv | Folder: E:\\$RECYCLE.BIN\S-1-5-21-816750886-3876630686-1032715110-1002\$R1V7CDJ
2025-12-25 23:25:12,409 | INFO | 📊 Current database size: 282280 companies
2025-12-25 23:25:12,411 | INFO | 📄 Found file: E:\\$RECYCLE.BIN\S-1-5-21-816750886-3876630686-1032715110-1002\$R1V7CDJ\Batch0_6500__SCRAPPER__3_2025-04-01.csv
2025-12-25 23:25:12,587 | INFO | ✅ Added patterns | File: Batch0_6500__SCRAPPER__3_2025-04-01.csv | Folder: E:\\$RECYCLE.BIN\S-1-5-21-816750886-3876630686-1032715110-1002\$R1V7CDJ
2025-12-25 23:25:12,588 | INFO | 📊 Current database size: 282280 companies
2025-12-25 23:25:12,588 | INFO | 📄 Found file: E:\\$RECYCLE.BIN\S-1-5-21-816750886-3876630686-1032715110-1002\$R1V7CDJ\Boise, ID Seggrigation 2018.xlsx
2025-12-25 23:25:20,564 | INFO | ✅ Added patterns | File: Boise, ID Seggrigation 2018.xlsx | Folder: E:\\$RECYCLE.BIN\S-1-5-21-816750886-3876630686-1032715110-1002\$R1V7CDJ
2025-12-25 23:25:20,564 | INFO | 📊 Current database size: 282280 companies
2025-12-25 23:25:20,565 | INFO | 📄 Found file: E:\\$RECYCLE.BIN\S-1-5-21-816750886-3876630686-1032715110-1002\$R1V7CDJ\Calgary, AB-174000_new_tool_missing.csv
2025-12-25 23:25:21,526 | INFO | ✅ Added patterns | File: Calgary, AB-174000_new_tool_missing.csv | Folder: E:\\$RECYCLE.BIN\S-1-5-21-816750886-3876630686-1032715110-1002\$R1V7CDJ
2025-12-25 23:25:21,526 | INFO | 📊 Current database size: 282280 companies
2025-12-25 23:25:21,527 | INFO | 📄 Found file: E:\\$RECYCLE.BIN\S-1-5-21-816750886-3876630686-1032715110-1002\$R1V7CDJ\Colorado Springs, CO Seggrigation _.xlsx
2025-12-25 23:25:26,730 | INFO | ✅ Added patterns | File: Colorado Springs, CO Seggrigation _.xlsx | Folder: E:\\$RECYCLE.BIN\S-1-5-21-816750886-3876630686-1032715110-1002\$R1V7CDJ
2025-12-25 23:25:26,731 | INFO | 📊 Current database size: 282280 companies
2025-12-25 23:25:26,731 | INFO | 📄 Found file: E:\\$RECYCLE.BIN\S-1-5-21-816750886-3876630686-1032715110-1002\$R1V7CDJ\Colorado.xlsx
2025-12-25 23:25:31,818 | INFO | ✅ Added patterns | File: Colorado.xlsx | Folder: E:\\$RECYCLE.BIN\S-1-5-21-816750886-3876630686-1032715110-1002\$R1V7CDJ
2025-12-25 23:25:31,818 | INFO | 📊 Current database size: 282280 companies
2025-12-25 23:25:31,819 | INFO | 📄 Found file: E:\\$RECYCLE.BIN\S-1-5-21-816750886-3876630686-1032715110-1002\$R1V7CDJ\Colorado_missing.csv
2025-12-25 23:25:32,018 | INFO | ✅ Added patterns | File: Colorado_missing.csv | Folder: E:\\$RECYCLE.BIN\S-1-5-21-816750886-3876630686-1032715110-1002\$R1V7CDJ
2025-12-25 23:25:32,019 | INFO | 📊 Current database size: 282280 companies
2025-12-25 23:25:32,019 | INFO | 📄 Found file: E:\\$RECYCLE.BIN\S-1-5-21-816750886-3876630686-1032715110-1002\$R1V7CDJ\Colorado_missing_missing.csv
2025-12-25 23:25:32,175 | INFO | ✅ Added patterns | File: Colorado_missing_missing.csv | Folder: E:\\$RECYCLE.BIN\S-1-5-21-816750886-3876630686-1032715110-1002\$R1V7CDJ
2025-12-25 23:25:32,175 | INFO | 📊 Current database size: 282280 companies
2025-12-25 23:25:32,176 | INFO | 📄 Found file: E:\\$RECYCLE.BIN\S-1-5-21-816750886-3876630686-1032715110-1002\$R1V7CDJ\Colorado_missing_missing_missing.csv
2025-12-25 23:25:32,331 | INFO | ✅ Added patterns | File: Colorado_missing_missing_missing.csv | Folder: E:\\$RECYCLE.BIN\S-1-5-21-816750886-3876630686-1032715110-1002\$R1V7CDJ
2025-12-25 23:25:32,332 | INFO | 📊 Current database size: 282280 companies
2025-12-25 23:25:32,332 | INFO | 📄 Found file: E:\\$RECYCLE.BIN\S-1-5-21-816750886-3876630686-1032715110-1002\$R1V7CDJ\Colorado_missing_missing_missing_missing.csv
2025-12-25 23:25:32,475 | INFO | ✅ Added patterns | File: Colorado_missing_missing_missing_missing.csv | Folder: E:\\$RECYCLE.BIN\S-1-5-21-816750886-3876630686-1032715110-1002\$R1V7CDJ
2025-12-25 23:25:32,475 | INFO | 📊 Current database size: 282280 companies
2025-12-25 23:25:32,476 | INFO | 📄 Found file: E:\\$RECYCLE.BIN\S-1-5-21-816750886-3876630686-1032715110-1002\$R1V7CDJ\Colorado_output.csv
2025-12-25 23:25:34,273 | INFO | ✅ Added patterns | File: Colorado_output.csv | Folder: E:\\$RECYCLE.BIN\S-1-5-21-816750886-3876630686-1032715110-1002\$R1V7CDJ
2025-12-25 23:25:34,273 | INFO | 📊 Current database size: 282280 companies
2025-12-25 23:25:34,274 | INFO | 📄 Found file: E:\\$RECYCLE.BIN\S-1-5-21-816750886-3876630686-1032715110-1002\$R1V7CDJ\Colorado_output_output.csv
2025-12-25 23:25:35,676 | INFO | ✅ Added patterns | File: Colorado_output_output.csv | Folder: E:\\$RECYCLE.BIN\S-1-5-21-816750886-3876630686-1032715110-1002\$R1V7CDJ
2025-12-25 23:25:35,676 | INFO | 📊 Current database size: 282280 companies
2025-12-25 23:25:35,678 | INFO | 📄 Found file: E:\\$RECYCLE.BIN\S-1-5-21-816750886-3876630686-1032715110-1002\$R1V7CDJ\Colorado_output_output_output.csv
2025-12-25 23:25:37,578 | INFO | ✅ Added patterns | File: Colorado_output_output_output.csv | Folder: E:\\$RECYCLE.BIN\S-1-5-21-816750886-3876630686-1032715110-1002\$R1V7CDJ
2025-12-25 23:25:37,579 | INFO | 📊 Current database size: 282280 companies
2025-12-25 23:25:37,580 | INFO | 📄 Found file: E:\\$RECYCLE.BIN\S-1-5-21-816750886-3876630686-1032715110-1002\$R1V7CDJ\combined_email_output.csv
2025-12-25 23:25:37,738 | INFO | ✅ Added patterns | File: combined_email_output.csv | Folder: E:\\$RECYCLE.BIN\S-1-5-21-816750886-3876630686-1032715110-1002\$R1V7CDJ
2025-12-25 23:25:37,738 | INFO | 📊 Current database size: 282280 companies
2025-12-25 23:25:37,739 | INFO | 📄 Found file: E:\\$RECYCLE.BIN\S-1-5-21-816750886-3876630686-1032715110-1002\$R1V7CDJ\combined_unique.csv
2025-12-25 23:25:37,925 | INFO | ✅ Added patterns | File: combined_unique.csv | Folder: E:\\$RECYCLE.BIN\S-1-5-21-816750886-3876630686-1032715110-1002\$R1V7CDJ
2025-12-25 23:25:37,926 | INFO | 📊 Current database size: 282280 companies
2025-12-25 23:25:37,927 | INFO | 📄 Found file: E:\\$RECYCLE.BIN\S-1-5-21-816750886-3876630686-1032715110-1002\$R1V7CDJ\EW-City-ND-24Ma_3apr.csv
2025-12-25 23:25:38,230 | INFO | ✅ Added patterns | File: EW-City-ND-24Ma_3apr.csv | Folder: E:\\$RECYCLE.BIN\S-1-5-21-816750886-3876630686-1032715110-1002\$R1V7CDJ
2025-12-25 23:25:38,231 | INFO | 📊 Current database size: 282280 companies
2025-12-25 23:25:38,232 | INFO | 📄 Found file: E:\\$RECYCLE.BIN\S-1-5-21-816750886-3876630686-1032715110-1002\$R1V7CDJ\EW-City-ND-24Ma_Missing_file2025-03-24 16-38-22.csv
2025-12-25 23:25:38,646 | INFO | ✅ Added patterns | File: EW-City-ND-24Ma_Missing_file2025-03-24 16-38-22.csv | Folder: E:\\$RECYCLE.BIN\S-1-5-21-816750886-3876630686-1032715110-1002\$R1V7CDJ
2025-12-25 23:25:38,646 | INFO | 📊 Current database size: 282280 companies
2025-12-25 23:25:38,648 | INFO | 📄 Found file: E:\\$RECYCLE.BIN\S-1-5-21-816750886-3876630686-1032715110-1002\$R1V7CDJ\EW-City-ND-24Ma_Missing_file2025-03-24 16-38-22_missing.csv
2025-12-25 23:25:39,081 | INFO | ✅ Added patterns | File: EW-City-ND-24Ma_Missing_file2025-03-24 16-38-22_missing.csv | Folder: E:\\$RECYCLE.BIN\S-1-5-21-816750886-3876630686-1032715110-1002\$R1V7CDJ
2025-12-25 23:25:39,082 | INFO | 📊 Current database size: 282280 companies
2025-12-25 23:25:39,084 | INFO | 📄 Found file: E:\\$RECYCLE.BIN\S-1-5-21-816750886-3876630686-1032715110-1002\$R1V7CDJ\EW-City-ND-24Ma_Missing_file2025-03-24 16-38-22__new_tool_missing.csv
2025-12-25 23:25:39,487 | INFO | ✅ Added patterns | File: EW-City-ND-24Ma_Missing_file2025-03-24 16-38-22__new_tool_missing.csv | Folder: E:\\$RECYCLE.BIN\S-1-5-21-816750886-3876630686-1032715110-1002\$R1V7CDJ
2025-12-25 23:25:39,489 | INFO | 📊 Current database size: 282280 companies
2025-12-25 23:25:39,489 | INFO | 📄 Found file: E:\\$RECYCLE.BIN\S-1-5-21-816750886-3876630686-1032715110-1002\$R1V7CDJ\EW-City-ND-24Ma_Missing_file2025-03-24.csv
2025-12-25 23:25:39,933 | INFO | ✅ Added patterns | File: EW-City-ND-24Ma_Missing_file2025-03-24.csv | Folder: E:\\$RECYCLE.BIN\S-1-5-21-816750886-3876630686-1032715110-1002\$R1V7CDJ
2025-12-25 23:25:39,934 | INFO | 📊 Current database size: 282280 companies
2025-12-25 23:25:39,936 | INFO | 📄 Found file: E:\\$RECYCLE.BIN\S-1-5-21-816750886-3876630686-1032715110-1002\$R1V7CDJ\EW-City-ND_missing_file_5Apr.csv
2025-12-25 23:25:40,365 | INFO | ✅ Added patterns | File: EW-City-ND_missing_file_5Apr.csv | Folder: E:\\$RECYCLE.BIN\S-1-5-21-816750886-3876630686-1032715110-1002\$R1V7CDJ
2025-12-25 23:25:40,366 | INFO | 📊 Current database size: 282280 companies
2025-12-25 23:25:40,367 | INFO | 📄 Found file: E:\\$RECYCLE.BIN\S-1-5-21-816750886-3876630686-1032715110-1002\$R1V7CDJ\EW-City-ND_missing_file_5April.csv
2025-12-25 23:25:40,742 | INFO | ✅ Added patterns | File: EW-City-ND_missing_file_5April.csv | Folder: E:\\$RECYCLE.BIN\S-1-5-21-816750886-3876630686-1032715110-1002\$R1V7CDJ
2025-12-25 23:25:40,743 | INFO | 📊 Current database size: 282280 companies
2025-12-25 23:25:40,743 | INFO | 📄 Found file: E:\\$RECYCLE.BIN\S-1-5-21-816750886-3876630686-1032715110-1002\$R1V7CDJ\EW-City-ND_missing_file_5Apr_new_tool_output.csv
2025-12-25 23:25:42,327 | INFO | ✅ Added patterns | File: EW-City-ND_missing_file_5Apr_new_tool_output.csv | Folder: E:\\$RECYCLE.BIN\S-1-5-21-816750886-3876630686-1032715110-1002\$R1V7CDJ
2025-12-25 23:25:42,328 | INFO | 📊 Current database size: 285655 companies
2025-12-25 23:25:42,328 | INFO | 📄 Found file: E:\\$RECYCLE.BIN\S-1-5-21-816750886-3876630686-1032715110-1002\$R1V7CDJ\EW-ND-PM-7Apr-For creation - Copy.xlsx
2025-12-25 23:26:28,991 | INFO | ✅ Added patterns | File: EW-ND-PM-7Apr-For creation - Copy.xlsx | Folder: E:\\$RECYCLE.BIN\S-1-5-21-816750886-3876630686-1032715110-1002\$R1V7CDJ
2025-12-25 23:26:28,991 | INFO | 📊 Current database size: 285655 companies
2025-12-25 23:26:28,993 | INFO | 📄 Found file: E:\\$RECYCLE.BIN\S-1-5-21-816750886-3876630686-1032715110-1002\$R1V7CDJ\EW-ND-PM-7Apr-For creation.xlsx
2025-12-25 23:27:14,915 | INFO | ✅ Added patterns | File: EW-ND-PM-7Apr-For creation.xlsx | Folder: E:\\$RECYCLE.BIN\S-1-5-21-816750886-3876630686-1032715110-1002\$R1V7CDJ
2025-12-25 23:27:14,916 | INFO | 📊 Current database size: 285655 companies
2025-12-25 23:27:14,917 | INFO | 📄 Found file: E:\\$RECYCLE.BIN\S-1-5-21-816750886-3876630686-1032715110-1002\$R1V7CDJ\EW-ND-PM-7Apr-For creation_new_tool_output - Copy.csv
2025-12-25 23:27:21,541 | INFO | ✅ Added patterns | File: EW-ND-PM-7Apr-For creation_new_tool_output - Copy.csv | Folder: E:\\$RECYCLE.BIN\S-1-5-21-816750886-3876630686-1032715110-1002\$R1V7CDJ
2025-12-25 23:27:21,541 | INFO | 📊 Current database size: 285655 companies
2025-12-25 23:27:21,541 | INFO | 📄 Found file: E:\\$RECYCLE.BIN\S-1-5-21-816750886-3876630686-1032715110-1002\$R1V7CDJ\EW-NDPM-13May-For creation.xlsx
2025-12-25 23:27:46,018 | INFO | ✅ Added patterns | File: EW-NDPM-13May-For creation.xlsx | Folder: E:\\$RECYCLE.BIN\S-1-5-21-816750886-3876630686-1032715110-1002\$R1V7CDJ
2025-12-25 23:27:46,019 | INFO | 📊 Current database size: 285655 companies
2025-12-25 23:27:46,020 | INFO | 📄 Found file: E:\\$RECYCLE.BIN\S-1-5-21-816750886-3876630686-1032715110-1002\$R1V7CDJ\EW-NDPM-13May-For creation_missing.csv
2025-12-25 23:27:46,384 | INFO | ✅ Added patterns | File: EW-NDPM-13May-For creation_missing.csv | Folder: E:\\$RECYCLE.BIN\S-1-5-21-816750886-3876630686-1032715110-1002\$R1V7CDJ
2025-12-25 23:27:46,384 | INFO | 📊 Current database size: 285655 companies
2025-12-25 23:27:46,385 | INFO | 📄 Found file: E:\\$RECYCLE.BIN\S-1-5-21-816750886-3876630686-1032715110-1002\$R1V7CDJ\EW-NDPM-13May-For creation_missing_missing.csv
2025-12-25 23:27:46,730 | INFO | ✅ Added patterns | File: EW-NDPM-13May-For creation_missing_missing.csv | Folder: E:\\$RECYCLE.BIN\S-1-5-21-816750886-3876630686-1032715110-1002\$R1V7CDJ
2025-12-25 23:27:46,731 | INFO | 📊 Current database size: 285655 companies
2025-12-25 23:27:46,732 | INFO | 📄 Found file: E:\\$RECYCLE.BIN\S-1-5-21-816750886-3876630686-1032715110-1002\$R1V7CDJ\EW-NDPM-29-10juneMay-For creation_missing.csv
2025-12-25 23:27:47,302 | INFO | ✅ Added patterns | File: EW-NDPM-29-10juneMay-For creation_missing.csv | Folder: E:\\$RECYCLE.BIN\S-1-5-21-816750886-3876630686-1032715110-1002\$R1V7CDJ
2025-12-25 23:27:47,302 | INFO | 📊 Current database size: 285655 companies
2025-12-25 23:27:47,303 | INFO | 📄 Found file: E:\\$RECYCLE.BIN\S-1-5-21-816750886-3876630686-1032715110-1002\$R1V7CDJ\EW-NDPM-29-10juneMay-For creation_missing2.csv
2025-12-25 23:27:47,854 | INFO | ✅ Added patterns | File: EW-NDPM-29-10juneMay-For creation_missing2.csv | Folder: E:\\$RECYCLE.BIN\S-1-5-21-816750886-3876630686-1032715110-1002\$R1V7CDJ
2025-12-25 23:27:47,855 | INFO | 📊 Current database size: 285655 companies
2025-12-25 23:27:47,856 | INFO | 📄 Found file: E:\\$RECYCLE.BIN\S-1-5-21-816750886-3876630686-1032715110-1002\$R1V7CDJ\EW-NDPM-29-10juneMay-For creation_missing__new_tool_missing.csv
2025-12-25 23:27:48,423 | INFO | ✅ Added patterns | File: EW-NDPM-29-10juneMay-For creation_missing__new_tool_missing.csv | Folder: E:\\$RECYCLE.BIN\S-1-5-21-816750886-3876630686-1032715110-1002\$R1V7CDJ
2025-12-25 23:27:48,424 | INFO | 📊 Current database size: 285655 companies
2025-12-25 23:27:48,424 | INFO | 📄 Found file: E:\\$RECYCLE.BIN\S-1-5-21-816750886-3876630686-1032715110-1002\$R1V7CDJ\EW-NDPM-29-10juneMay-For creation_missing__new_tool_missing__new_tool_missing.csv
2025-12-25 23:27:49,007 | INFO | ✅ Added patterns | File: EW-NDPM-29-10juneMay-For creation_missing__new_tool_missing__new_tool_missing.csv | Folder: E:\\$RECYCLE.BIN\S-1-5-21-816750886-3876630686-1032715110-1002\$R1V7CDJ
2025-12-25 23:27:49,007 | INFO | 📊 Current database size: 285655 companies
2025-12-25 23:27:49,009 | INFO | 📄 Found file: E:\\$RECYCLE.BIN\S-1-5-21-816750886-3876630686-1032715110-1002\$R1V7CDJ\EW-NDPM-29-May-For creation_missing.csv
2025-12-25 23:27:49,609 | INFO | ✅ Added patterns | File: EW-NDPM-29-May-For creation_missing.csv | Folder: E:\\$RECYCLE.BIN\S-1-5-21-816750886-3876630686-1032715110-1002\$R1V7CDJ
2025-12-25 23:27:49,610 | INFO | 📊 Current database size: 285655 companies
2025-12-25 23:27:49,610 | INFO | 📄 Found file: E:\\$RECYCLE.BIN\S-1-5-21-816750886-3876630686-1032715110-1002\$R1V7CDJ\EW-NDPM-29May-For creation.xlsx
2025-12-25 23:28:30,812 | INFO | ✅ Added patterns | File: EW-NDPM-29May-For creation.xlsx | Folder: E:\\$RECYCLE.BIN\S-1-5-21-816750886-3876630686-1032715110-1002\$R1V7CDJ
2025-12-25 23:28:30,813 | INFO | 📊 Current database size: 285655 companies
2025-12-25 23:28:30,813 | INFO | 📄 Found file: E:\\$RECYCLE.BIN\S-1-5-21-816750886-3876630686-1032715110-1002\$R1V7CDJ\EW-NDPM-29May-For creation_missing.csv
2025-12-25 23:28:31,498 | INFO | ✅ Added patterns | File: EW-NDPM-29May-For creation_missing.csv | Folder: E:\\$RECYCLE.BIN\S-1-5-21-816750886-3876630686-1032715110-1002\$R1V7CDJ
2025-12-25 23:28:31,501 | INFO | 📊 Current database size: 285655 companies
2025-12-25 23:28:31,502 | INFO | 📄 Found file: E:\\$RECYCLE.BIN\S-1-5-21-816750886-3876630686-1032715110-1002\$R1V7CDJ\EW-NDPM-29May-For creation_missing__new_tool_missing.csv
2025-12-25 23:28:32,038 | INFO | ✅ Added patterns | File: EW-NDPM-29May-For creation_missing__new_tool_missing.csv | Folder: E:\\$RECYCLE.BIN\S-1-5-21-816750886-3876630686-1032715110-1002\$R1V7CDJ
2025-12-25 23:28:32,039 | INFO | 📊 Current database size: 285655 companies
2025-12-25 23:28:32,040 | INFO | 📄 Found file: E:\\$RECYCLE.BIN\S-1-5-21-816750886-3876630686-1032715110-1002\$R1V7CDJ\EW-NDPM-29May-For creation_old_tool_output.csv
2025-12-25 23:28:46,341 | INFO | ✅ Added patterns | File: EW-NDPM-29May-For creation_old_tool_output.csv | Folder: E:\\$RECYCLE.BIN\S-1-5-21-816750886-3876630686-1032715110-1002\$R1V7CDJ
2025-12-25 23:28:46,342 | INFO | 📊 Current database size: 299731 companies
2025-12-25 23:28:46,343 | INFO | 📄 Found file: E:\\$RECYCLE.BIN\S-1-5-21-816750886-3876630686-1032715110-1002\$R1V7CDJ\EW-NDPM-6May-For Creation.xlsx
2025-12-25 23:29:08,117 | INFO | ✅ Added patterns | File: EW-NDPM-6May-For Creation.xlsx | Folder: E:\\$RECYCLE.BIN\S-1-5-21-816750886-3876630686-1032715110-1002\$R1V7CDJ
2025-12-25 23:29:08,118 | INFO | 📊 Current database size: 299731 companies
2025-12-25 23:29:08,120 | INFO | 📄 Found file: E:\\$RECYCLE.BIN\S-1-5-21-816750886-3876630686-1032715110-1002\$R1V7CDJ\EW-NDPM-6May-For Creation__new_tool_missing.csv
2025-12-25 23:29:08,746 | INFO | ✅ Added patterns | File: EW-NDPM-6May-For Creation__new_tool_missing.csv | Folder: E:\\$RECYCLE.BIN\S-1-5-21-816750886-3876630686-1032715110-1002\$R1V7CDJ
2025-12-25 23:29:08,746 | INFO | 📊 Current database size: 299731 companies
2025-12-25 23:29:08,747 | INFO | 📄 Found file: E:\\$RECYCLE.BIN\S-1-5-21-816750886-3876630686-1032715110-1002\$R1V7CDJ\EW-NDPM_12june_missing.csv
2025-12-25 23:29:09,163 | INFO | ✅ Added patterns | File: EW-NDPM_12june_missing.csv | Folder: E:\\$RECYCLE.BIN\S-1-5-21-816750886-3876630686-1032715110-1002\$R1V7CDJ
2025-12-25 23:29:09,164 | INFO | 📊 Current database size: 299731 companies
2025-12-25 23:29:09,164 | INFO | 📄 Found file: E:\\$RECYCLE.BIN\S-1-5-21-816750886-3876630686-1032715110-1002\$R1V7CDJ\EW-NDPM_12june_missing_file.csv
2025-12-25 23:29:09,375 | INFO | ✅ Added patterns | File: EW-NDPM_12june_missing_file.csv | Folder: E:\\$RECYCLE.BIN\S-1-5-21-816750886-3876630686-1032715110-1002\$R1V7CDJ
2025-12-25 23:29:09,376 | INFO | 📊 Current database size: 299731 companies
2025-12-25 23:29:09,378 | INFO | 📄 Found file: E:\\$RECYCLE.BIN\S-1-5-21-816750886-3876630686-1032715110-1002\$R1V7CDJ\Formatted_file__Missing_13june.csv
2025-12-25 23:29:10,096 | INFO | ✅ Added patterns | File: Formatted_file__Missing_13june.csv | Folder: E:\\$RECYCLE.BIN\S-1-5-21-816750886-3876630686-1032715110-1002\$R1V7CDJ
2025-12-25 23:29:10,097 | INFO | 📊 Current database size: 299731 companies
2025-12-25 23:29:10,097 | INFO | 📄 Found file: E:\\$RECYCLE.BIN\S-1-5-21-816750886-3876630686-1032715110-1002\$R1V7CDJ\Formatted_file__Missing_13june_file.csv
2025-12-25 23:29:10,327 | INFO | ✅ Added patterns | File: Formatted_file__Missing_13june_file.csv | Folder: E:\\$RECYCLE.BIN\S-1-5-21-816750886-3876630686-1032715110-1002\$R1V7CDJ
2025-12-25 23:29:10,328 | INFO | 📊 Current database size: 299731 companies
2025-12-25 23:29:10,328 | INFO | 📄 Found file: E:\\$RECYCLE.BIN\S-1-5-21-816750886-3876630686-1032715110-1002\$R1V7CDJ\Fresno, CA-10000 - Copy.xlsx
2025-12-25 23:29:14,357 | INFO | ✅ Added patterns | File: Fresno, CA-10000 - Copy.xlsx | Folder: E:\\$RECYCLE.BIN\S-1-5-21-816750886-3876630686-1032715110-1002\$R1V7CDJ
2025-12-25 23:29:14,358 | INFO | 📊 Current database size: 299731 companies
2025-12-25 23:29:14,358 | INFO | 📄 Found file: E:\\$RECYCLE.BIN\S-1-5-21-816750886-3876630686-1032715110-1002\$R1V7CDJ\Fresno, CA-10000 - Copy_new_tool_missing.csv
2025-12-25 23:29:14,563 | INFO | ✅ Added patterns | File: Fresno, CA-10000 - Copy_new_tool_missing.csv | Folder: E:\\$RECYCLE.BIN\S-1-5-21-816750886-3876630686-1032715110-1002\$R1V7CDJ
2025-12-25 23:29:14,563 | INFO | 📊 Current database size: 299731 companies
2025-12-25 23:29:14,564 | INFO | 📄 Found file: E:\\$RECYCLE.BIN\S-1-5-21-816750886-3876630686-1032715110-1002\$R1V7CDJ\Fresno, CA-10000 - Copy_new_tool_missing__new_tool_missing.csv
2025-12-25 23:29:14,780 | INFO | ✅ Added patterns | File: Fresno, CA-10000 - Copy_new_tool_missing__new_tool_missing.csv | Folder: E:\\$RECYCLE.BIN\S-1-5-21-816750886-3876630686-1032715110-1002\$R1V7CDJ
2025-12-25 23:29:14,781 | INFO | 📊 Current database size: 299731 companies
2025-12-25 23:29:14,782 | INFO | 📄 Found file: E:\\$RECYCLE.BIN\S-1-5-21-816750886-3876630686-1032715110-1002\$R1V7CDJ\Fresno, CA-10000.xlsx
2025-12-25 23:29:18,885 | INFO | ✅ Added patterns | File: Fresno, CA-10000.xlsx | Folder: E:\\$RECYCLE.BIN\S-1-5-21-816750886-3876630686-1032715110-1002\$R1V7CDJ
2025-12-25 23:29:18,886 | INFO | 📊 Current database size: 299731 companies
2025-12-25 23:29:18,886 | INFO | 📄 Found file: E:\\$RECYCLE.BIN\S-1-5-21-816750886-3876630686-1032715110-1002\$R1V7CDJ\Fresno, CA-test.xlsx
2025-12-25 23:29:19,079 | INFO | ✅ Added patterns | File: Fresno, CA-test.xlsx | Folder: E:\\$RECYCLE.BIN\S-1-5-21-816750886-3876630686-1032715110-1002\$R1V7CDJ
2025-12-25 23:29:19,080 | INFO | 📊 Current database size: 299731 companies
2025-12-25 23:29:19,082 | INFO | 📄 Found file: E:\\$RECYCLE.BIN\S-1-5-21-816750886-3876630686-1032715110-1002\$R1V7CDJ\Mar_File6.7L.csv
2025-12-25 23:29:22,336 | INFO | ✅ Added patterns | File: Mar_File6.7L.csv | Folder: E:\\$RECYCLE.BIN\S-1-5-21-816750886-3876630686-1032715110-1002\$R1V7CDJ
2025-12-25 23:29:22,338 | INFO | 📊 Current database size: 299731 companies
2025-12-25 23:29:22,338 | INFO | 📄 Found file: E:\\$RECYCLE.BIN\S-1-5-21-816750886-3876630686-1032715110-1002\$R1V7CDJ\Mar_File6.7L.xlsx
2025-12-25 23:31:03,204 | INFO | ✅ Added patterns | File: Mar_File6.7L.xlsx | Folder: E:\\$RECYCLE.BIN\S-1-5-21-816750886-3876630686-1032715110-1002\$R1V7CDJ
2025-12-25 23:31:03,204 | INFO | 📊 Current database size: 299731 companies
2025-12-25 23:31:03,206 | INFO | 📄 Found file: E:\\$RECYCLE.BIN\S-1-5-21-816750886-3876630686-1032715110-1002\$R1V7CDJ\Mar_File6.7L_missing.csv
2025-12-25 23:31:04,661 | INFO | ✅ Added patterns | File: Mar_File6.7L_missing.csv | Folder: E:\\$RECYCLE.BIN\S-1-5-21-816750886-3876630686-1032715110-1002\$R1V7CDJ
2025-12-25 23:31:04,661 | INFO | 📊 Current database size: 299731 companies
2025-12-25 23:31:04,662 | INFO | 📄 Found file: E:\\$RECYCLE.BIN\S-1-5-21-816750886-3876630686-1032715110-1002\$R1V7CDJ\May Formatted File1.xlsx
2025-12-25 23:31:58,033 | INFO | ✅ Added patterns | File: May Formatted File1.xlsx | Folder: E:\\$RECYCLE.BIN\S-1-5-21-816750886-3876630686-1032715110-1002\$R1V7CDJ
2025-12-25 23:31:58,033 | INFO | 📊 Current database size: 299731 companies
2025-12-25 23:31:58,034 | INFO | 📄 Found file: E:\\$RECYCLE.BIN\S-1-5-21-816750886-3876630686-1032715110-1002\$R1V7CDJ\open icert 3.78L.xlsx
2025-12-25 23:33:31,190 | INFO | ✅ Added patterns | File: open icert 3.78L.xlsx | Folder: E:\\$RECYCLE.BIN\S-1-5-21-816750886-3876630686-1032715110-1002\$R1V7CDJ
2025-12-25 23:33:31,191 | INFO | 📊 Current database size: 299731 companies
2025-12-25 23:33:31,191 | INFO | 📄 Found file: E:\\$RECYCLE.BIN\S-1-5-21-816750886-3876630686-1032715110-1002\$R1V7CDJ\Total Open Data_tcart 2.5L.xlsx
2025-12-25 23:33:56,932 | INFO | ✅ Added patterns | File: Total Open Data_tcart 2.5L.xlsx | Folder: E:\\$RECYCLE.BIN\S-1-5-21-816750886-3876630686-1032715110-1002\$R1V7CDJ
2025-12-25 23:33:56,932 | INFO | 📊 Current database size: 299731 companies
2025-12-25 23:33:56,934 | INFO | 📄 Found file: E:\\$RECYCLE.BIN\S-1-5-21-816750886-3876630686-1032715110-1002\$R1V7CDJ\updatesb.csv
2025-12-25 23:33:57,189 | INFO | ✅ Added patterns | File: updatesb.csv | Folder: E:\\$RECYCLE.BIN\S-1-5-21-816750886-3876630686-1032715110-1002\$R1V7CDJ
2025-12-25 23:33:57,190 | INFO | 📊 Current database size: 299731 companies
2025-12-25 23:33:57,190 | INFO | 📄 Found file: E:\\$RECYCLE.BIN\S-1-5-21-816750886-3876630686-1032715110-1002\$R1V7CDJ\updatesb2.csv
2025-12-25 23:33:57,369 | INFO | ✅ Added patterns | File: updatesb2.csv | Folder: E:\\$RECYCLE.BIN\S-1-5-21-816750886-3876630686-1032715110-1002\$R1V7CDJ
2025-12-25 23:33:57,370 | INFO | 📊 Current database size: 299731 companies
2025-12-25 23:33:57,372 | INFO | 📄 Found file: E:\\$RECYCLE.BIN\S-1-5-21-816750886-3876630686-1032715110-1002\$R3OMQU2\db_19-Sep-2023 20_10_23.csv
2025-12-25 23:33:59,664 | INFO | ✅ Added patterns | File: db_19-Sep-2023 20_10_23.csv | Folder: E:\\$RECYCLE.BIN\S-1-5-21-816750886-3876630686-1032715110-1002\$R3OMQU2
2025-12-25 23:33:59,665 | INFO | 📊 Current database size: 299731 companies
2025-12-25 23:33:59,665 | INFO | 📄 Found file: E:\\$RECYCLE.BIN\S-1-5-21-816750886-3876630686-1032715110-1002\$R3OMQU2\db_19-Sep-2023 20_11_58.csv
2025-12-25 23:34:02,000 | INFO | ✅ Added patterns | File: db_19-Sep-2023 20_11_58.csv | Folder: E:\\$RECYCLE.BIN\S-1-5-21-816750886-3876630686-1032715110-1002\$R3OMQU2
2025-12-25 23:34:02,001 | INFO | 📊 Current database size: 299731 companies
2025-12-25 23:34:02,001 | INFO | 📄 Found file: E:\\$RECYCLE.BIN\S-1-5-21-816750886-3876630686-1032715110-1002\$R3OMQU2\db_19-Sep-2023 20_13_39.csv
2025-12-25 23:34:04,461 | INFO | ✅ Added patterns | File: db_19-Sep-2023 20_13_39.csv | Folder: E:\\$RECYCLE.BIN\S-1-5-21-816750886-3876630686-1032715110-1002\$R3OMQU2
2025-12-25 23:34:04,462 | INFO | 📊 Current database size: 299731 companies
2025-12-25 23:34:04,462 | INFO | 📄 Found file: E:\\$RECYCLE.BIN\S-1-5-21-816750886-3876630686-1032715110-1002\$R3OMQU2\db_19-Sep-2023 20_15_34.csv
2025-12-25 23:34:06,846 | INFO | ✅ Added patterns | File: db_19-Sep-2023 20_15_34.csv | Folder: E:\\$RECYCLE.BIN\S-1-5-21-816750886-3876630686-1032715110-1002\$R3OMQU2
2025-12-25 23:34:06,847 | INFO | 📊 Current database size: 299731 companies
2025-12-25 23:34:06,847 | INFO | 📄 Found file: E:\\$RECYCLE.BIN\S-1-5-21-816750886-3876630686-1032715110-1002\$R3OMQU2\db_19-Sep-2023 20_17_12.csv
2025-12-25 23:34:09,398 | INFO | ✅ Added patterns | File: db_19-Sep-2023 20_17_12.csv | Folder: E:\\$RECYCLE.BIN\S-1-5-21-816750886-3876630686-1032715110-1002\$R3OMQU2
2025-12-25 23:34:09,400 | INFO | 📊 Current database size: 299731 companies
2025-12-25 23:34:09,400 | INFO | 📄 Found file: E:\\$RECYCLE.BIN\S-1-5-21-816750886-3876630686-1032715110-1002\$R3OMQU2\db_19-Sep-2023 20_18_54.csv
2025-12-25 23:34:11,801 | INFO | ✅ Added patterns | File: db_19-Sep-2023 20_18_54.csv | Folder: E:\\$RECYCLE.BIN\S-1-5-21-816750886-3876630686-1032715110-1002\$R3OMQU2
2025-12-25 23:34:11,802 | INFO | 📊 Current database size: 299731 companies
2025-12-25 23:34:11,802 | INFO | 📄 Found file: E:\\$RECYCLE.BIN\S-1-5-21-816750886-3876630686-1032715110-1002\$R3OMQU2\db_19-Sep-2023 20_20_51.csv
2025-12-25 23:34:14,108 | INFO | ✅ Added patterns | File: db_19-Sep-2023 20_20_51.csv | Folder: E:\\$RECYCLE.BIN\S-1-5-21-816750886-3876630686-1032715110-1002\$R3OMQU2
2025-12-25 23:34:14,108 | INFO | 📊 Current database size: 299731 companies
2025-12-25 23:34:14,109 | INFO | 📄 Found file: E:\\$RECYCLE.BIN\S-1-5-21-816750886-3876630686-1032715110-1002\$R3OMQU2\db_19-Sep-2023 20_24_14.csv
2025-12-25 23:34:16,698 | INFO | ✅ Added patterns | File: db_19-Sep-2023 20_24_14.csv | Folder: E:\\$RECYCLE.BIN\S-1-5-21-816750886-3876630686-1032715110-1002\$R3OMQU2
2025-12-25 23:34:16,698 | INFO | 📊 Current database size: 299731 companies
2025-12-25 23:34:16,698 | INFO | 📄 Found file: E:\\$RECYCLE.BIN\S-1-5-21-816750886-3876630686-1032715110-1002\$R3OMQU2\db_19-Sep-2023 20_26_02.csv
2025-12-25 23:34:19,306 | INFO | ✅ Added patterns | File: db_19-Sep-2023 20_26_02.csv | Folder: E:\\$RECYCLE.BIN\S-1-5-21-816750886-3876630686-1032715110-1002\$R3OMQU2
2025-12-25 23:34:19,307 | INFO | 📊 Current database size: 299731 companies
2025-12-25 23:34:19,308 | INFO | 📄 Found file: E:\\$RECYCLE.BIN\S-1-5-21-816750886-3876630686-1032715110-1002\$R3OMQU2\db_19-Sep-2023 20_28_32.csv
2025-12-25 23:34:21,269 | INFO | ✅ Added patterns | File: db_19-Sep-2023 20_28_32.csv | Folder: E:\\$RECYCLE.BIN\S-1-5-21-816750886-3876630686-1032715110-1002\$R3OMQU2
2025-12-25 23:34:21,270 | INFO | 📊 Current database size: 299731 companies
2025-12-25 23:34:21,270 | INFO | 📄 Found file: E:\\$RECYCLE.BIN\S-1-5-21-816750886-3876630686-1032715110-1002\$R3OMQU2\db_19-Sep-2023 20_29_53.csv
2025-12-25 23:34:23,162 | INFO | ✅ Added patterns | File: db_19-Sep-2023 20_29_53.csv | Folder: E:\\$RECYCLE.BIN\S-1-5-21-816750886-3876630686-1032715110-1002\$R3OMQU2
2025-12-25 23:34:23,163 | INFO | 📊 Current database size: 299731 companies
2025-12-25 23:34:23,163 | INFO | 📄 Found file: E:\\$RECYCLE.BIN\S-1-5-21-816750886-3876630686-1032715110-1002\$R3OMQU2\db_19-Sep-2023 20_31_21.csv
2025-12-25 23:34:24,820 | INFO | ✅ Added patterns | File: db_19-Sep-2023 20_31_21.csv | Folder: E:\\$RECYCLE.BIN\S-1-5-21-816750886-3876630686-1032715110-1002\$R3OMQU2
2025-12-25 23:34:24,820 | INFO | 📊 Current database size: 299731 companies
2025-12-25 23:34:24,821 | INFO | 📄 Found file: E:\\$RECYCLE.BIN\S-1-5-21-816750886-3876630686-1032715110-1002\$R3OMQU2\db_19-Sep-2023 20_34_02.csv
2025-12-25 23:34:27,364 | INFO | ✅ Added patterns | File: db_19-Sep-2023 20_34_02.csv | Folder: E:\\$RECYCLE.BIN\S-1-5-21-816750886-3876630686-1032715110-1002\$R3OMQU2
2025-12-25 23:34:27,366 | INFO | 📊 Current database size: 299731 companies
2025-12-25 23:34:27,367 | INFO | 📄 Found file: E:\\$RECYCLE.BIN\S-1-5-21-816750886-3876630686-1032715110-1002\$R3OMQU2\db_19-Sep-2023 20_40_50.csv
2025-12-25 23:34:29,983 | INFO | ✅ Added patterns | File: db_19-Sep-2023 20_40_50.csv | Folder: E:\\$RECYCLE.BIN\S-1-5-21-816750886-3876630686-1032715110-1002\$R3OMQU2
2025-12-25 23:34:29,985 | INFO | 📊 Current database size: 299731 companies
2025-12-25 23:34:29,985 | INFO | 📄 Found file: E:\\$RECYCLE.BIN\S-1-5-21-816750886-3876630686-1032715110-1002\$R3OMQU2\db_19-Sep-2023 20_42_33.csv
2025-12-25 23:34:32,442 | INFO | ✅ Added patterns | File: db_19-Sep-2023 20_42_33.csv | Folder: E:\\$RECYCLE.BIN\S-1-5-21-816750886-3876630686-1032715110-1002\$R3OMQU2
2025-12-25 23:34:32,443 | INFO | 📊 Current database size: 299731 companies
2025-12-25 23:34:32,443 | INFO | 📄 Found file: E:\\$RECYCLE.BIN\S-1-5-21-816750886-3876630686-1032715110-1002\$R3OMQU2\db_19-Sep-2023 20_44_14.csv
2025-12-25 23:34:34,725 | INFO | ✅ Added patterns | File: db_19-Sep-2023 20_44_14.csv | Folder: E:\\$RECYCLE.BIN\S-1-5-21-816750886-3876630686-1032715110-1002\$R3OMQU2
2025-12-25 23:34:34,727 | INFO | 📊 Current database size: 299731 companies
2025-12-25 23:34:34,729 | INFO | 📄 Found file: E:\\$RECYCLE.BIN\S-1-5-21-816750886-3876630686-1032715110-1002\$R3OMQU2\db_19-Sep-2023 20_47_40.csv
2025-12-25 23:34:37,345 | INFO | ✅ Added patterns | File: db_19-Sep-2023 20_47_40.csv | Folder: E:\\$RECYCLE.BIN\S-1-5-21-816750886-3876630686-1032715110-1002\$R3OMQU2
2025-12-25 23:34:37,346 | INFO | 📊 Current database size: 299731 companies
2025-12-25 23:34:37,346 | INFO | 📄 Found file: E:\\$RECYCLE.BIN\S-1-5-21-816750886-3876630686-1032715110-1002\$R3OMQU2\db_19-Sep-2023 20_49_26.csv
2025-12-25 23:34:40,060 | INFO | ✅ Added patterns | File: db_19-Sep-2023 20_49_26.csv | Folder: E:\\$RECYCLE.BIN\S-1-5-21-816750886-3876630686-1032715110-1002\$R3OMQU2
2025-12-25 23:34:40,060 | INFO | 📊 Current database size: 299731 companies
2025-12-25 23:34:40,061 | INFO | 📄 Found file: E:\\$RECYCLE.BIN\S-1-5-21-816750886-3876630686-1032715110-1002\$R3OMQU2\db_19-Sep-2023 20_51_18.csv
2025-12-25 23:34:42,652 | INFO | ✅ Added patterns | File: db_19-Sep-2023 20_51_18.csv | Folder: E:\\$RECYCLE.BIN\S-1-5-21-816750886-3876630686-1032715110-1002\$R3OMQU2
2025-12-25 23:34:42,653 | INFO | 📊 Current database size: 299731 companies
2025-12-25 23:34:42,654 | INFO | 📄 Found file: E:\\$RECYCLE.BIN\S-1-5-21-816750886-3876630686-1032715110-1002\$R3OMQU2\db_19-Sep-2023 20_53_19.csv
2025-12-25 23:34:45,066 | INFO | ✅ Added patterns | File: db_19-Sep-2023 20_53_19.csv | Folder: E:\\$RECYCLE.BIN\S-1-5-21-816750886-3876630686-1032715110-1002\$R3OMQU2
2025-12-25 23:34:45,067 | INFO | 📊 Current database size: 299731 companies
2025-12-25 23:34:45,067 | INFO | 📄 Found file: E:\\$RECYCLE.BIN\S-1-5-21-816750886-3876630686-1032715110-1002\$R3OMQU2\db_19-Sep-2023 20_55_51.csv
2025-12-25 23:34:47,439 | INFO | ✅ Added patterns | File: db_19-Sep-2023 20_55_51.csv | Folder: E:\\$RECYCLE.BIN\S-1-5-21-816750886-3876630686-1032715110-1002\$R3OMQU2
2025-12-25 23:34:47,440 | INFO | 📊 Current database size: 299731 companies
2025-12-25 23:34:47,440 | INFO | 📄 Found file: E:\\$RECYCLE.BIN\S-1-5-21-816750886-3876630686-1032715110-1002\$R3OMQU2\db_19-Sep-2023 20_59_43.csv
2025-12-25 23:34:49,565 | INFO | ✅ Added patterns | File: db_19-Sep-2023 20_59_43.csv | Folder: E:\\$RECYCLE.BIN\S-1-5-21-816750886-3876630686-1032715110-1002\$R3OMQU2
2025-12-25 23:34:49,566 | INFO | 📊 Current database size: 299731 companies
2025-12-25 23:34:49,566 | INFO | 📄 Found file: E:\\$RECYCLE.BIN\S-1-5-21-816750886-3876630686-1032715110-1002\$R3OMQU2\db_19-Sep-2023 21_01_44.csv
2025-12-25 23:34:51,912 | INFO | ✅ Added patterns | File: db_19-Sep-2023 21_01_44.csv | Folder: E:\\$RECYCLE.BIN\S-1-5-21-816750886-3876630686-1032715110-1002\$R3OMQU2
2025-12-25 23:34:51,913 | INFO | 📊 Current database size: 299731 companies
2025-12-25 23:34:51,913 | INFO | 📄 Found file: E:\\$RECYCLE.BIN\S-1-5-21-816750886-3876630686-1032715110-1002\$R3OMQU2\db_19-Sep-2023 21_04_12.csv
2025-12-25 23:34:54,738 | INFO | ✅ Added patterns | File: db_19-Sep-2023 21_04_12.csv | Folder: E:\\$RECYCLE.BIN\S-1-5-21-816750886-3876630686-1032715110-1002\$R3OMQU2
2025-12-25 23:34:54,738 | INFO | 📊 Current database size: 299731 companies
2025-12-25 23:34:54,739 | INFO | 📄 Found file: E:\\$RECYCLE.BIN\S-1-5-21-816750886-3876630686-1032715110-1002\$R3OMQU2\db_19-Sep-2023 21_06_28.csv
2025-12-25 23:34:57,505 | INFO | ✅ Added patterns | File: db_19-Sep-2023 21_06_28.csv | Folder: E:\\$RECYCLE.BIN\S-1-5-21-816750886-3876630686-1032715110-1002\$R3OMQU2
2025-12-25 23:34:57,506 | INFO | 📊 Current database size: 299731 companies
2025-12-25 23:34:57,506 | INFO | 📄 Found file: E:\\$RECYCLE.BIN\S-1-5-21-816750886-3876630686-1032715110-1002\$R3OMQU2\db_19-Sep-2023 21_08_51.csv
2025-12-25 23:35:00,261 | INFO | ✅ Added patterns | File: db_19-Sep-2023 21_08_51.csv | Folder: E:\\$RECYCLE.BIN\S-1-5-21-816750886-3876630686-1032715110-1002\$R3OMQU2
2025-12-25 23:35:00,262 | INFO | 📊 Current database size: 299731 companies
2025-12-25 23:35:00,262 | INFO | 📄 Found file: E:\\$RECYCLE.BIN\S-1-5-21-816750886-3876630686-1032715110-1002\$R3OMQU2\db_19-Sep-2023 21_11_22.csv
2025-12-25 23:35:02,596 | INFO | ✅ Added patterns | File: db_19-Sep-2023 21_11_22.csv | Folder: E:\\$RECYCLE.BIN\S-1-5-21-816750886-3876630686-1032715110-1002\$R3OMQU2
2025-12-25 23:35:02,596 | INFO | 📊 Current database size: 299731 companies
2025-12-25 23:35:02,597 | INFO | 📄 Found file: E:\\$RECYCLE.BIN\S-1-5-21-816750886-3876630686-1032715110-1002\$R3OMQU2\db_19-Sep-2023 21_13_32.csv
2025-12-25 23:35:04,210 | INFO | ✅ Added patterns | File: db_19-Sep-2023 21_13_32.csv | Folder: E:\\$RECYCLE.BIN\S-1-5-21-816750886-3876630686-1032715110-1002\$R3OMQU2
2025-12-25 23:35:04,211 | INFO | 📊 Current database size: 299731 companies
2025-12-25 23:35:04,212 | INFO | 📄 Found file: E:\\$RECYCLE.BIN\S-1-5-21-816750886-3876630686-1032715110-1002\$R3OMQU2\db_19-Sep-2023 21_15_13.csv
2025-12-25 23:35:06,229 | INFO | ✅ Added patterns | File: db_19-Sep-2023 21_15_13.csv | Folder: E:\\$RECYCLE.BIN\S-1-5-21-816750886-3876630686-1032715110-1002\$R3OMQU2
2025-12-25 23:35:06,231 | INFO | 📊 Current database size: 299731 companies
2025-12-25 23:35:06,231 | INFO | 📄 Found file: E:\\$RECYCLE.BIN\S-1-5-21-816750886-3876630686-1032715110-1002\$R3OMQU2\db_19-Sep-2023 21_16_58.csv
2025-12-25 23:35:08,141 | INFO | ✅ Added patterns | File: db_19-Sep-2023 21_16_58.csv | Folder: E:\\$RECYCLE.BIN\S-1-5-21-816750886-3876630686-1032715110-1002\$R3OMQU2
2025-12-25 23:35:08,142 | INFO | 📊 Current database size: 299731 companies
2025-12-25 23:35:08,143 | INFO | 📄 Found file: E:\\$RECYCLE.BIN\S-1-5-21-816750886-3876630686-1032715110-1002\$R3OMQU2\db_19-Sep-2023 21_18_59.csv
2025-12-25 23:35:11,015 | INFO | ✅ Added patterns | File: db_19-Sep-2023 21_18_59.csv | Folder: E:\\$RECYCLE.BIN\S-1-5-21-816750886-3876630686-1032715110-1002\$R3OMQU2
2025-12-25 23:35:11,016 | INFO | 📊 Current database size: 299731 companies
2025-12-25 23:35:11,016 | INFO | 📄 Found file: E:\\$RECYCLE.BIN\S-1-5-21-816750886-3876630686-1032715110-1002\$R3OMQU2\db_19-Sep-2023 21_21_24.csv
2025-12-25 23:35:13,819 | INFO | ✅ Added patterns | File: db_19-Sep-2023 21_21_24.csv | Folder: E:\\$RECYCLE.BIN\S-1-5-21-816750886-3876630686-1032715110-1002\$R3OMQU2
2025-12-25 23:35:13,820 | INFO | 📊 Current database size: 299731 companies
2025-12-25 23:35:13,821 | INFO | 📄 Found file: E:\\$RECYCLE.BIN\S-1-5-21-816750886-3876630686-1032715110-1002\$R3OMQU2\db_19-Sep-2023 21_24_49.csv
2025-12-25 23:35:16,665 | INFO | ✅ Added patterns | File: db_19-Sep-2023 21_24_49.csv | Folder: E:\\$RECYCLE.BIN\S-1-5-21-816750886-3876630686-1032715110-1002\$R3OMQU2
2025-12-25 23:35:16,666 | INFO | 📊 Current database size: 299731 companies
2025-12-25 23:35:16,666 | INFO | 📄 Found file: E:\\$RECYCLE.BIN\S-1-5-21-816750886-3876630686-1032715110-1002\$R3OMQU2\db_19-Sep-2023 21_26_59.csv
2025-12-25 23:35:19,484 | INFO | ✅ Added patterns | File: db_19-Sep-2023 21_26_59.csv | Folder: E:\\$RECYCLE.BIN\S-1-5-21-816750886-3876630686-1032715110-1002\$R3OMQU2
2025-12-25 23:35:19,484 | INFO | 📊 Current database size: 299731 companies
2025-12-25 23:35:19,485 | INFO | 📄 Found file: E:\\$RECYCLE.BIN\S-1-5-21-816750886-3876630686-1032715110-1002\$R3OMQU2\db_19-Sep-2023 21_29_10.csv
2025-12-25 23:35:20,746 | INFO | ✅ Added patterns | File: db_19-Sep-2023 21_29_10.csv | Folder: E:\\$RECYCLE.BIN\S-1-5-21-816750886-3876630686-1032715110-1002\$R3OMQU2
2025-12-25 23:35:20,747 | INFO | 📊 Current database size: 299731 companies
2025-12-25 23:35:20,748 | INFO | 📄 Found file: E:\\$RECYCLE.BIN\S-1-5-21-816750886-3876630686-1032715110-1002\$R3OMQU2\db_Albuquerque&Tulsa Seggrigation.csv
2025-12-25 23:35:21,015 | INFO | ✅ Added patterns | File: db_Albuquerque&Tulsa Seggrigation.csv | Folder: E:\\$RECYCLE.BIN\S-1-5-21-816750886-3876630686-1032715110-1002\$R3OMQU2
2025-12-25 23:35:21,016 | INFO | 📊 Current database size: 299731 companies
2025-12-25 23:35:21,017 | INFO | 📄 Found file: E:\\$RECYCLE.BIN\S-1-5-21-816750886-3876630686-1032715110-1002\$R3OMQU2\db_Albuquerque, NM-81000.csv
2025-12-25 23:35:21,447 | INFO | ✅ Added patterns | File: db_Albuquerque, NM-81000.csv | Folder: E:\\$RECYCLE.BIN\S-1-5-21-816750886-3876630686-1032715110-1002\$R3OMQU2
2025-12-25 23:35:21,448 | INFO | 📊 Current database size: 299731 companies
2025-12-25 23:35:21,448 | INFO | 📄 Found file: E:\\$RECYCLE.BIN\S-1-5-21-816750886-3876630686-1032715110-1002\$R3OMQU2\db_Atlanta, GA-B2B-44874.csv
2025-12-25 23:35:21,812 | INFO | ✅ Added patterns | File: db_Atlanta, GA-B2B-44874.csv | Folder: E:\\$RECYCLE.BIN\S-1-5-21-816750886-3876630686-1032715110-1002\$R3OMQU2
2025-12-25 23:35:21,813 | INFO | 📊 Current database size: 299731 companies
2025-12-25 23:35:21,813 | INFO | 📄 Found file: E:\\$RECYCLE.BIN\S-1-5-21-816750886-3876630686-1032715110-1002\$R3OMQU2\db_Atlanta, GA-LSSGB-137575.csv
2025-12-25 23:35:22,404 | INFO | ✅ Added patterns | File: db_Atlanta, GA-LSSGB-137575.csv | Folder: E:\\$RECYCLE.BIN\S-1-5-21-816750886-3876630686-1032715110-1002\$R3OMQU2
2025-12-25 23:35:22,404 | INFO | 📊 Current database size: 299731 companies
2025-12-25 23:35:22,405 | INFO | 📄 Found file: E:\\$RECYCLE.BIN\S-1-5-21-816750886-3876630686-1032715110-1002\$R3OMQU2\db_Atlanta, GA-PMP-176938.csv
2025-12-25 23:35:23,107 | INFO | ✅ Added patterns | File: db_Atlanta, GA-PMP-176938.csv | Folder: E:\\$RECYCLE.BIN\S-1-5-21-816750886-3876630686-1032715110-1002\$R3OMQU2
2025-12-25 23:35:23,108 | INFO | 📊 Current database size: 299731 companies
2025-12-25 23:35:23,108 | INFO | 📄 Found file: E:\\$RECYCLE.BIN\S-1-5-21-816750886-3876630686-1032715110-1002\$R3OMQU2\db_Austin, Tx seggrigation_1.csv
2025-12-25 23:35:23,460 | INFO | ✅ Added patterns | File: db_Austin, Tx seggrigation_1.csv | Folder: E:\\$RECYCLE.BIN\S-1-5-21-816750886-3876630686-1032715110-1002\$R3OMQU2
2025-12-25 23:35:23,460 | INFO | 📊 Current database size: 299731 companies
2025-12-25 23:35:23,462 | INFO | 📄 Found file: E:\\$RECYCLE.BIN\S-1-5-21-816750886-3876630686-1032715110-1002\$R3OMQU2\db_Austin, TX-250000.csv
2025-12-25 23:35:24,468 | INFO | ✅ Added patterns | File: db_Austin, TX-250000.csv | Folder: E:\\$RECYCLE.BIN\S-1-5-21-816750886-3876630686-1032715110-1002\$R3OMQU2
2025-12-25 23:35:24,469 | INFO | 📊 Current database size: 299731 companies
2025-12-25 23:35:24,469 | INFO | 📄 Found file: E:\\$RECYCLE.BIN\S-1-5-21-816750886-3876630686-1032715110-1002\$R3OMQU2\db_Baltimore, MD-B2B-23152.csv
2025-12-25 23:35:24,772 | INFO | ✅ Added patterns | File: db_Baltimore, MD-B2B-23152.csv | Folder: E:\\$RECYCLE.BIN\S-1-5-21-816750886-3876630686-1032715110-1002\$R3OMQU2
2025-12-25 23:35:24,772 | INFO | 📊 Current database size: 299731 companies
2025-12-25 23:35:24,773 | INFO | 📄 Found file: E:\\$RECYCLE.BIN\S-1-5-21-816750886-3876630686-1032715110-1002\$R3OMQU2\db_Baltimore, MD-PMP-109446.csv
2025-12-25 23:35:25,379 | INFO | ✅ Added patterns | File: db_Baltimore, MD-PMP-109446.csv | Folder: E:\\$RECYCLE.BIN\S-1-5-21-816750886-3876630686-1032715110-1002\$R3OMQU2
2025-12-25 23:35:25,380 | INFO | 📊 Current database size: 299731 companies
2025-12-25 23:35:25,382 | INFO | 📄 Found file: E:\\$RECYCLE.BIN\S-1-5-21-816750886-3876630686-1032715110-1002\$R3OMQU2\db_Birmingham, AL-PMP-98164.csv
2025-12-25 23:35:26,033 | INFO | ✅ Added patterns | File: db_Birmingham, AL-PMP-98164.csv | Folder: E:\\$RECYCLE.BIN\S-1-5-21-816750886-3876630686-1032715110-1002\$R3OMQU2
2025-12-25 23:35:26,034 | INFO | 📊 Current database size: 299731 companies
2025-12-25 23:35:26,034 | INFO | 📄 Found file: E:\\$RECYCLE.BIN\S-1-5-21-816750886-3876630686-1032715110-1002\$R3OMQU2\db_Boise, ID Seggrigation 2018.csv
2025-12-25 23:35:26,330 | INFO | ✅ Added patterns | File: db_Boise, ID Seggrigation 2018.csv | Folder: E:\\$RECYCLE.BIN\S-1-5-21-816750886-3876630686-1032715110-1002\$R3OMQU2
2025-12-25 23:35:26,331 | INFO | 📊 Current database size: 299731 companies
2025-12-25 23:35:26,331 | INFO | 📄 Found file: E:\\$RECYCLE.BIN\S-1-5-21-816750886-3876630686-1032715110-1002\$R3OMQU2\db_Boise, ID-56000.csv
2025-12-25 23:35:26,727 | INFO | ✅ Added patterns | File: db_Boise, ID-56000.csv | Folder: E:\\$RECYCLE.BIN\S-1-5-21-816750886-3876630686-1032715110-1002\$R3OMQU2
2025-12-25 23:35:26,728 | INFO | 📊 Current database size: 299731 companies
2025-12-25 23:35:26,728 | INFO | 📄 Found file: E:\\$RECYCLE.BIN\S-1-5-21-816750886-3876630686-1032715110-1002\$R3OMQU2\db_Boston, MA-110132.csv
2025-12-25 23:35:27,288 | INFO | ✅ Added patterns | File: db_Boston, MA-110132.csv | Folder: E:\\$RECYCLE.BIN\S-1-5-21-816750886-3876630686-1032715110-1002\$R3OMQU2
2025-12-25 23:35:27,288 | INFO | 📊 Current database size: 299731 companies
2025-12-25 23:35:27,289 | INFO | 📄 Found file: E:\\$RECYCLE.BIN\S-1-5-21-816750886-3876630686-1032715110-1002\$R3OMQU2\db_Boston, MA-B2B-21443.csv
2025-12-25 23:35:27,559 | INFO | ✅ Added patterns | File: db_Boston, MA-B2B-21443.csv | Folder: E:\\$RECYCLE.BIN\S-1-5-21-816750886-3876630686-1032715110-1002\$R3OMQU2
2025-12-25 23:35:27,559 | INFO | 📊 Current database size: 299731 companies
2025-12-25 23:35:27,560 | INFO | 📄 Found file: E:\\$RECYCLE.BIN\S-1-5-21-816750886-3876630686-1032715110-1002\$R3OMQU2\db_Boston, MA-PMP-78586.csv
2025-12-25 23:35:28,008 | INFO | ✅ Added patterns | File: db_Boston, MA-PMP-78586.csv | Folder: E:\\$RECYCLE.BIN\S-1-5-21-816750886-3876630686-1032715110-1002\$R3OMQU2
2025-12-25 23:35:28,009 | INFO | 📊 Current database size: 299731 companies
2025-12-25 23:35:28,009 | INFO | 📄 Found file: E:\\$RECYCLE.BIN\S-1-5-21-816750886-3876630686-1032715110-1002\$R3OMQU2\db_Buffalo, NY-PMP-15804.csv
2025-12-25 23:35:28,307 | INFO | ✅ Added patterns | File: db_Buffalo, NY-PMP-15804.csv | Folder: E:\\$RECYCLE.BIN\S-1-5-21-816750886-3876630686-1032715110-1002\$R3OMQU2
2025-12-25 23:35:28,307 | INFO | 📊 Current database size: 299731 companies
2025-12-25 23:35:28,308 | INFO | 📄 Found file: E:\\$RECYCLE.BIN\S-1-5-21-816750886-3876630686-1032715110-1002\$R3OMQU2\db_Calgary file 2.csv
2025-12-25 23:35:29,060 | INFO | ✅ Added patterns | File: db_Calgary file 2.csv | Folder: E:\\$RECYCLE.BIN\S-1-5-21-816750886-3876630686-1032715110-1002\$R3OMQU2
2025-12-25 23:35:29,060 | INFO | 📊 Current database size: 299731 companies
2025-12-25 23:35:29,061 | INFO | 📄 Found file: E:\\$RECYCLE.BIN\S-1-5-21-816750886-3876630686-1032715110-1002\$R3OMQU2\db_Calgary file.csv
2025-12-25 23:35:29,742 | INFO | ✅ Added patterns | File: db_Calgary file.csv | Folder: E:\\$RECYCLE.BIN\S-1-5-21-816750886-3876630686-1032715110-1002\$R3OMQU2
2025-12-25 23:35:29,742 | INFO | 📊 Current database size: 299731 companies
2025-12-25 23:35:29,743 | INFO | 📄 Found file: E:\\$RECYCLE.BIN\S-1-5-21-816750886-3876630686-1032715110-1002\$R3OMQU2\db_Calgary, AB-174000 (1).csv
2025-12-25 23:35:30,408 | INFO | ✅ Added patterns | File: db_Calgary, AB-174000 (1).csv | Folder: E:\\$RECYCLE.BIN\S-1-5-21-816750886-3876630686-1032715110-1002\$R3OMQU2
2025-12-25 23:35:30,409 | INFO | 📊 Current database size: 299731 companies
2025-12-25 23:35:30,409 | INFO | 📄 Found file: E:\\$RECYCLE.BIN\S-1-5-21-816750886-3876630686-1032715110-1002\$R3OMQU2\db_Calgary, AB-174000.csv
2025-12-25 23:35:31,035 | INFO | ✅ Added patterns | File: db_Calgary, AB-174000.csv | Folder: E:\\$RECYCLE.BIN\S-1-5-21-816750886-3876630686-1032715110-1002\$R3OMQU2
2025-12-25 23:35:31,036 | INFO | 📊 Current database size: 299731 companies
2025-12-25 23:35:31,036 | INFO | 📄 Found file: E:\\$RECYCLE.BIN\S-1-5-21-816750886-3876630686-1032715110-1002\$R3OMQU2\db_Charlotte, NC-110000.csv
2025-12-25 23:35:31,583 | INFO | ✅ Added patterns | File: db_Charlotte, NC-110000.csv | Folder: E:\\$RECYCLE.BIN\S-1-5-21-816750886-3876630686-1032715110-1002\$R3OMQU2
2025-12-25 23:35:31,583 | INFO | 📊 Current database size: 299731 companies
2025-12-25 23:35:31,584 | INFO | 📄 Found file: E:\\$RECYCLE.BIN\S-1-5-21-816750886-3876630686-1032715110-1002\$R3OMQU2\db_Charlotte, NC-B2B-16773.csv
2025-12-25 23:35:31,803 | INFO | ✅ Added patterns | File: db_Charlotte, NC-B2B-16773.csv | Folder: E:\\$RECYCLE.BIN\S-1-5-21-816750886-3876630686-1032715110-1002\$R3OMQU2
2025-12-25 23:35:31,803 | INFO | 📊 Current database size: 299731 companies
2025-12-25 23:35:31,805 | INFO | 📄 Found file: E:\\$RECYCLE.BIN\S-1-5-21-816750886-3876630686-1032715110-1002\$R3OMQU2\db_Charlotte, NC-LSSGB-58056.csv
2025-12-25 23:35:32,187 | INFO | ✅ Added patterns | File: db_Charlotte, NC-LSSGB-58056.csv | Folder: E:\\$RECYCLE.BIN\S-1-5-21-816750886-3876630686-1032715110-1002\$R3OMQU2
2025-12-25 23:35:32,187 | INFO | 📊 Current database size: 299731 companies
2025-12-25 23:35:32,188 | INFO | 📄 Found file: E:\\$RECYCLE.BIN\S-1-5-21-816750886-3876630686-1032715110-1002\$R3OMQU2\db_Charlotte, NC-PMP-70752 uploaded to tool.csv
2025-12-25 23:35:32,601 | INFO | ✅ Added patterns | File: db_Charlotte, NC-PMP-70752 uploaded to tool.csv | Folder: E:\\$RECYCLE.BIN\S-1-5-21-816750886-3876630686-1032715110-1002\$R3OMQU2
2025-12-25 23:35:32,601 | INFO | 📊 Current database size: 299731 companies
2025-12-25 23:35:32,603 | INFO | 📄 Found file: E:\\$RECYCLE.BIN\S-1-5-21-816750886-3876630686-1032715110-1002\$R3OMQU2\db_Chicago, IL-77000.csv
2025-12-25 23:35:33,052 | INFO | ✅ Added patterns | File: db_Chicago, IL-77000.csv | Folder: E:\\$RECYCLE.BIN\S-1-5-21-816750886-3876630686-1032715110-1002\$R3OMQU2
2025-12-25 23:35:33,053 | INFO | 📊 Current database size: 299731 companies
2025-12-25 23:35:33,053 | INFO | 📄 Found file: E:\\$RECYCLE.BIN\S-1-5-21-816750886-3876630686-1032715110-1002\$R3OMQU2\db_Chicago, IL-B2B-50394.csv
2025-12-25 23:35:33,408 | INFO | ✅ Added patterns | File: db_Chicago, IL-B2B-50394.csv | Folder: E:\\$RECYCLE.BIN\S-1-5-21-816750886-3876630686-1032715110-1002\$R3OMQU2
2025-12-25 23:35:33,409 | INFO | 📊 Current database size: 299731 companies
2025-12-25 23:35:33,410 | INFO | 📄 Found file: E:\\$RECYCLE.BIN\S-1-5-21-816750886-3876630686-1032715110-1002\$R3OMQU2\db_Chicago, IL-LSSGB-140529.csv
2025-12-25 23:35:33,992 | INFO | ✅ Added patterns | File: db_Chicago, IL-LSSGB-140529.csv | Folder: E:\\$RECYCLE.BIN\S-1-5-21-816750886-3876630686-1032715110-1002\$R3OMQU2
2025-12-25 23:35:33,992 | INFO | 📊 Current database size: 299731 companies
2025-12-25 23:35:33,993 | INFO | 📄 Found file: E:\\$RECYCLE.BIN\S-1-5-21-816750886-3876630686-1032715110-1002\$R3OMQU2\db_Chicago, IL-PMP-200132.csv
2025-12-25 23:35:34,689 | INFO | ✅ Added patterns | File: db_Chicago, IL-PMP-200132.csv | Folder: E:\\$RECYCLE.BIN\S-1-5-21-816750886-3876630686-1032715110-1002\$R3OMQU2
2025-12-25 23:35:34,690 | INFO | 📊 Current database size: 299731 companies
2025-12-25 23:35:34,691 | INFO | 📄 Found file: E:\\$RECYCLE.BIN\S-1-5-21-816750886-3876630686-1032715110-1002\$R3OMQU2\db_Cleveland, OH-224000-Y.csv
2025-12-25 23:35:35,535 | INFO | ✅ Added patterns | File: db_Cleveland, OH-224000-Y.csv | Folder: E:\\$RECYCLE.BIN\S-1-5-21-816750886-3876630686-1032715110-1002\$R3OMQU2
2025-12-25 23:35:35,536 | INFO | 📊 Current database size: 299731 companies
2025-12-25 23:35:35,536 | INFO | 📄 Found file: E:\\$RECYCLE.BIN\S-1-5-21-816750886-3876630686-1032715110-1002\$R3OMQU2\db_Colorado Springs, CO Seggrigation _ - Copy.csv
2025-12-25 23:35:35,803 | INFO | ✅ Added patterns | File: db_Colorado Springs, CO Seggrigation _ - Copy.csv | Folder: E:\\$RECYCLE.BIN\S-1-5-21-816750886-3876630686-1032715110-1002\$R3OMQU2
2025-12-25 23:35:35,804 | INFO | 📊 Current database size: 299731 companies
2025-12-25 23:35:35,804 | INFO | 📄 Found file: E:\\$RECYCLE.BIN\S-1-5-21-816750886-3876630686-1032715110-1002\$R3OMQU2\db_Colorado Springs, CO Seggrigation _.csv
2025-12-25 23:35:36,018 | INFO | ✅ Added patterns | File: db_Colorado Springs, CO Seggrigation _.csv | Folder: E:\\$RECYCLE.BIN\S-1-5-21-816750886-3876630686-1032715110-1002\$R3OMQU2
2025-12-25 23:35:36,019 | INFO | 📊 Current database size: 299731 companies
2025-12-25 23:35:36,020 | INFO | 📄 Found file: E:\\$RECYCLE.BIN\S-1-5-21-816750886-3876630686-1032715110-1002\$R3OMQU2\db_Dallas, TX Seggrigation_1.csv
2025-12-25 23:35:36,563 | INFO | ✅ Added patterns | File: db_Dallas, TX Seggrigation_1.csv | Folder: E:\\$RECYCLE.BIN\S-1-5-21-816750886-3876630686-1032715110-1002\$R3OMQU2
2025-12-25 23:35:36,565 | INFO | 📊 Current database size: 299731 companies
2025-12-25 23:35:36,565 | INFO | 📄 Found file: E:\\$RECYCLE.BIN\S-1-5-21-816750886-3876630686-1032715110-1002\$R3OMQU2\db_Dallas, TX Seggrigation_2018.csv
2025-12-25 23:35:37,366 | INFO | ✅ Added patterns | File: db_Dallas, TX Seggrigation_2018.csv | Folder: E:\\$RECYCLE.BIN\S-1-5-21-816750886-3876630686-1032715110-1002\$R3OMQU2
2025-12-25 23:35:37,367 | INFO | 📊 Current database size: 299731 companies
2025-12-25 23:35:37,369 | INFO | 📄 Found file: E:\\$RECYCLE.BIN\S-1-5-21-816750886-3876630686-1032715110-1002\$R3OMQU2\db_Dallas, TX-420000.csv
2025-12-25 23:35:38,637 | INFO | ✅ Added patterns | File: db_Dallas, TX-420000.csv | Folder: E:\\$RECYCLE.BIN\S-1-5-21-816750886-3876630686-1032715110-1002\$R3OMQU2
2025-12-25 23:35:38,639 | INFO | 📊 Current database size: 299731 companies
2025-12-25 23:35:38,640 | INFO | 📄 Found file: E:\\$RECYCLE.BIN\S-1-5-21-816750886-3876630686-1032715110-1002\$R3OMQU2\db_Denver,  CO Seggrigation_1.csv
2025-12-25 23:35:38,941 | INFO | ✅ Added patterns | File: db_Denver,  CO Seggrigation_1.csv | Folder: E:\\$RECYCLE.BIN\S-1-5-21-816750886-3876630686-1032715110-1002\$R3OMQU2
2025-12-25 23:35:38,942 | INFO | 📊 Current database size: 299731 companies
2025-12-25 23:35:38,942 | INFO | 📄 Found file: E:\\$RECYCLE.BIN\S-1-5-21-816750886-3876630686-1032715110-1002\$R3OMQU2\db_Denver, CO Seggrigation _  Done.csv
2025-12-25 23:35:39,192 | INFO | ✅ Added patterns | File: db_Denver, CO Seggrigation _  Done.csv | Folder: E:\\$RECYCLE.BIN\S-1-5-21-816750886-3876630686-1032715110-1002\$R3OMQU2
2025-12-25 23:35:39,193 | INFO | 📊 Current database size: 299731 companies
2025-12-25 23:35:39,193 | INFO | 📄 Found file: E:\\$RECYCLE.BIN\S-1-5-21-816750886-3876630686-1032715110-1002\$R3OMQU2\db_Des Moines, IA-PMP-57376.csv
2025-12-25 23:35:39,547 | INFO | ✅ Added patterns | File: db_Des Moines, IA-PMP-57376.csv | Folder: E:\\$RECYCLE.BIN\S-1-5-21-816750886-3876630686-1032715110-1002\$R3OMQU2
2025-12-25 23:35:39,547 | INFO | 📊 Current database size: 299731 companies
2025-12-25 23:35:39,548 | INFO | 📄 Found file: E:\\$RECYCLE.BIN\S-1-5-21-816750886-3876630686-1032715110-1002\$R3OMQU2\db_Detroit, MI-135000.csv
2025-12-25 23:35:40,117 | INFO | ✅ Added patterns | File: db_Detroit, MI-135000.csv | Folder: E:\\$RECYCLE.BIN\S-1-5-21-816750886-3876630686-1032715110-1002\$R3OMQU2
2025-12-25 23:35:40,117 | INFO | 📊 Current database size: 299731 companies
2025-12-25 23:35:40,118 | INFO | 📄 Found file: E:\\$RECYCLE.BIN\S-1-5-21-816750886-3876630686-1032715110-1002\$R3OMQU2\db_Edmonton, AB-93000.csv
2025-12-25 23:35:40,526 | INFO | ✅ Added patterns | File: db_Edmonton, AB-93000.csv | Folder: E:\\$RECYCLE.BIN\S-1-5-21-816750886-3876630686-1032715110-1002\$R3OMQU2
2025-12-25 23:35:40,527 | INFO | 📊 Current database size: 299731 companies
2025-12-25 23:35:40,527 | INFO | 📄 Found file: E:\\$RECYCLE.BIN\S-1-5-21-816750886-3876630686-1032715110-1002\$R3OMQU2\db_Eugene, OR-37000.csv
2025-12-25 23:35:40,912 | INFO | ✅ Added patterns | File: db_Eugene, OR-37000.csv | Folder: E:\\$RECYCLE.BIN\S-1-5-21-816750886-3876630686-1032715110-1002\$R3OMQU2
2025-12-25 23:35:40,912 | INFO | 📊 Current database size: 299731 companies
2025-12-25 23:35:40,913 | INFO | 📄 Found file: E:\\$RECYCLE.BIN\S-1-5-21-816750886-3876630686-1032715110-1002\$R3OMQU2\db_For tool - dupes removed.csv
2025-12-25 23:35:41,805 | INFO | ✅ Added patterns | File: db_For tool - dupes removed.csv | Folder: E:\\$RECYCLE.BIN\S-1-5-21-816750886-3876630686-1032715110-1002\$R3OMQU2
2025-12-25 23:35:41,806 | INFO | 📊 Current database size: 299731 companies
2025-12-25 23:35:41,807 | INFO | 📄 Found file: E:\\$RECYCLE.BIN\S-1-5-21-816750886-3876630686-1032715110-1002\$R3OMQU2\db_Fresno, CA-10000.csv
2025-12-25 23:35:42,022 | INFO | ✅ Added patterns | File: db_Fresno, CA-10000.csv | Folder: E:\\$RECYCLE.BIN\S-1-5-21-816750886-3876630686-1032715110-1002\$R3OMQU2
2025-12-25 23:35:42,022 | INFO | 📊 Current database size: 299731 companies
2025-12-25 23:35:42,023 | INFO | 📄 Found file: E:\\$RECYCLE.BIN\S-1-5-21-816750886-3876630686-1032715110-1002\$R3OMQU2\db_Halifax, NS-18000.csv
2025-12-25 23:35:42,408 | INFO | ✅ Added patterns | File: db_Halifax, NS-18000.csv | Folder: E:\\$RECYCLE.BIN\S-1-5-21-816750886-3876630686-1032715110-1002\$R3OMQU2
2025-12-25 23:35:42,409 | INFO | 📊 Current database size: 299731 companies
2025-12-25 23:35:42,409 | INFO | 📄 Found file: E:\\$RECYCLE.BIN\S-1-5-21-816750886-3876630686-1032715110-1002\$R3OMQU2\db_Hartford, CT-PMP-67991.csv
2025-12-25 23:35:42,857 | INFO | ✅ Added patterns | File: db_Hartford, CT-PMP-67991.csv | Folder: E:\\$RECYCLE.BIN\S-1-5-21-816750886-3876630686-1032715110-1002\$R3OMQU2
2025-12-25 23:35:42,857 | INFO | 📊 Current database size: 299731 companies
2025-12-25 23:35:42,858 | INFO | 📄 Found file: E:\\$RECYCLE.BIN\S-1-5-21-816750886-3876630686-1032715110-1002\$R3OMQU2\db_Houston, TX Seggrigation_2018.csv
2025-12-25 23:35:43,283 | INFO | ✅ Added patterns | File: db_Houston, TX Seggrigation_2018.csv | Folder: E:\\$RECYCLE.BIN\S-1-5-21-816750886-3876630686-1032715110-1002\$R3OMQU2
2025-12-25 23:35:43,284 | INFO | 📊 Current database size: 299731 companies
2025-12-25 23:35:43,285 | INFO | 📄 Found file: E:\\$RECYCLE.BIN\S-1-5-21-816750886-3876630686-1032715110-1002\$R3OMQU2\db_Indianapolis, IN-B2B-16728.csv
2025-12-25 23:35:43,558 | INFO | ✅ Added patterns | File: db_Indianapolis, IN-B2B-16728.csv | Folder: E:\\$RECYCLE.BIN\S-1-5-21-816750886-3876630686-1032715110-1002\$R3OMQU2
2025-12-25 23:35:43,559 | INFO | 📊 Current database size: 299731 companies
2025-12-25 23:35:43,559 | INFO | 📄 Found file: E:\\$RECYCLE.BIN\S-1-5-21-816750886-3876630686-1032715110-1002\$R3OMQU2\db_Indianapolis, IN-PMP-81711.csv
2025-12-25 23:35:43,964 | INFO | ✅ Added patterns | File: db_Indianapolis, IN-PMP-81711.csv | Folder: E:\\$RECYCLE.BIN\S-1-5-21-816750886-3876630686-1032715110-1002\$R3OMQU2
2025-12-25 23:35:43,965 | INFO | 📊 Current database size: 299731 companies
2025-12-25 23:35:43,965 | INFO | 📄 Found file: E:\\$RECYCLE.BIN\S-1-5-21-816750886-3876630686-1032715110-1002\$R3OMQU2\db_Jacksonville, FL-110000.csv
2025-12-25 23:35:44,470 | INFO | ✅ Added patterns | File: db_Jacksonville, FL-110000.csv | Folder: E:\\$RECYCLE.BIN\S-1-5-21-816750886-3876630686-1032715110-1002\$R3OMQU2
2025-12-25 23:35:44,472 | INFO | 📊 Current database size: 299731 companies
2025-12-25 23:35:44,473 | INFO | 📄 Found file: E:\\$RECYCLE.BIN\S-1-5-21-816750886-3876630686-1032715110-1002\$R3OMQU2\db_Las Vegas, Va Seggrigation_1.csv
2025-12-25 23:35:44,796 | INFO | ✅ Added patterns | File: db_Las Vegas, Va Seggrigation_1.csv | Folder: E:\\$RECYCLE.BIN\S-1-5-21-816750886-3876630686-1032715110-1002\$R3OMQU2
2025-12-25 23:35:44,796 | INFO | 📊 Current database size: 299731 companies
2025-12-25 23:35:44,797 | INFO | 📄 Found file: E:\\$RECYCLE.BIN\S-1-5-21-816750886-3876630686-1032715110-1002\$R3OMQU2\db_Little Rock, AR-64000.csv
2025-12-25 23:35:45,160 | INFO | ✅ Added patterns | File: db_Little Rock, AR-64000.csv | Folder: E:\\$RECYCLE.BIN\S-1-5-21-816750886-3876630686-1032715110-1002\$R3OMQU2
2025-12-25 23:35:45,160 | INFO | 📊 Current database size: 299731 companies
2025-12-25 23:35:45,161 | INFO | 📄 Found file: E:\\$RECYCLE.BIN\S-1-5-21-816750886-3876630686-1032715110-1002\$R3OMQU2\db_Little Rock, AR-PMP-64271.csv
2025-12-25 23:35:45,504 | INFO | ✅ Added patterns | File: db_Little Rock, AR-PMP-64271.csv | Folder: E:\\$RECYCLE.BIN\S-1-5-21-816750886-3876630686-1032715110-1002\$R3OMQU2
2025-12-25 23:35:45,505 | INFO | 📊 Current database size: 299731 companies
2025-12-25 23:35:45,505 | INFO | 📄 Found file: E:\\$RECYCLE.BIN\S-1-5-21-816750886-3876630686-1032715110-1002\$R3OMQU2\db_LOS Angeles, CA  Seggrigation_1.csv
2025-12-25 23:35:46,368 | INFO | ✅ Added patterns | File: db_LOS Angeles, CA  Seggrigation_1.csv | Folder: E:\\$RECYCLE.BIN\S-1-5-21-816750886-3876630686-1032715110-1002\$R3OMQU2
2025-12-25 23:35:46,369 | INFO | 📊 Current database size: 299731 companies
2025-12-25 23:35:46,370 | INFO | 📄 Found file: E:\\$RECYCLE.BIN\S-1-5-21-816750886-3876630686-1032715110-1002\$R3OMQU2\db_Los Angeles, CA Seggrigation.csv
2025-12-25 23:35:46,746 | INFO | ✅ Added patterns | File: db_Los Angeles, CA Seggrigation.csv | Folder: E:\\$RECYCLE.BIN\S-1-5-21-816750886-3876630686-1032715110-1002\$R3OMQU2
2025-12-25 23:35:46,747 | INFO | 📊 Current database size: 299731 companies
2025-12-25 23:35:46,748 | INFO | 📄 Found file: E:\\$RECYCLE.BIN\S-1-5-21-816750886-3876630686-1032715110-1002\$R3OMQU2\db_Los Angeles, CA-440000.csv
2025-12-25 23:35:48,392 | INFO | ✅ Added patterns | File: db_Los Angeles, CA-440000.csv | Folder: E:\\$RECYCLE.BIN\S-1-5-21-816750886-3876630686-1032715110-1002\$R3OMQU2
2025-12-25 23:35:48,393 | INFO | 📊 Current database size: 299731 companies
2025-12-25 23:35:48,393 | INFO | 📄 Found file: E:\\$RECYCLE.BIN\S-1-5-21-816750886-3876630686-1032715110-1002\$R3OMQU2\db_Louisville, KY-51000-Y.csv
2025-12-25 23:35:48,757 | INFO | ✅ Added patterns | File: db_Louisville, KY-51000-Y.csv | Folder: E:\\$RECYCLE.BIN\S-1-5-21-816750886-3876630686-1032715110-1002\$R3OMQU2
2025-12-25 23:35:48,758 | INFO | 📊 Current database size: 299731 companies
2025-12-25 23:35:48,759 | INFO | 📄 Found file: E:\\$RECYCLE.BIN\S-1-5-21-816750886-3876630686-1032715110-1002\$R3OMQU2\db_Louisville, KY-51000.csv
2025-12-25 23:35:49,080 | INFO | ✅ Added patterns | File: db_Louisville, KY-51000.csv | Folder: E:\\$RECYCLE.BIN\S-1-5-21-816750886-3876630686-1032715110-1002\$R3OMQU2
2025-12-25 23:35:49,081 | INFO | 📊 Current database size: 299731 companies
2025-12-25 23:35:49,081 | INFO | 📄 Found file: E:\\$RECYCLE.BIN\S-1-5-21-816750886-3876630686-1032715110-1002\$R3OMQU2\db_Louisville, KY-PMP-58958.csv
2025-12-25 23:35:49,431 | INFO | ✅ Added patterns | File: db_Louisville, KY-PMP-58958.csv | Folder: E:\\$RECYCLE.BIN\S-1-5-21-816750886-3876630686-1032715110-1002\$R3OMQU2
2025-12-25 23:35:49,432 | INFO | 📊 Current database size: 299731 companies
2025-12-25 23:35:49,433 | INFO | 📄 Found file: E:\\$RECYCLE.BIN\S-1-5-21-816750886-3876630686-1032715110-1002\$R3OMQU2\db_Mexico City-74000.csv
2025-12-25 23:35:49,876 | INFO | ✅ Added patterns | File: db_Mexico City-74000.csv | Folder: E:\\$RECYCLE.BIN\S-1-5-21-816750886-3876630686-1032715110-1002\$R3OMQU2
2025-12-25 23:35:49,879 | INFO | 📊 Current database size: 299731 companies
2025-12-25 23:35:49,880 | INFO | 📄 Found file: E:\\$RECYCLE.BIN\S-1-5-21-816750886-3876630686-1032715110-1002\$R3OMQU2\db_Mexico City-74958.csv
2025-12-25 23:35:50,280 | INFO | ✅ Added patterns | File: db_Mexico City-74958.csv | Folder: E:\\$RECYCLE.BIN\S-1-5-21-816750886-3876630686-1032715110-1002\$R3OMQU2
2025-12-25 23:35:50,281 | INFO | 📊 Current database size: 299731 companies
2025-12-25 23:35:50,281 | INFO | 📄 Found file: E:\\$RECYCLE.BIN\S-1-5-21-816750886-3876630686-1032715110-1002\$R3OMQU2\db_Miami, FL-149000.csv
2025-12-25 23:35:50,918 | INFO | ✅ Added patterns | File: db_Miami, FL-149000.csv | Folder: E:\\$RECYCLE.BIN\S-1-5-21-816750886-3876630686-1032715110-1002\$R3OMQU2
2025-12-25 23:35:50,920 | INFO | 📊 Current database size: 299731 companies
2025-12-25 23:35:50,920 | INFO | 📄 Found file: E:\\$RECYCLE.BIN\S-1-5-21-816750886-3876630686-1032715110-1002\$R3OMQU2\db_Miami, FL-29144.csv
2025-12-25 23:35:51,234 | INFO | ✅ Added patterns | File: db_Miami, FL-29144.csv | Folder: E:\\$RECYCLE.BIN\S-1-5-21-816750886-3876630686-1032715110-1002\$R3OMQU2
2025-12-25 23:35:51,235 | INFO | 📊 Current database size: 299731 companies
2025-12-25 23:35:51,235 | INFO | 📄 Found file: E:\\$RECYCLE.BIN\S-1-5-21-816750886-3876630686-1032715110-1002\$R3OMQU2\db_Miami, FL-B2B-21096.csv
2025-12-25 23:35:51,530 | INFO | ✅ Added patterns | File: db_Miami, FL-B2B-21096.csv | Folder: E:\\$RECYCLE.BIN\S-1-5-21-816750886-3876630686-1032715110-1002\$R3OMQU2
2025-12-25 23:35:51,531 | INFO | 📊 Current database size: 299731 companies
2025-12-25 23:35:51,532 | INFO | 📄 Found file: E:\\$RECYCLE.BIN\S-1-5-21-816750886-3876630686-1032715110-1002\$R3OMQU2\db_Miami, FL-PMP-99051.csv
2025-12-25 23:35:52,118 | INFO | ✅ Added patterns | File: db_Miami, FL-PMP-99051.csv | Folder: E:\\$RECYCLE.BIN\S-1-5-21-816750886-3876630686-1032715110-1002\$R3OMQU2
2025-12-25 23:35:52,119 | INFO | 📊 Current database size: 299731 companies
2025-12-25 23:35:52,120 | INFO | 📄 Found file: E:\\$RECYCLE.BIN\S-1-5-21-816750886-3876630686-1032715110-1002\$R3OMQU2\db_Milwaukee, WI-128000.csv
2025-12-25 23:35:52,765 | INFO | ✅ Added patterns | File: db_Milwaukee, WI-128000.csv | Folder: E:\\$RECYCLE.BIN\S-1-5-21-816750886-3876630686-1032715110-1002\$R3OMQU2
2025-12-25 23:35:52,766 | INFO | 📊 Current database size: 299731 companies
2025-12-25 23:35:52,768 | INFO | 📄 Found file: E:\\$RECYCLE.BIN\S-1-5-21-816750886-3876630686-1032715110-1002\$R3OMQU2\db_Milwaukee, WI-129000.csv
2025-12-25 23:35:53,375 | INFO | ✅ Added patterns | File: db_Milwaukee, WI-129000.csv | Folder: E:\\$RECYCLE.BIN\S-1-5-21-816750886-3876630686-1032715110-1002\$R3OMQU2
2025-12-25 23:35:53,375 | INFO | 📊 Current database size: 299731 companies
2025-12-25 23:35:53,375 | INFO | 📄 Found file: E:\\$RECYCLE.BIN\S-1-5-21-816750886-3876630686-1032715110-1002\$R3OMQU2\db_Minneapolis, MN-B2B-24188.csv
2025-12-25 23:35:53,624 | INFO | ✅ Added patterns | File: db_Minneapolis, MN-B2B-24188.csv | Folder: E:\\$RECYCLE.BIN\S-1-5-21-816750886-3876630686-1032715110-1002\$R3OMQU2
2025-12-25 23:35:53,625 | INFO | 📊 Current database size: 299731 companies
2025-12-25 23:35:53,625 | INFO | 📄 Found file: E:\\$RECYCLE.BIN\S-1-5-21-816750886-3876630686-1032715110-1002\$R3OMQU2\db_Minneapolis, MN-PMP-117782.csv
2025-12-25 23:35:54,139 | INFO | ✅ Added patterns | File: db_Minneapolis, MN-PMP-117782.csv | Folder: E:\\$RECYCLE.BIN\S-1-5-21-816750886-3876630686-1032715110-1002\$R3OMQU2
2025-12-25 23:35:54,140 | INFO | 📊 Current database size: 299731 companies
2025-12-25 23:35:54,140 | INFO | 📄 Found file: E:\\$RECYCLE.BIN\S-1-5-21-816750886-3876630686-1032715110-1002\$R3OMQU2\db_Montreal, QC-180000 (1).csv
2025-12-25 23:35:54,803 | INFO | ✅ Added patterns | File: db_Montreal, QC-180000 (1).csv | Folder: E:\\$RECYCLE.BIN\S-1-5-21-816750886-3876630686-1032715110-1002\$R3OMQU2
2025-12-25 23:35:54,804 | INFO | 📊 Current database size: 299731 companies
2025-12-25 23:35:54,805 | INFO | 📄 Found file: E:\\$RECYCLE.BIN\S-1-5-21-816750886-3876630686-1032715110-1002\$R3OMQU2\db_Montreal, QC-180000.csv
2025-12-25 23:35:55,530 | INFO | ✅ Added patterns | File: db_Montreal, QC-180000.csv | Folder: E:\\$RECYCLE.BIN\S-1-5-21-816750886-3876630686-1032715110-1002\$R3OMQU2
2025-12-25 23:35:55,530 | INFO | 📊 Current database size: 299731 companies
2025-12-25 23:35:55,531 | INFO | 📄 Found file: E:\\$RECYCLE.BIN\S-1-5-21-816750886-3876630686-1032715110-1002\$R3OMQU2\db_Nashville, TN-108000.csv
2025-12-25 23:35:56,036 | INFO | ✅ Added patterns | File: db_Nashville, TN-108000.csv | Folder: E:\\$RECYCLE.BIN\S-1-5-21-816750886-3876630686-1032715110-1002\$R3OMQU2
2025-12-25 23:35:56,037 | INFO | 📊 Current database size: 299731 companies
2025-12-25 23:35:56,038 | INFO | 📄 Found file: E:\\$RECYCLE.BIN\S-1-5-21-816750886-3876630686-1032715110-1002\$R3OMQU2\db_Nashville, TN-120000.csv
2025-12-25 23:35:56,723 | INFO | ✅ Added patterns | File: db_Nashville, TN-120000.csv | Folder: E:\\$RECYCLE.BIN\S-1-5-21-816750886-3876630686-1032715110-1002\$R3OMQU2
2025-12-25 23:35:56,723 | INFO | 📊 Current database size: 299731 companies
2025-12-25 23:35:56,725 | INFO | 📄 Found file: E:\\$RECYCLE.BIN\S-1-5-21-816750886-3876630686-1032715110-1002\$R3OMQU2\db_New Hampshire, NH-PMP-90148.csv
2025-12-25 23:35:57,203 | INFO | ✅ Added patterns | File: db_New Hampshire, NH-PMP-90148.csv | Folder: E:\\$RECYCLE.BIN\S-1-5-21-816750886-3876630686-1032715110-1002\$R3OMQU2
2025-12-25 23:35:57,203 | INFO | 📊 Current database size: 299731 companies
2025-12-25 23:35:57,205 | INFO | 📄 Found file: E:\\$RECYCLE.BIN\S-1-5-21-816750886-3876630686-1032715110-1002\$R3OMQU2\db_New Orleans, LA-130000.csv
2025-12-25 23:35:57,862 | INFO | ✅ Added patterns | File: db_New Orleans, LA-130000.csv | Folder: E:\\$RECYCLE.BIN\S-1-5-21-816750886-3876630686-1032715110-1002\$R3OMQU2
2025-12-25 23:35:57,863 | INFO | 📊 Current database size: 299731 companies
2025-12-25 23:35:57,863 | INFO | 📄 Found file: E:\\$RECYCLE.BIN\S-1-5-21-816750886-3876630686-1032715110-1002\$R3OMQU2\db_New York, NY-110000.csv
2025-12-25 23:35:58,465 | INFO | ✅ Added patterns | File: db_New York, NY-110000.csv | Folder: E:\\$RECYCLE.BIN\S-1-5-21-816750886-3876630686-1032715110-1002\$R3OMQU2
2025-12-25 23:35:58,466 | INFO | 📊 Current database size: 299731 companies
2025-12-25 23:35:58,466 | INFO | 📄 Found file: E:\\$RECYCLE.BIN\S-1-5-21-816750886-3876630686-1032715110-1002\$R3OMQU2\db_New York, NY-151381.csv
2025-12-25 23:35:59,221 | INFO | ✅ Added patterns | File: db_New York, NY-151381.csv | Folder: E:\\$RECYCLE.BIN\S-1-5-21-816750886-3876630686-1032715110-1002\$R3OMQU2
2025-12-25 23:35:59,224 | INFO | 📊 Current database size: 299731 companies
2025-12-25 23:35:59,226 | INFO | 📄 Found file: E:\\$RECYCLE.BIN\S-1-5-21-816750886-3876630686-1032715110-1002\$R3OMQU2\db_New York, NY-240000.csv
2025-12-25 23:35:59,417 | INFO | ✅ Added patterns | File: db_New York, NY-240000.csv | Folder: E:\\$RECYCLE.BIN\S-1-5-21-816750886-3876630686-1032715110-1002\$R3OMQU2
2025-12-25 23:35:59,418 | INFO | 📊 Current database size: 299731 companies
2025-12-25 23:35:59,419 | INFO | 📄 Found file: E:\\$RECYCLE.BIN\S-1-5-21-816750886-3876630686-1032715110-1002\$R3OMQU2\db_New York, NY-297000-230000k Done.csv
2025-12-25 23:36:00,630 | INFO | ✅ Added patterns | File: db_New York, NY-297000-230000k Done.csv | Folder: E:\\$RECYCLE.BIN\S-1-5-21-816750886-3876630686-1032715110-1002\$R3OMQU2
2025-12-25 23:36:00,633 | INFO | 📊 Current database size: 299731 companies
2025-12-25 23:36:00,634 | INFO | 📄 Found file: E:\\$RECYCLE.BIN\S-1-5-21-816750886-3876630686-1032715110-1002\$R3OMQU2\db_New York, NY-297000.csv
2025-12-25 23:36:01,555 | INFO | ✅ Added patterns | File: db_New York, NY-297000.csv | Folder: E:\\$RECYCLE.BIN\S-1-5-21-816750886-3876630686-1032715110-1002\$R3OMQU2
2025-12-25 23:36:01,555 | INFO | 📊 Current database size: 299731 companies
2025-12-25 23:36:01,556 | INFO | 📄 Found file: E:\\$RECYCLE.BIN\S-1-5-21-816750886-3876630686-1032715110-1002\$R3OMQU2\db_New York, NY-B2B-62259 (1).csv
2025-12-25 23:36:01,934 | INFO | ✅ Added patterns | File: db_New York, NY-B2B-62259 (1).csv | Folder: E:\\$RECYCLE.BIN\S-1-5-21-816750886-3876630686-1032715110-1002\$R3OMQU2
2025-12-25 23:36:01,934 | INFO | 📊 Current database size: 299731 companies
2025-12-25 23:36:01,936 | INFO | 📄 Found file: E:\\$RECYCLE.BIN\S-1-5-21-816750886-3876630686-1032715110-1002\$R3OMQU2\db_New York, NY-B2B-62259.csv
2025-12-25 23:36:02,332 | INFO | ✅ Added patterns | File: db_New York, NY-B2B-62259.csv | Folder: E:\\$RECYCLE.BIN\S-1-5-21-816750886-3876630686-1032715110-1002\$R3OMQU2
2025-12-25 23:36:02,334 | INFO | 📊 Current database size: 299731 companies
2025-12-25 23:36:02,335 | INFO | 📄 Found file: E:\\$RECYCLE.BIN\S-1-5-21-816750886-3876630686-1032715110-1002\$R3OMQU2\db_New York, NY-LSSGB-166654 (1).csv
2025-12-25 23:36:03,142 | INFO | ✅ Added patterns | File: db_New York, NY-LSSGB-166654 (1).csv | Folder: E:\\$RECYCLE.BIN\S-1-5-21-816750886-3876630686-1032715110-1002\$R3OMQU2
2025-12-25 23:36:03,142 | INFO | 📊 Current database size: 299731 companies
2025-12-25 23:36:03,143 | INFO | 📄 Found file: E:\\$RECYCLE.BIN\S-1-5-21-816750886-3876630686-1032715110-1002\$R3OMQU2\db_New York, NY-LSSGB-166654.csv
2025-12-25 23:36:03,930 | INFO | ✅ Added patterns | File: db_New York, NY-LSSGB-166654.csv | Folder: E:\\$RECYCLE.BIN\S-1-5-21-816750886-3876630686-1032715110-1002\$R3OMQU2
2025-12-25 23:36:03,931 | INFO | 📊 Current database size: 299731 companies
2025-12-25 23:36:03,932 | INFO | 📄 Found file: E:\\$RECYCLE.BIN\S-1-5-21-816750886-3876630686-1032715110-1002\$R3OMQU2\db_New York, NY-PMP-202410 (1).csv
2025-12-25 23:36:04,738 | INFO | ✅ Added patterns | File: db_New York, NY-PMP-202410 (1).csv | Folder: E:\\$RECYCLE.BIN\S-1-5-21-816750886-3876630686-1032715110-1002\$R3OMQU2
2025-12-25 23:36:04,738 | INFO | 📊 Current database size: 299731 companies
2025-12-25 23:36:04,739 | INFO | 📄 Found file: E:\\$RECYCLE.BIN\S-1-5-21-816750886-3876630686-1032715110-1002\$R3OMQU2\db_New York, NY-PMP-202410.csv
2025-12-25 23:36:05,440 | INFO | ✅ Added patterns | File: db_New York, NY-PMP-202410.csv | Folder: E:\\$RECYCLE.BIN\S-1-5-21-816750886-3876630686-1032715110-1002\$R3OMQU2
2025-12-25 23:36:05,440 | INFO | 📊 Current database size: 299731 companies
2025-12-25 23:36:05,441 | INFO | 📄 Found file: E:\\$RECYCLE.BIN\S-1-5-21-816750886-3876630686-1032715110-1002\$R3OMQU2\db_New York.csv
2025-12-25 23:36:05,833 | INFO | ✅ Added patterns | File: db_New York.csv | Folder: E:\\$RECYCLE.BIN\S-1-5-21-816750886-3876630686-1032715110-1002\$R3OMQU2
2025-12-25 23:36:05,834 | INFO | 📊 Current database size: 299731 companies
2025-12-25 23:36:05,834 | INFO | 📄 Found file: E:\\$RECYCLE.BIN\S-1-5-21-816750886-3876630686-1032715110-1002\$R3OMQU2\db_Omaha, NE-94000.csv
2025-12-25 23:36:06,286 | INFO | ✅ Added patterns | File: db_Omaha, NE-94000.csv | Folder: E:\\$RECYCLE.BIN\S-1-5-21-816750886-3876630686-1032715110-1002\$R3OMQU2
2025-12-25 23:36:06,287 | INFO | 📊 Current database size: 299731 companies
2025-12-25 23:36:06,288 | INFO | 📄 Found file: E:\\$RECYCLE.BIN\S-1-5-21-816750886-3876630686-1032715110-1002\$R3OMQU2\db_Orange County, CA Seggrigation 2018 (1).csv
2025-12-25 23:36:06,750 | INFO | ✅ Added patterns | File: db_Orange County, CA Seggrigation 2018 (1).csv | Folder: E:\\$RECYCLE.BIN\S-1-5-21-816750886-3876630686-1032715110-1002\$R3OMQU2
2025-12-25 23:36:06,751 | INFO | 📊 Current database size: 299731 companies
2025-12-25 23:36:06,751 | INFO | 📄 Found file: E:\\$RECYCLE.BIN\S-1-5-21-816750886-3876630686-1032715110-1002\$R3OMQU2\db_Orange County, CA Seggrigation 2018.csv
2025-12-25 23:36:07,197 | INFO | ✅ Added patterns | File: db_Orange County, CA Seggrigation 2018.csv | Folder: E:\\$RECYCLE.BIN\S-1-5-21-816750886-3876630686-1032715110-1002\$R3OMQU2
2025-12-25 23:36:07,198 | INFO | 📊 Current database size: 299731 companies
2025-12-25 23:36:07,198 | INFO | 📄 Found file: E:\\$RECYCLE.BIN\S-1-5-21-816750886-3876630686-1032715110-1002\$R3OMQU2\db_Orlando, FL-PMP-25884.csv
2025-12-25 23:36:07,459 | INFO | ✅ Added patterns | File: db_Orlando, FL-PMP-25884.csv | Folder: E:\\$RECYCLE.BIN\S-1-5-21-816750886-3876630686-1032715110-1002\$R3OMQU2
2025-12-25 23:36:07,459 | INFO | 📊 Current database size: 299731 companies
2025-12-25 23:36:07,460 | INFO | 📄 Found file: E:\\$RECYCLE.BIN\S-1-5-21-816750886-3876630686-1032715110-1002\$R3OMQU2\db_Ottawa, ON-102000.csv
2025-12-25 23:36:07,880 | INFO | ✅ Added patterns | File: db_Ottawa, ON-102000.csv | Folder: E:\\$RECYCLE.BIN\S-1-5-21-816750886-3876630686-1032715110-1002\$R3OMQU2
2025-12-25 23:36:07,881 | INFO | 📊 Current database size: 299731 companies
2025-12-25 23:36:07,882 | INFO | 📄 Found file: E:\\$RECYCLE.BIN\S-1-5-21-816750886-3876630686-1032715110-1002\$R3OMQU2\db_Philadelphia, PA-118000.csv
2025-12-25 23:36:08,477 | INFO | ✅ Added patterns | File: db_Philadelphia, PA-118000.csv | Folder: E:\\$RECYCLE.BIN\S-1-5-21-816750886-3876630686-1032715110-1002\$R3OMQU2
2025-12-25 23:36:08,479 | INFO | 📊 Current database size: 299731 companies
2025-12-25 23:36:08,480 | INFO | 📄 Found file: E:\\$RECYCLE.BIN\S-1-5-21-816750886-3876630686-1032715110-1002\$R3OMQU2\db_Philadelphia, PA-173000.csv
2025-12-25 23:36:09,169 | INFO | ✅ Added patterns | File: db_Philadelphia, PA-173000.csv | Folder: E:\\$RECYCLE.BIN\S-1-5-21-816750886-3876630686-1032715110-1002\$R3OMQU2
2025-12-25 23:36:09,170 | INFO | 📊 Current database size: 299731 companies
2025-12-25 23:36:09,171 | INFO | 📄 Found file: E:\\$RECYCLE.BIN\S-1-5-21-816750886-3876630686-1032715110-1002\$R3OMQU2\db_Philadelphia, PA-197000.csv
2025-12-25 23:36:10,036 | INFO | ✅ Added patterns | File: db_Philadelphia, PA-197000.csv | Folder: E:\\$RECYCLE.BIN\S-1-5-21-816750886-3876630686-1032715110-1002\$R3OMQU2
2025-12-25 23:36:10,037 | INFO | 📊 Current database size: 299731 companies
2025-12-25 23:36:10,037 | INFO | 📄 Found file: E:\\$RECYCLE.BIN\S-1-5-21-816750886-3876630686-1032715110-1002\$R3OMQU2\db_Philadelphia, PA-B2B-21245.csv
2025-12-25 23:36:10,269 | INFO | ✅ Added patterns | File: db_Philadelphia, PA-B2B-21245.csv | Folder: E:\\$RECYCLE.BIN\S-1-5-21-816750886-3876630686-1032715110-1002\$R3OMQU2
2025-12-25 23:36:10,270 | INFO | 📊 Current database size: 299731 companies
2025-12-25 23:36:10,270 | INFO | 📄 Found file: E:\\$RECYCLE.BIN\S-1-5-21-816750886-3876630686-1032715110-1002\$R3OMQU2\db_Philadelphia, PA-PMP-99215.csv
2025-12-25 23:36:10,739 | INFO | ✅ Added patterns | File: db_Philadelphia, PA-PMP-99215.csv | Folder: E:\\$RECYCLE.BIN\S-1-5-21-816750886-3876630686-1032715110-1002\$R3OMQU2
2025-12-25 23:36:10,739 | INFO | 📊 Current database size: 299731 companies
2025-12-25 23:36:10,739 | INFO | 📄 Found file: E:\\$RECYCLE.BIN\S-1-5-21-816750886-3876630686-1032715110-1002\$R3OMQU2\db_Philadelphia.csv
2025-12-25 23:36:11,143 | INFO | ✅ Added patterns | File: db_Philadelphia.csv | Folder: E:\\$RECYCLE.BIN\S-1-5-21-816750886-3876630686-1032715110-1002\$R3OMQU2
2025-12-25 23:36:11,144 | INFO | 📊 Current database size: 299731 companies
2025-12-25 23:36:11,144 | INFO | 📄 Found file: E:\\$RECYCLE.BIN\S-1-5-21-816750886-3876630686-1032715110-1002\$R3OMQU2\db_Phoenix, AZ-280000.csv
2025-12-25 23:36:12,007 | INFO | ✅ Added patterns | File: db_Phoenix, AZ-280000.csv | Folder: E:\\$RECYCLE.BIN\S-1-5-21-816750886-3876630686-1032715110-1002\$R3OMQU2
2025-12-25 23:36:12,008 | INFO | 📊 Current database size: 299731 companies
2025-12-25 23:36:12,009 | INFO | 📄 Found file: E:\\$RECYCLE.BIN\S-1-5-21-816750886-3876630686-1032715110-1002\$R3OMQU2\db_Raleigh, NC-PMP-23769.csv
2025-12-25 23:36:12,258 | INFO | ✅ Added patterns | File: db_Raleigh, NC-PMP-23769.csv | Folder: E:\\$RECYCLE.BIN\S-1-5-21-816750886-3876630686-1032715110-1002\$R3OMQU2
2025-12-25 23:36:12,258 | INFO | 📊 Current database size: 299731 companies
2025-12-25 23:36:12,260 | INFO | 📄 Found file: E:\\$RECYCLE.BIN\S-1-5-21-816750886-3876630686-1032715110-1002\$R3OMQU2\db_Richmond, VA-95940.csv
2025-12-25 23:36:12,703 | INFO | ✅ Added patterns | File: db_Richmond, VA-95940.csv | Folder: E:\\$RECYCLE.BIN\S-1-5-21-816750886-3876630686-1032715110-1002\$R3OMQU2
2025-12-25 23:36:12,704 | INFO | 📊 Current database size: 299731 companies
2025-12-25 23:36:12,704 | INFO | 📄 Found file: E:\\$RECYCLE.BIN\S-1-5-21-816750886-3876630686-1032715110-1002\$R3OMQU2\db_Richmond, VA-B2B-26644 (1).csv
2025-12-25 23:36:12,963 | INFO | ✅ Added patterns | File: db_Richmond, VA-B2B-26644 (1).csv | Folder: E:\\$RECYCLE.BIN\S-1-5-21-816750886-3876630686-1032715110-1002\$R3OMQU2
2025-12-25 23:36:12,964 | INFO | 📊 Current database size: 299731 companies
2025-12-25 23:36:12,964 | INFO | 📄 Found file: E:\\$RECYCLE.BIN\S-1-5-21-816750886-3876630686-1032715110-1002\$R3OMQU2\db_Richmond, VA-B2B-26644.csv
2025-12-25 23:36:13,249 | INFO | ✅ Added patterns | File: db_Richmond, VA-B2B-26644.csv | Folder: E:\\$RECYCLE.BIN\S-1-5-21-816750886-3876630686-1032715110-1002\$R3OMQU2
2025-12-25 23:36:13,249 | INFO | 📊 Current database size: 299731 companies
2025-12-25 23:36:13,251 | INFO | 📄 Found file: E:\\$RECYCLE.BIN\S-1-5-21-816750886-3876630686-1032715110-1002\$R3OMQU2\db_Richmond, VA-PMP-115153 (1).csv
2025-12-25 23:36:13,800 | INFO | ✅ Added patterns | File: db_Richmond, VA-PMP-115153 (1).csv | Folder: E:\\$RECYCLE.BIN\S-1-5-21-816750886-3876630686-1032715110-1002\$R3OMQU2
2025-12-25 23:36:13,801 | INFO | 📊 Current database size: 299731 companies
2025-12-25 23:36:13,801 | INFO | 📄 Found file: E:\\$RECYCLE.BIN\S-1-5-21-816750886-3876630686-1032715110-1002\$R3OMQU2\db_Richmond, VA-PMP-115153.csv
2025-12-25 23:36:14,359 | INFO | ✅ Added patterns | File: db_Richmond, VA-PMP-115153.csv | Folder: E:\\$RECYCLE.BIN\S-1-5-21-816750886-3876630686-1032715110-1002\$R3OMQU2
2025-12-25 23:36:14,360 | INFO | 📊 Current database size: 299731 companies
2025-12-25 23:36:14,360 | INFO | 📄 Found file: E:\\$RECYCLE.BIN\S-1-5-21-816750886-3876630686-1032715110-1002\$R3OMQU2\db_Saint Louis, MO-56000.csv
2025-12-25 23:36:14,692 | INFO | ✅ Added patterns | File: db_Saint Louis, MO-56000.csv | Folder: E:\\$RECYCLE.BIN\S-1-5-21-816750886-3876630686-1032715110-1002\$R3OMQU2
2025-12-25 23:36:14,693 | INFO | 📊 Current database size: 299731 companies
2025-12-25 23:36:14,693 | INFO | 📄 Found file: E:\\$RECYCLE.BIN\S-1-5-21-816750886-3876630686-1032715110-1002\$R3OMQU2\db_Saint Louis, MO-PMP-56706.csv
2025-12-25 23:36:15,020 | INFO | ✅ Added patterns | File: db_Saint Louis, MO-PMP-56706.csv | Folder: E:\\$RECYCLE.BIN\S-1-5-21-816750886-3876630686-1032715110-1002\$R3OMQU2
2025-12-25 23:36:15,020 | INFO | 📊 Current database size: 299731 companies
2025-12-25 23:36:15,022 | INFO | 📄 Found file: E:\\$RECYCLE.BIN\S-1-5-21-816750886-3876630686-1032715110-1002\$R3OMQU2\db_Salt Lake , UTseggrigation done_2018 (1).csv
2025-12-25 23:36:15,405 | INFO | ✅ Added patterns | File: db_Salt Lake , UTseggrigation done_2018 (1).csv | Folder: E:\\$RECYCLE.BIN\S-1-5-21-816750886-3876630686-1032715110-1002\$R3OMQU2
2025-12-25 23:36:15,405 | INFO | 📊 Current database size: 299731 companies
2025-12-25 23:36:15,407 | INFO | 📄 Found file: E:\\$RECYCLE.BIN\S-1-5-21-816750886-3876630686-1032715110-1002\$R3OMQU2\db_Salt Lake , UTseggrigation done_2018.csv
2025-12-25 23:36:15,840 | INFO | ✅ Added patterns | File: db_Salt Lake , UTseggrigation done_2018.csv | Folder: E:\\$RECYCLE.BIN\S-1-5-21-816750886-3876630686-1032715110-1002\$R3OMQU2
2025-12-25 23:36:15,840 | INFO | 📊 Current database size: 299731 companies
2025-12-25 23:36:15,842 | INFO | 📄 Found file: E:\\$RECYCLE.BIN\S-1-5-21-816750886-3876630686-1032715110-1002\$R3OMQU2\db_San Antonio, TX Seggrigation_1.csv
2025-12-25 23:36:16,245 | INFO | ✅ Added patterns | File: db_San Antonio, TX Seggrigation_1.csv | Folder: E:\\$RECYCLE.BIN\S-1-5-21-816750886-3876630686-1032715110-1002\$R3OMQU2
2025-12-25 23:36:16,246 | INFO | 📊 Current database size: 299731 companies
2025-12-25 23:36:16,247 | INFO | 📄 Found file: E:\\$RECYCLE.BIN\S-1-5-21-816750886-3876630686-1032715110-1002\$R3OMQU2\db_San Diego seggrigation done_2018.csv
2025-12-25 23:36:16,688 | INFO | ✅ Added patterns | File: db_San Diego seggrigation done_2018.csv | Folder: E:\\$RECYCLE.BIN\S-1-5-21-816750886-3876630686-1032715110-1002\$R3OMQU2
2025-12-25 23:36:16,689 | INFO | 📊 Current database size: 299731 companies
2025-12-25 23:36:16,689 | INFO | 📄 Found file: E:\\$RECYCLE.BIN\S-1-5-21-816750886-3876630686-1032715110-1002\$R3OMQU2\db_San francisco Seggrigation.csv
2025-12-25 23:36:17,436 | INFO | ✅ Added patterns | File: db_San francisco Seggrigation.csv | Folder: E:\\$RECYCLE.BIN\S-1-5-21-816750886-3876630686-1032715110-1002\$R3OMQU2
2025-12-25 23:36:17,437 | INFO | 📊 Current database size: 299731 companies
2025-12-25 23:36:17,438 | INFO | 📄 Found file: E:\\$RECYCLE.BIN\S-1-5-21-816750886-3876630686-1032715110-1002\$R3OMQU2\db_San Francisco, CA.csv
2025-12-25 23:36:19,051 | INFO | ✅ Added patterns | File: db_San Francisco, CA.csv | Folder: E:\\$RECYCLE.BIN\S-1-5-21-816750886-3876630686-1032715110-1002\$R3OMQU2
2025-12-25 23:36:19,051 | INFO | 📊 Current database size: 299731 companies
2025-12-25 23:36:19,051 | INFO | 📄 Found file: E:\\$RECYCLE.BIN\S-1-5-21-816750886-3876630686-1032715110-1002\$R3OMQU2\db_Santa Barbara, CA-22000.csv
2025-12-25 23:36:19,338 | INFO | ✅ Added patterns | File: db_Santa Barbara, CA-22000.csv | Folder: E:\\$RECYCLE.BIN\S-1-5-21-816750886-3876630686-1032715110-1002\$R3OMQU2
2025-12-25 23:36:19,339 | INFO | 📊 Current database size: 299731 companies
2025-12-25 23:36:19,339 | INFO | 📄 Found file: E:\\$RECYCLE.BIN\S-1-5-21-816750886-3876630686-1032715110-1002\$R3OMQU2\db_Seattle, WA Seggrigation 1_1.csv
2025-12-25 23:36:19,872 | INFO | ✅ Added patterns | File: db_Seattle, WA Seggrigation 1_1.csv | Folder: E:\\$RECYCLE.BIN\S-1-5-21-816750886-3876630686-1032715110-1002\$R3OMQU2
2025-12-25 23:36:19,873 | INFO | 📊 Current database size: 299731 companies
2025-12-25 23:36:19,873 | INFO | 📄 Found file: E:\\$RECYCLE.BIN\S-1-5-21-816750886-3876630686-1032715110-1002\$R3OMQU2\db_Seattle, WA seggrigation_1.csv
2025-12-25 23:36:20,119 | INFO | ✅ Added patterns | File: db_Seattle, WA seggrigation_1.csv | Folder: E:\\$RECYCLE.BIN\S-1-5-21-816750886-3876630686-1032715110-1002\$R3OMQU2
2025-12-25 23:36:20,120 | INFO | 📊 Current database size: 299731 companies
2025-12-25 23:36:20,120 | INFO | 📄 Found file: E:\\$RECYCLE.BIN\S-1-5-21-816750886-3876630686-1032715110-1002\$R3OMQU2\db_Seattle, WA-350000.csv
2025-12-25 23:58:02,756 | INFO | 📦 Created new pickle database
2025-12-25 23:58:02,758 | INFO | 🚀 Starting scan on drive: E:\\
2025-12-25 23:58:02,760 | INFO | 📄 Found file: E:\\automatic_email_format\csv_filedd.csv
2025-12-25 23:58:02,905 | INFO | ✅ Added patterns | File: csv_filedd.csv | Folder: E:\\automatic_email_format
2025-12-25 23:58:02,906 | INFO | 📊 Current database size: 0 companies
2025-12-25 23:58:02,907 | INFO | 📄 Found file: E:\\automatic_email_format\GoogleColabfile_1.csv
2025-12-25 23:58:02,989 | INFO | ✅ Added patterns | File: GoogleColabfile_1.csv | Folder: E:\\automatic_email_format
2025-12-25 23:58:02,990 | INFO | 📊 Current database size: 0 companies
2025-12-25 23:58:02,991 | INFO | 📄 Found file: E:\\automatic_email_format\GoogleColabfile_2.csv
2025-12-25 23:58:03,015 | INFO | ✅ Added patterns | File: GoogleColabfile_2.csv | Folder: E:\\automatic_email_format
2025-12-25 23:58:03,016 | INFO | 📊 Current database size: 0 companies
2025-12-25 23:58:03,016 | INFO | 📄 Found file: E:\\automatic_email_format\tool-test-data-10Feb.xlsx
2025-12-25 23:58:03,511 | INFO | ✅ Added patterns | File: tool-test-data-10Feb.xlsx | Folder: E:\\automatic_email_format
2025-12-25 23:58:03,512 | INFO | 📊 Current database size: 0 companies
2025-12-25 23:58:03,565 | INFO | 📄 Found file: E:\\Data Nov 2023\19-Sep-2023 20_10_23.csv
2025-12-25 23:58:14,147 | INFO | ✅ Added patterns | File: 19-Sep-2023 20_10_23.csv | Folder: E:\\Data Nov 2023
2025-12-25 23:58:14,147 | INFO | 📊 Current database size: 0 companies
2025-12-25 23:58:14,148 | INFO | 📄 Found file: E:\\Data Nov 2023\19-Sep-2023 20_11_58.csv
2025-12-25 23:58:24,187 | INFO | ✅ Added patterns | File: 19-Sep-2023 20_11_58.csv | Folder: E:\\Data Nov 2023
2025-12-25 23:58:24,189 | INFO | 📊 Current database size: 0 companies
2025-12-25 23:58:24,189 | INFO | 📄 Found file: E:\\Data Nov 2023\19-Sep-2023 20_13_39.csv
2025-12-25 23:58:34,545 | INFO | ✅ Added patterns | File: 19-Sep-2023 20_13_39.csv | Folder: E:\\Data Nov 2023
2025-12-25 23:58:34,547 | INFO | 📊 Current database size: 0 companies
2025-12-25 23:58:34,549 | INFO | 📄 Found file: E:\\Data Nov 2023\19-Sep-2023 20_15_34.csv
2025-12-25 23:58:45,192 | INFO | ✅ Added patterns | File: 19-Sep-2023 20_15_34.csv | Folder: E:\\Data Nov 2023
2025-12-25 23:58:45,193 | INFO | 📊 Current database size: 0 companies
2025-12-25 23:58:45,193 | INFO | 📄 Found file: E:\\Data Nov 2023\19-Sep-2023 20_17_12.csv
2025-12-25 23:58:56,093 | INFO | ✅ Added patterns | File: 19-Sep-2023 20_17_12.csv | Folder: E:\\Data Nov 2023
2025-12-25 23:58:56,094 | INFO | 📊 Current database size: 0 companies
2025-12-25 23:58:56,096 | INFO | 📄 Found file: E:\\Data Nov 2023\19-Sep-2023 20_18_54.csv
2025-12-25 23:59:06,135 | INFO | ✅ Added patterns | File: 19-Sep-2023 20_18_54.csv | Folder: E:\\Data Nov 2023
2025-12-25 23:59:06,136 | INFO | 📊 Current database size: 0 companies
2025-12-25 23:59:06,136 | INFO | 📄 Found file: E:\\Data Nov 2023\19-Sep-2023 20_20_51.csv
2025-12-25 23:59:17,033 | INFO | ✅ Added patterns | File: 19-Sep-2023 20_20_51.csv | Folder: E:\\Data Nov 2023
2025-12-25 23:59:17,034 | INFO | 📊 Current database size: 0 companies
2025-12-25 23:59:17,035 | INFO | 📄 Found file: E:\\Data Nov 2023\19-Sep-2023 20_24_14.csv
2025-12-25 23:59:26,663 | INFO | ✅ Added patterns | File: 19-Sep-2023 20_24_14.csv | Folder: E:\\Data Nov 2023
2025-12-25 23:59:26,663 | INFO | 📊 Current database size: 0 companies
2025-12-25 23:59:26,664 | INFO | 📄 Found file: E:\\Data Nov 2023\19-Sep-2023 20_26_02.csv
2025-12-25 23:59:36,942 | INFO | ✅ Added patterns | File: 19-Sep-2023 20_26_02.csv | Folder: E:\\Data Nov 2023
2025-12-25 23:59:36,943 | INFO | 📊 Current database size: 0 companies
2025-12-25 23:59:36,943 | INFO | 📄 Found file: E:\\Data Nov 2023\19-Sep-2023 20_28_32.csv
2025-12-25 23:59:43,562 | INFO | ✅ Added patterns | File: 19-Sep-2023 20_28_32.csv | Folder: E:\\Data Nov 2023
2025-12-25 23:59:43,562 | INFO | 📊 Current database size: 0 companies
2025-12-25 23:59:43,563 | INFO | 📄 Found file: E:\\Data Nov 2023\19-Sep-2023 20_29_53.csv
2025-12-25 23:59:53,747 | INFO | ✅ Added patterns | File: 19-Sep-2023 20_29_53.csv | Folder: E:\\Data Nov 2023
2025-12-25 23:59:53,747 | INFO | 📊 Current database size: 0 companies
2025-12-25 23:59:53,748 | INFO | 📄 Found file: E:\\Data Nov 2023\19-Sep-2023 20_31_21.csv
2025-12-26 00:00:03,863 | INFO | ✅ Added patterns | File: 19-Sep-2023 20_31_21.csv | Folder: E:\\Data Nov 2023
2025-12-26 00:00:03,863 | INFO | 📊 Current database size: 0 companies
2025-12-26 00:00:03,864 | INFO | 📄 Found file: E:\\Data Nov 2023\19-Sep-2023 20_34_02.csv
2025-12-26 00:00:13,081 | INFO | ✅ Added patterns | File: 19-Sep-2023 20_34_02.csv | Folder: E:\\Data Nov 2023
2025-12-26 00:00:13,082 | INFO | 📊 Current database size: 0 companies
2025-12-26 00:00:13,082 | INFO | 📄 Found file: E:\\Data Nov 2023\19-Sep-2023 20_40_50.csv
2025-12-26 00:00:23,006 | INFO | ✅ Added patterns | File: 19-Sep-2023 20_40_50.csv | Folder: E:\\Data Nov 2023
2025-12-26 00:00:23,006 | INFO | 📊 Current database size: 0 companies
2025-12-26 00:00:23,007 | INFO | 📄 Found file: E:\\Data Nov 2023\19-Sep-2023 20_42_33.csv
2025-12-26 00:00:34,008 | INFO | ✅ Added patterns | File: 19-Sep-2023 20_42_33.csv | Folder: E:\\Data Nov 2023
2025-12-26 00:00:34,009 | INFO | 📊 Current database size: 0 companies
2025-12-26 00:00:34,010 | INFO | 📄 Found file: E:\\Data Nov 2023\19-Sep-2023 20_44_14.csv
2025-12-26 00:00:44,292 | INFO | ✅ Added patterns | File: 19-Sep-2023 20_44_14.csv | Folder: E:\\Data Nov 2023
2025-12-26 00:00:44,293 | INFO | 📊 Current database size: 0 companies
2025-12-26 00:00:44,293 | INFO | 📄 Found file: E:\\Data Nov 2023\19-Sep-2023 20_47_40.csv
2025-12-26 00:00:54,028 | INFO | ✅ Added patterns | File: 19-Sep-2023 20_47_40.csv | Folder: E:\\Data Nov 2023
2025-12-26 00:00:54,028 | INFO | 📊 Current database size: 0 companies
2025-12-26 00:00:54,029 | INFO | 📄 Found file: E:\\Data Nov 2023\19-Sep-2023 20_49_26.csv
2025-12-26 00:01:03,650 | INFO | ✅ Added patterns | File: 19-Sep-2023 20_49_26.csv | Folder: E:\\Data Nov 2023
2025-12-26 00:01:03,650 | INFO | 📊 Current database size: 0 companies
2025-12-26 00:01:03,651 | INFO | 📄 Found file: E:\\Data Nov 2023\19-Sep-2023 20_51_18.csv
2025-12-26 00:01:13,462 | INFO | ✅ Added patterns | File: 19-Sep-2023 20_51_18.csv | Folder: E:\\Data Nov 2023
2025-12-26 00:01:13,463 | INFO | 📊 Current database size: 0 companies
2025-12-26 00:01:13,463 | INFO | 📄 Found file: E:\\Data Nov 2023\19-Sep-2023 20_53_19.csv
2025-12-26 00:01:23,100 | INFO | ✅ Added patterns | File: 19-Sep-2023 20_53_19.csv | Folder: E:\\Data Nov 2023
2025-12-26 00:01:23,100 | INFO | 📊 Current database size: 0 companies
2025-12-26 00:01:23,101 | INFO | 📄 Found file: E:\\Data Nov 2023\19-Sep-2023 20_55_51.csv
2025-12-26 00:01:32,869 | INFO | ✅ Added patterns | File: 19-Sep-2023 20_55_51.csv | Folder: E:\\Data Nov 2023
2025-12-26 00:01:32,870 | INFO | 📊 Current database size: 0 companies
2025-12-26 00:01:32,871 | INFO | 📄 Found file: E:\\Data Nov 2023\19-Sep-2023 20_59_43.csv
2025-12-26 00:01:42,644 | INFO | ✅ Added patterns | File: 19-Sep-2023 20_59_43.csv | Folder: E:\\Data Nov 2023
2025-12-26 00:01:42,644 | INFO | 📊 Current database size: 0 companies
2025-12-26 00:01:42,645 | INFO | 📄 Found file: E:\\Data Nov 2023\19-Sep-2023 21_01_44.csv
2025-12-26 00:01:52,313 | INFO | ✅ Added patterns | File: 19-Sep-2023 21_01_44.csv | Folder: E:\\Data Nov 2023
2025-12-26 00:01:52,313 | INFO | 📊 Current database size: 0 companies
2025-12-26 00:01:52,314 | INFO | 📄 Found file: E:\\Data Nov 2023\19-Sep-2023 21_04_12.csv
2025-12-26 00:02:01,849 | INFO | ✅ Added patterns | File: 19-Sep-2023 21_04_12.csv | Folder: E:\\Data Nov 2023
2025-12-26 00:02:01,850 | INFO | 📊 Current database size: 0 companies
2025-12-26 00:02:01,851 | INFO | 📄 Found file: E:\\Data Nov 2023\19-Sep-2023 21_06_28.csv
2025-12-26 00:02:11,368 | INFO | ✅ Added patterns | File: 19-Sep-2023 21_06_28.csv | Folder: E:\\Data Nov 2023
2025-12-26 00:02:11,369 | INFO | 📊 Current database size: 0 companies
2025-12-26 00:02:11,370 | INFO | 📄 Found file: E:\\Data Nov 2023\19-Sep-2023 21_08_51.csv
2025-12-26 00:02:21,290 | INFO | ✅ Added patterns | File: 19-Sep-2023 21_08_51.csv | Folder: E:\\Data Nov 2023
2025-12-26 00:02:21,293 | INFO | 📊 Current database size: 0 companies
2025-12-26 00:02:21,294 | INFO | 📄 Found file: E:\\Data Nov 2023\19-Sep-2023 21_11_22.csv
2025-12-26 00:02:28,914 | INFO | ✅ Added patterns | File: 19-Sep-2023 21_11_22.csv | Folder: E:\\Data Nov 2023
2025-12-26 00:02:28,916 | INFO | 📊 Current database size: 0 companies
2025-12-26 00:02:28,917 | INFO | 📄 Found file: E:\\Data Nov 2023\19-Sep-2023 21_13_32.csv
2025-12-26 00:02:39,015 | INFO | ✅ Added patterns | File: 19-Sep-2023 21_13_32.csv | Folder: E:\\Data Nov 2023
2025-12-26 00:02:39,016 | INFO | 📊 Current database size: 0 companies
2025-12-26 00:02:39,017 | INFO | 📄 Found file: E:\\Data Nov 2023\19-Sep-2023 21_15_13.csv
2025-12-26 00:02:49,352 | INFO | ✅ Added patterns | File: 19-Sep-2023 21_15_13.csv | Folder: E:\\Data Nov 2023
2025-12-26 00:02:49,353 | INFO | 📊 Current database size: 0 companies
2025-12-26 00:02:49,353 | INFO | 📄 Found file: E:\\Data Nov 2023\19-Sep-2023 21_16_58.csv
2025-12-26 00:02:59,484 | INFO | ✅ Added patterns | File: 19-Sep-2023 21_16_58.csv | Folder: E:\\Data Nov 2023
2025-12-26 00:02:59,484 | INFO | 📊 Current database size: 0 companies
2025-12-26 00:02:59,485 | INFO | 📄 Found file: E:\\Data Nov 2023\19-Sep-2023 21_18_59.csv
2025-12-26 00:03:10,559 | INFO | ✅ Added patterns | File: 19-Sep-2023 21_18_59.csv | Folder: E:\\Data Nov 2023
2025-12-26 00:03:10,560 | INFO | 📊 Current database size: 0 companies
2025-12-26 00:03:10,560 | INFO | 📄 Found file: E:\\Data Nov 2023\19-Sep-2023 21_21_24.csv
2025-12-26 00:03:23,065 | INFO | ✅ Added patterns | File: 19-Sep-2023 21_21_24.csv | Folder: E:\\Data Nov 2023
2025-12-26 00:03:23,066 | INFO | 📊 Current database size: 0 companies
2025-12-26 00:03:23,067 | INFO | 📄 Found file: E:\\Data Nov 2023\19-Sep-2023 21_24_49.csv
2025-12-26 00:03:36,142 | INFO | ✅ Added patterns | File: 19-Sep-2023 21_24_49.csv | Folder: E:\\Data Nov 2023
2025-12-26 00:03:36,144 | INFO | 📊 Current database size: 0 companies
2025-12-26 00:03:36,145 | INFO | 📄 Found file: E:\\Data Nov 2023\19-Sep-2023 21_26_59.csv
2025-12-26 00:03:49,155 | INFO | ✅ Added patterns | File: 19-Sep-2023 21_26_59.csv | Folder: E:\\Data Nov 2023
2025-12-26 00:03:49,156 | INFO | 📊 Current database size: 0 companies
2025-12-26 00:03:49,157 | INFO | 📄 Found file: E:\\Data Nov 2023\19-Sep-2023 21_29_10.csv
2025-12-26 00:03:54,161 | INFO | ✅ Added patterns | File: 19-Sep-2023 21_29_10.csv | Folder: E:\\Data Nov 2023
2025-12-26 00:03:54,162 | INFO | 📊 Current database size: 0 companies
2025-12-26 00:03:54,187 | INFO | 📄 Found file: E:\\Data Nov 2023\Formatted Files_2022&2023\01-12-2022-CSV-File\29-11-2022-All File-1.csv
2025-12-26 00:03:54,246 | INFO | ✅ Added patterns | File: 29-11-2022-All File-1.csv | Folder: E:\\Data Nov 2023\Formatted Files_2022&2023\01-12-2022-CSV-File
2025-12-26 00:03:54,247 | INFO | 📊 Current database size: 0 companies
2025-12-26 00:03:54,247 | INFO | 📄 Found file: E:\\Data Nov 2023\Formatted Files_2022&2023\01-12-2022-CSV-File\29-11-2022-All File-10.csv
2025-12-26 00:03:54,281 | INFO | ✅ Added patterns | File: 29-11-2022-All File-10.csv | Folder: E:\\Data Nov 2023\Formatted Files_2022&2023\01-12-2022-CSV-File
2025-12-26 00:03:54,282 | INFO | 📊 Current database size: 0 companies
2025-12-26 00:03:54,282 | INFO | 📄 Found file: E:\\Data Nov 2023\Formatted Files_2022&2023\01-12-2022-CSV-File\29-11-2022-All File-2.csv
2025-12-26 00:03:54,322 | INFO | ✅ Added patterns | File: 29-11-2022-All File-2.csv | Folder: E:\\Data Nov 2023\Formatted Files_2022&2023\01-12-2022-CSV-File
2025-12-26 00:03:54,324 | INFO | 📊 Current database size: 0 companies
2025-12-26 00:03:54,325 | INFO | 📄 Found file: E:\\Data Nov 2023\Formatted Files_2022&2023\01-12-2022-CSV-File\29-11-2022-All File-3.csv
2025-12-26 00:03:54,372 | INFO | ✅ Added patterns | File: 29-11-2022-All File-3.csv | Folder: E:\\Data Nov 2023\Formatted Files_2022&2023\01-12-2022-CSV-File
2025-12-26 00:03:54,374 | INFO | 📊 Current database size: 0 companies
2025-12-26 00:03:54,376 | INFO | 📄 Found file: E:\\Data Nov 2023\Formatted Files_2022&2023\01-12-2022-CSV-File\29-11-2022-All File-4.csv
2025-12-26 00:03:54,411 | INFO | ✅ Added patterns | File: 29-11-2022-All File-4.csv | Folder: E:\\Data Nov 2023\Formatted Files_2022&2023\01-12-2022-CSV-File
2025-12-26 00:03:54,412 | INFO | 📊 Current database size: 0 companies
2025-12-26 00:03:54,414 | INFO | 📄 Found file: E:\\Data Nov 2023\Formatted Files_2022&2023\01-12-2022-CSV-File\29-11-2022-All File-5.csv
2025-12-26 00:03:54,447 | INFO | ✅ Added patterns | File: 29-11-2022-All File-5.csv | Folder: E:\\Data Nov 2023\Formatted Files_2022&2023\01-12-2022-CSV-File
2025-12-26 00:03:54,447 | INFO | 📊 Current database size: 0 companies
2025-12-26 00:03:54,448 | INFO | 📄 Found file: E:\\Data Nov 2023\Formatted Files_2022&2023\01-12-2022-CSV-File\29-11-2022-All File-6.csv
2025-12-26 00:03:54,477 | INFO | ✅ Added patterns | File: 29-11-2022-All File-6.csv | Folder: E:\\Data Nov 2023\Formatted Files_2022&2023\01-12-2022-CSV-File
2025-12-26 00:03:54,478 | INFO | 📊 Current database size: 0 companies
2025-12-26 00:03:54,479 | INFO | 📄 Found file: E:\\Data Nov 2023\Formatted Files_2022&2023\01-12-2022-CSV-File\29-11-2022-All File-7.csv
2025-12-26 00:03:54,506 | INFO | ✅ Added patterns | File: 29-11-2022-All File-7.csv | Folder: E:\\Data Nov 2023\Formatted Files_2022&2023\01-12-2022-CSV-File
2025-12-26 00:03:54,507 | INFO | 📊 Current database size: 0 companies
2025-12-26 00:03:54,508 | INFO | 📄 Found file: E:\\Data Nov 2023\Formatted Files_2022&2023\01-12-2022-CSV-File\29-11-2022-All File-8.csv
2025-12-26 00:03:54,561 | INFO | ✅ Added patterns | File: 29-11-2022-All File-8.csv | Folder: E:\\Data Nov 2023\Formatted Files_2022&2023\01-12-2022-CSV-File
2025-12-26 00:03:54,563 | INFO | 📊 Current database size: 0 companies
2025-12-26 00:03:54,564 | INFO | 📄 Found file: E:\\Data Nov 2023\Formatted Files_2022&2023\01-12-2022-CSV-File\29-11-2022-All File-9.csv
2025-12-26 00:03:54,600 | INFO | ✅ Added patterns | File: 29-11-2022-All File-9.csv | Folder: E:\\Data Nov 2023\Formatted Files_2022&2023\01-12-2022-CSV-File
2025-12-26 00:03:54,600 | INFO | 📊 Current database size: 0 companies
2025-12-26 00:03:54,605 | INFO | 📄 Found file: E:\\Data Nov 2023\Formatted Files_2022&2023\02-02-2022-CSV-File\01-02-2023-All File-1.csv
2025-12-26 00:03:54,676 | INFO | ✅ Added patterns | File: 01-02-2023-All File-1.csv | Folder: E:\\Data Nov 2023\Formatted Files_2022&2023\02-02-2022-CSV-File
2025-12-26 00:03:54,678 | INFO | 📊 Current database size: 0 companies
2025-12-26 00:03:54,679 | INFO | 📄 Found file: E:\\Data Nov 2023\Formatted Files_2022&2023\02-02-2022-CSV-File\01-02-2023-All File-2.csv
2025-12-26 00:03:54,717 | INFO | ✅ Added patterns | File: 01-02-2023-All File-2.csv | Folder: E:\\Data Nov 2023\Formatted Files_2022&2023\02-02-2022-CSV-File
2025-12-26 00:03:54,718 | INFO | 📊 Current database size: 0 companies
2025-12-26 00:03:54,761 | INFO | 📄 Found file: E:\\Data Nov 2023\Formatted Files_2022&2023\03-08-2022-CSV-File\02-08-2022 -All File-1.csv
2025-12-26 00:03:54,818 | INFO | ✅ Added patterns | File: 02-08-2022 -All File-1.csv | Folder: E:\\Data Nov 2023\Formatted Files_2022&2023\03-08-2022-CSV-File
2025-12-26 00:03:54,830 | INFO | 📊 Current database size: 0 companies
2025-12-26 00:03:54,832 | INFO | 📄 Found file: E:\\Data Nov 2023\Formatted Files_2022&2023\03-08-2022-CSV-File\02-08-2022 -All File-10.csv
2025-12-26 00:03:54,861 | INFO | ✅ Added patterns | File: 02-08-2022 -All File-10.csv | Folder: E:\\Data Nov 2023\Formatted Files_2022&2023\03-08-2022-CSV-File
2025-12-26 00:03:54,862 | INFO | 📊 Current database size: 0 companies
2025-12-26 00:03:54,863 | INFO | 📄 Found file: E:\\Data Nov 2023\Formatted Files_2022&2023\03-08-2022-CSV-File\02-08-2022 -All File-2.csv
2025-12-26 00:03:54,893 | INFO | ✅ Added patterns | File: 02-08-2022 -All File-2.csv | Folder: E:\\Data Nov 2023\Formatted Files_2022&2023\03-08-2022-CSV-File
2025-12-26 00:03:54,894 | INFO | 📊 Current database size: 0 companies
2025-12-26 00:03:54,894 | INFO | 📄 Found file: E:\\Data Nov 2023\Formatted Files_2022&2023\03-08-2022-CSV-File\02-08-2022 -All File-3.csv
2025-12-26 00:03:54,915 | INFO | ✅ Added patterns | File: 02-08-2022 -All File-3.csv | Folder: E:\\Data Nov 2023\Formatted Files_2022&2023\03-08-2022-CSV-File
2025-12-26 00:03:54,916 | INFO | 📊 Current database size: 0 companies
2025-12-26 00:03:54,917 | INFO | 📄 Found file: E:\\Data Nov 2023\Formatted Files_2022&2023\03-08-2022-CSV-File\02-08-2022 -All File-4.csv
2025-12-26 00:03:54,964 | INFO | ✅ Added patterns | File: 02-08-2022 -All File-4.csv | Folder: E:\\Data Nov 2023\Formatted Files_2022&2023\03-08-2022-CSV-File
2025-12-26 00:03:54,966 | INFO | 📊 Current database size: 0 companies
2025-12-26 00:03:54,966 | INFO | 📄 Found file: E:\\Data Nov 2023\Formatted Files_2022&2023\03-08-2022-CSV-File\02-08-2022 -All File-5.csv
2025-12-26 00:03:54,993 | INFO | ✅ Added patterns | File: 02-08-2022 -All File-5.csv | Folder: E:\\Data Nov 2023\Formatted Files_2022&2023\03-08-2022-CSV-File
2025-12-26 00:03:54,995 | INFO | 📊 Current database size: 0 companies
2025-12-26 00:03:54,996 | INFO | 📄 Found file: E:\\Data Nov 2023\Formatted Files_2022&2023\03-08-2022-CSV-File\02-08-2022 -All File-6.csv
2025-12-26 00:03:55,025 | INFO | ✅ Added patterns | File: 02-08-2022 -All File-6.csv | Folder: E:\\Data Nov 2023\Formatted Files_2022&2023\03-08-2022-CSV-File
2025-12-26 00:03:55,027 | INFO | 📊 Current database size: 0 companies
2025-12-26 00:03:55,028 | INFO | 📄 Found file: E:\\Data Nov 2023\Formatted Files_2022&2023\03-08-2022-CSV-File\02-08-2022 -All File-7.csv
2025-12-26 00:03:55,069 | INFO | ✅ Added patterns | File: 02-08-2022 -All File-7.csv | Folder: E:\\Data Nov 2023\Formatted Files_2022&2023\03-08-2022-CSV-File
2025-12-26 00:03:55,073 | INFO | 📊 Current database size: 0 companies
2025-12-26 00:03:55,075 | INFO | 📄 Found file: E:\\Data Nov 2023\Formatted Files_2022&2023\03-08-2022-CSV-File\02-08-2022 -All File-8.csv
2025-12-26 00:03:55,113 | INFO | ✅ Added patterns | File: 02-08-2022 -All File-8.csv | Folder: E:\\Data Nov 2023\Formatted Files_2022&2023\03-08-2022-CSV-File
2025-12-26 00:03:55,115 | INFO | 📊 Current database size: 0 companies
2025-12-26 00:03:55,116 | INFO | 📄 Found file: E:\\Data Nov 2023\Formatted Files_2022&2023\03-08-2022-CSV-File\02-08-2022 -All File-9.csv
2025-12-26 00:03:55,148 | INFO | ✅ Added patterns | File: 02-08-2022 -All File-9.csv | Folder: E:\\Data Nov 2023\Formatted Files_2022&2023\03-08-2022-CSV-File
2025-12-26 00:03:55,149 | INFO | 📊 Current database size: 0 companies
2025-12-26 00:03:55,158 | INFO | 📄 Found file: E:\\Data Nov 2023\Formatted Files_2022&2023\04-08-2022-CSV-File\04-08-2022-All File-1.csv
2025-12-26 00:03:55,202 | INFO | ✅ Added patterns | File: 04-08-2022-All File-1.csv | Folder: E:\\Data Nov 2023\Formatted Files_2022&2023\04-08-2022-CSV-File
2025-12-26 00:03:55,207 | INFO | 📊 Current database size: 0 companies
2025-12-26 00:03:55,211 | INFO | 📄 Found file: E:\\Data Nov 2023\Formatted Files_2022&2023\04-08-2022-CSV-File\04-08-2022-All File-2.csv
2025-12-26 00:03:55,243 | INFO | ✅ Added patterns | File: 04-08-2022-All File-2.csv | Folder: E:\\Data Nov 2023\Formatted Files_2022&2023\04-08-2022-CSV-File
2025-12-26 00:03:55,246 | INFO | 📊 Current database size: 0 companies
2025-12-26 00:03:55,248 | INFO | 📄 Found file: E:\\Data Nov 2023\Formatted Files_2022&2023\04-08-2022-CSV-File\04-08-2022-All File-3.csv
2025-12-26 00:03:55,290 | INFO | ✅ Added patterns | File: 04-08-2022-All File-3.csv | Folder: E:\\Data Nov 2023\Formatted Files_2022&2023\04-08-2022-CSV-File
2025-12-26 00:03:55,292 | INFO | 📊 Current database size: 0 companies
2025-12-26 00:03:55,294 | INFO | 📄 Found file: E:\\Data Nov 2023\Formatted Files_2022&2023\04-08-2022-CSV-File\04-08-2022-All File-4.csv
2025-12-26 00:03:55,331 | INFO | ✅ Added patterns | File: 04-08-2022-All File-4.csv | Folder: E:\\Data Nov 2023\Formatted Files_2022&2023\04-08-2022-CSV-File
2025-12-26 00:03:55,332 | INFO | 📊 Current database size: 0 companies
2025-12-26 00:03:55,332 | INFO | 📄 Found file: E:\\Data Nov 2023\Formatted Files_2022&2023\04-08-2022-CSV-File\04-08-2022-All File-5.csv
2025-12-26 00:03:55,374 | INFO | ✅ Added patterns | File: 04-08-2022-All File-5.csv | Folder: E:\\Data Nov 2023\Formatted Files_2022&2023\04-08-2022-CSV-File
2025-12-26 00:03:55,377 | INFO | 📊 Current database size: 0 companies
2025-12-26 00:03:55,379 | INFO | 📄 Found file: E:\\Data Nov 2023\Formatted Files_2022&2023\04-08-2022-CSV-File\04-08-2022-All File-6.csv
2025-12-26 00:03:55,415 | INFO | ✅ Added patterns | File: 04-08-2022-All File-6.csv | Folder: E:\\Data Nov 2023\Formatted Files_2022&2023\04-08-2022-CSV-File
2025-12-26 00:03:55,416 | INFO | 📊 Current database size: 0 companies
2025-12-26 00:03:55,417 | INFO | 📄 Found file: E:\\Data Nov 2023\Formatted Files_2022&2023\04-08-2022-CSV-File\04-08-2022-All File-7.csv
2025-12-26 00:03:55,440 | INFO | ✅ Added patterns | File: 04-08-2022-All File-7.csv | Folder: E:\\Data Nov 2023\Formatted Files_2022&2023\04-08-2022-CSV-File
2025-12-26 00:03:55,442 | INFO | 📊 Current database size: 0 companies
2025-12-26 00:03:55,452 | INFO | 📄 Found file: E:\\Data Nov 2023\Formatted Files_2022&2023\05-08-2022-CSV-File\05-08-2022-All File-1.csv
2025-12-26 00:03:55,492 | INFO | ✅ Added patterns | File: 05-08-2022-All File-1.csv | Folder: E:\\Data Nov 2023\Formatted Files_2022&2023\05-08-2022-CSV-File
2025-12-26 00:03:55,493 | INFO | 📊 Current database size: 0 companies
2025-12-26 00:03:55,494 | INFO | 📄 Found file: E:\\Data Nov 2023\Formatted Files_2022&2023\05-08-2022-CSV-File\05-08-2022-All File-2.csv
2025-12-26 00:03:55,514 | INFO | ✅ Added patterns | File: 05-08-2022-All File-2.csv | Folder: E:\\Data Nov 2023\Formatted Files_2022&2023\05-08-2022-CSV-File
2025-12-26 00:03:55,515 | INFO | 📊 Current database size: 0 companies
2025-12-26 00:03:55,515 | INFO | 📄 Found file: E:\\Data Nov 2023\Formatted Files_2022&2023\05-08-2022-CSV-File\05-08-2022-All File-3.csv
2025-12-26 00:03:55,540 | INFO | ✅ Added patterns | File: 05-08-2022-All File-3.csv | Folder: E:\\Data Nov 2023\Formatted Files_2022&2023\05-08-2022-CSV-File
2025-12-26 00:03:55,542 | INFO | 📊 Current database size: 0 companies
2025-12-26 00:03:55,543 | INFO | 📄 Found file: E:\\Data Nov 2023\Formatted Files_2022&2023\05-08-2022-CSV-File\05-08-2022-All File-4.csv
2025-12-26 00:03:55,594 | INFO | ✅ Added patterns | File: 05-08-2022-All File-4.csv | Folder: E:\\Data Nov 2023\Formatted Files_2022&2023\05-08-2022-CSV-File
2025-12-26 00:03:55,595 | INFO | 📊 Current database size: 0 companies
2025-12-26 00:03:55,597 | INFO | 📄 Found file: E:\\Data Nov 2023\Formatted Files_2022&2023\05-08-2022-CSV-File\05-08-2022-All File-5.csv
2025-12-26 00:03:55,633 | INFO | ✅ Added patterns | File: 05-08-2022-All File-5.csv | Folder: E:\\Data Nov 2023\Formatted Files_2022&2023\05-08-2022-CSV-File
2025-12-26 00:03:55,635 | INFO | 📊 Current database size: 0 companies
2025-12-26 00:03:55,642 | INFO | 📄 Found file: E:\\Data Nov 2023\Formatted Files_2022&2023\05-12-2022-CSV-File\01-12-2022-All File-1.csv
2025-12-26 00:03:55,704 | INFO | ✅ Added patterns | File: 01-12-2022-All File-1.csv | Folder: E:\\Data Nov 2023\Formatted Files_2022&2023\05-12-2022-CSV-File
2025-12-26 00:03:55,705 | INFO | 📊 Current database size: 0 companies
2025-12-26 00:03:55,709 | INFO | 📄 Found file: E:\\Data Nov 2023\Formatted Files_2022&2023\05-12-2022-CSV-File\01-12-2022-All File-10.csv
2025-12-26 00:03:55,757 | INFO | ✅ Added patterns | File: 01-12-2022-All File-10.csv | Folder: E:\\Data Nov 2023\Formatted Files_2022&2023\05-12-2022-CSV-File
2025-12-26 00:03:55,760 | INFO | 📊 Current database size: 0 companies
2025-12-26 00:03:55,761 | INFO | 📄 Found file: E:\\Data Nov 2023\Formatted Files_2022&2023\05-12-2022-CSV-File\01-12-2022-All File-11.csv
2025-12-26 00:03:55,809 | INFO | ✅ Added patterns | File: 01-12-2022-All File-11.csv | Folder: E:\\Data Nov 2023\Formatted Files_2022&2023\05-12-2022-CSV-File
2025-12-26 00:03:55,813 | INFO | 📊 Current database size: 0 companies
2025-12-26 00:03:55,815 | INFO | 📄 Found file: E:\\Data Nov 2023\Formatted Files_2022&2023\05-12-2022-CSV-File\01-12-2022-All File-2.csv
2025-12-26 00:03:55,848 | INFO | ✅ Added patterns | File: 01-12-2022-All File-2.csv | Folder: E:\\Data Nov 2023\Formatted Files_2022&2023\05-12-2022-CSV-File
2025-12-26 00:03:55,848 | INFO | 📊 Current database size: 0 companies
2025-12-26 00:03:55,849 | INFO | 📄 Found file: E:\\Data Nov 2023\Formatted Files_2022&2023\05-12-2022-CSV-File\01-12-2022-All File-3.csv
2025-12-26 00:03:55,888 | INFO | ✅ Added patterns | File: 01-12-2022-All File-3.csv | Folder: E:\\Data Nov 2023\Formatted Files_2022&2023\05-12-2022-CSV-File
2025-12-26 00:03:55,889 | INFO | 📊 Current database size: 0 companies
2025-12-26 00:03:55,889 | INFO | 📄 Found file: E:\\Data Nov 2023\Formatted Files_2022&2023\05-12-2022-CSV-File\01-12-2022-All File-4.csv
2025-12-26 00:03:55,912 | INFO | ✅ Added patterns | File: 01-12-2022-All File-4.csv | Folder: E:\\Data Nov 2023\Formatted Files_2022&2023\05-12-2022-CSV-File
2025-12-26 00:03:55,914 | INFO | 📊 Current database size: 0 companies
2025-12-26 00:03:55,915 | INFO | 📄 Found file: E:\\Data Nov 2023\Formatted Files_2022&2023\05-12-2022-CSV-File\01-12-2022-All File-5.csv
2025-12-26 00:03:55,938 | INFO | ✅ Added patterns | File: 01-12-2022-All File-5.csv | Folder: E:\\Data Nov 2023\Formatted Files_2022&2023\05-12-2022-CSV-File
2025-12-26 00:03:55,939 | INFO | 📊 Current database size: 0 companies
2025-12-26 00:03:55,939 | INFO | 📄 Found file: E:\\Data Nov 2023\Formatted Files_2022&2023\05-12-2022-CSV-File\01-12-2022-All File-6.csv
2025-12-26 00:03:55,980 | INFO | ✅ Added patterns | File: 01-12-2022-All File-6.csv | Folder: E:\\Data Nov 2023\Formatted Files_2022&2023\05-12-2022-CSV-File
2025-12-26 00:03:55,981 | INFO | 📊 Current database size: 0 companies
2025-12-26 00:03:55,983 | INFO | 📄 Found file: E:\\Data Nov 2023\Formatted Files_2022&2023\05-12-2022-CSV-File\01-12-2022-All File-7.csv
2025-12-26 00:03:56,022 | INFO | ✅ Added patterns | File: 01-12-2022-All File-7.csv | Folder: E:\\Data Nov 2023\Formatted Files_2022&2023\05-12-2022-CSV-File
2025-12-26 00:03:56,030 | INFO | 📊 Current database size: 0 companies
2025-12-26 00:03:56,033 | INFO | 📄 Found file: E:\\Data Nov 2023\Formatted Files_2022&2023\05-12-2022-CSV-File\01-12-2022-All File-8.csv
2025-12-26 00:03:56,068 | INFO | ✅ Added patterns | File: 01-12-2022-All File-8.csv | Folder: E:\\Data Nov 2023\Formatted Files_2022&2023\05-12-2022-CSV-File
2025-12-26 00:03:56,069 | INFO | 📊 Current database size: 0 companies
2025-12-26 00:03:56,070 | INFO | 📄 Found file: E:\\Data Nov 2023\Formatted Files_2022&2023\05-12-2022-CSV-File\01-12-2022-All File-9.csv
2025-12-26 00:03:56,094 | INFO | ✅ Added patterns | File: 01-12-2022-All File-9.csv | Folder: E:\\Data Nov 2023\Formatted Files_2022&2023\05-12-2022-CSV-File
2025-12-26 00:03:56,095 | INFO | 📊 Current database size: 0 companies
2025-12-26 00:03:56,104 | INFO | 📄 Found file: E:\\Data Nov 2023\Formatted Files_2022&2023\06-09-2022-CSV-File\01-09-2022-All File(Canada)-1.csv
2025-12-26 00:03:56,127 | INFO | ✅ Added patterns | File: 01-09-2022-All File(Canada)-1.csv | Folder: E:\\Data Nov 2023\Formatted Files_2022&2023\06-09-2022-CSV-File
2025-12-26 00:03:56,130 | INFO | 📊 Current database size: 0 companies
2025-12-26 00:03:56,131 | INFO | 📄 Found file: E:\\Data Nov 2023\Formatted Files_2022&2023\06-09-2022-CSV-File\01-09-2022-All File(Canada)-2.csv
2025-12-26 00:03:56,171 | INFO | ✅ Added patterns | File: 01-09-2022-All File(Canada)-2.csv | Folder: E:\\Data Nov 2023\Formatted Files_2022&2023\06-09-2022-CSV-File
2025-12-26 00:03:56,172 | INFO | 📊 Current database size: 0 companies
2025-12-26 00:03:56,181 | INFO | 📄 Found file: E:\\Data Nov 2023\Formatted Files_2022&2023\06-09-2022-CSV-File\01-09-2022-All File-1.csv
2025-12-26 00:03:56,213 | INFO | ✅ Added patterns | File: 01-09-2022-All File-1.csv | Folder: E:\\Data Nov 2023\Formatted Files_2022&2023\06-09-2022-CSV-File
2025-12-26 00:03:56,214 | INFO | 📊 Current database size: 0 companies
2025-12-26 00:03:56,215 | INFO | 📄 Found file: E:\\Data Nov 2023\Formatted Files_2022&2023\06-09-2022-CSV-File\01-09-2022-All File-2.csv
2025-12-26 00:03:56,274 | INFO | ✅ Added patterns | File: 01-09-2022-All File-2.csv | Folder: E:\\Data Nov 2023\Formatted Files_2022&2023\06-09-2022-CSV-File
2025-12-26 00:03:56,280 | INFO | 📊 Current database size: 0 companies
2025-12-26 00:03:56,281 | INFO | 📄 Found file: E:\\Data Nov 2023\Formatted Files_2022&2023\06-09-2022-CSV-File\01-09-2022-All File-3.csv
2025-12-26 00:03:56,311 | INFO | ✅ Added patterns | File: 01-09-2022-All File-3.csv | Folder: E:\\Data Nov 2023\Formatted Files_2022&2023\06-09-2022-CSV-File
2025-12-26 00:03:56,313 | INFO | 📊 Current database size: 0 companies
2025-12-26 00:03:56,314 | INFO | 📄 Found file: E:\\Data Nov 2023\Formatted Files_2022&2023\06-09-2022-CSV-File\01-09-2022-All File-4.csv
2025-12-26 00:03:56,353 | INFO | ✅ Added patterns | File: 01-09-2022-All File-4.csv | Folder: E:\\Data Nov 2023\Formatted Files_2022&2023\06-09-2022-CSV-File
2025-12-26 00:03:56,354 | INFO | 📊 Current database size: 0 companies
2025-12-26 00:03:56,355 | INFO | 📄 Found file: E:\\Data Nov 2023\Formatted Files_2022&2023\06-09-2022-CSV-File\01-09-2022-All File-5.csv
2025-12-26 00:03:56,380 | INFO | ✅ Added patterns | File: 01-09-2022-All File-5.csv | Folder: E:\\Data Nov 2023\Formatted Files_2022&2023\06-09-2022-CSV-File
2025-12-26 00:03:56,382 | INFO | 📊 Current database size: 0 companies
2025-12-26 00:03:56,383 | INFO | 📄 Found file: E:\\Data Nov 2023\Formatted Files_2022&2023\06-09-2022-CSV-File\01-09-2022-All File-6.csv
2025-12-26 00:03:56,412 | INFO | ✅ Added patterns | File: 01-09-2022-All File-6.csv | Folder: E:\\Data Nov 2023\Formatted Files_2022&2023\06-09-2022-CSV-File
2025-12-26 00:03:56,415 | INFO | 📊 Current database size: 0 companies
2025-12-26 00:03:56,429 | INFO | 📄 Found file: E:\\Data Nov 2023\Formatted Files_2022&2023\07-12-2022-CSV-File\05-12-2022-All File.xlsx-1.csv
2025-12-26 00:03:56,457 | INFO | ✅ Added patterns | File: 05-12-2022-All File.xlsx-1.csv | Folder: E:\\Data Nov 2023\Formatted Files_2022&2023\07-12-2022-CSV-File
2025-12-26 00:03:56,458 | INFO | 📊 Current database size: 0 companies
2025-12-26 00:03:56,465 | INFO | 📄 Found file: E:\\Data Nov 2023\Formatted Files_2022&2023\07-12-2022-CSV-File\05-12-2022-All File.xlsx-10.csv
2025-12-26 00:03:56,489 | INFO | ✅ Added patterns | File: 05-12-2022-All File.xlsx-10.csv | Folder: E:\\Data Nov 2023\Formatted Files_2022&2023\07-12-2022-CSV-File
2025-12-26 00:03:56,490 | INFO | 📊 Current database size: 0 companies
2025-12-26 00:03:56,491 | INFO | 📄 Found file: E:\\Data Nov 2023\Formatted Files_2022&2023\07-12-2022-CSV-File\05-12-2022-All File.xlsx-11.csv
2025-12-26 00:03:56,542 | INFO | ✅ Added patterns | File: 05-12-2022-All File.xlsx-11.csv | Folder: E:\\Data Nov 2023\Formatted Files_2022&2023\07-12-2022-CSV-File
2025-12-26 00:03:56,549 | INFO | 📊 Current database size: 0 companies
2025-12-26 00:03:56,551 | INFO | 📄 Found file: E:\\Data Nov 2023\Formatted Files_2022&2023\07-12-2022-CSV-File\05-12-2022-All File.xlsx-12.csv
2025-12-26 00:03:56,583 | INFO | ✅ Added patterns | File: 05-12-2022-All File.xlsx-12.csv | Folder: E:\\Data Nov 2023\Formatted Files_2022&2023\07-12-2022-CSV-File
2025-12-26 00:03:56,584 | INFO | 📊 Current database size: 0 companies
2025-12-26 00:03:56,584 | INFO | 📄 Found file: E:\\Data Nov 2023\Formatted Files_2022&2023\07-12-2022-CSV-File\05-12-2022-All File.xlsx-2.csv
2025-12-26 00:03:56,620 | INFO | ✅ Added patterns | File: 05-12-2022-All File.xlsx-2.csv | Folder: E:\\Data Nov 2023\Formatted Files_2022&2023\07-12-2022-CSV-File
2025-12-26 00:03:56,621 | INFO | 📊 Current database size: 0 companies
2025-12-26 00:03:56,623 | INFO | 📄 Found file: E:\\Data Nov 2023\Formatted Files_2022&2023\07-12-2022-CSV-File\05-12-2022-All File.xlsx-3.csv
2025-12-26 00:03:56,641 | INFO | ✅ Added patterns | File: 05-12-2022-All File.xlsx-3.csv | Folder: E:\\Data Nov 2023\Formatted Files_2022&2023\07-12-2022-CSV-File
2025-12-26 00:03:56,642 | INFO | 📊 Current database size: 0 companies
2025-12-26 00:03:56,647 | INFO | 📄 Found file: E:\\Data Nov 2023\Formatted Files_2022&2023\07-12-2022-CSV-File\05-12-2022-All File.xlsx-4.csv
2025-12-26 00:03:56,719 | INFO | ✅ Added patterns | File: 05-12-2022-All File.xlsx-4.csv | Folder: E:\\Data Nov 2023\Formatted Files_2022&2023\07-12-2022-CSV-File
2025-12-26 00:03:56,720 | INFO | 📊 Current database size: 0 companies
2025-12-26 00:03:56,722 | INFO | 📄 Found file: E:\\Data Nov 2023\Formatted Files_2022&2023\07-12-2022-CSV-File\05-12-2022-All File.xlsx-5.csv
2025-12-26 00:03:56,757 | INFO | ✅ Added patterns | File: 05-12-2022-All File.xlsx-5.csv | Folder: E:\\Data Nov 2023\Formatted Files_2022&2023\07-12-2022-CSV-File
2025-12-26 00:03:56,757 | INFO | 📊 Current database size: 0 companies
2025-12-26 00:03:56,759 | INFO | 📄 Found file: E:\\Data Nov 2023\Formatted Files_2022&2023\07-12-2022-CSV-File\05-12-2022-All File.xlsx-6.csv
2025-12-26 00:03:56,785 | INFO | ✅ Added patterns | File: 05-12-2022-All File.xlsx-6.csv | Folder: E:\\Data Nov 2023\Formatted Files_2022&2023\07-12-2022-CSV-File
2025-12-26 00:03:56,786 | INFO | 📊 Current database size: 0 companies
2025-12-26 00:03:56,787 | INFO | 📄 Found file: E:\\Data Nov 2023\Formatted Files_2022&2023\07-12-2022-CSV-File\05-12-2022-All File.xlsx-7.csv
2025-12-26 00:03:56,809 | INFO | ✅ Added patterns | File: 05-12-2022-All File.xlsx-7.csv | Folder: E:\\Data Nov 2023\Formatted Files_2022&2023\07-12-2022-CSV-File
2025-12-26 00:03:56,813 | INFO | 📊 Current database size: 0 companies
2025-12-26 00:03:56,815 | INFO | 📄 Found file: E:\\Data Nov 2023\Formatted Files_2022&2023\07-12-2022-CSV-File\05-12-2022-All File.xlsx-8.csv
2025-12-26 00:03:56,854 | INFO | ✅ Added patterns | File: 05-12-2022-All File.xlsx-8.csv | Folder: E:\\Data Nov 2023\Formatted Files_2022&2023\07-12-2022-CSV-File
2025-12-26 00:03:56,855 | INFO | 📊 Current database size: 0 companies
2025-12-26 00:03:56,866 | INFO | 📄 Found file: E:\\Data Nov 2023\Formatted Files_2022&2023\07-12-2022-CSV-File\05-12-2022-All File.xlsx-9.csv
2025-12-26 00:03:56,893 | INFO | ✅ Added patterns | File: 05-12-2022-All File.xlsx-9.csv | Folder: E:\\Data Nov 2023\Formatted Files_2022&2023\07-12-2022-CSV-File
2025-12-26 00:03:56,896 | INFO | 📊 Current database size: 0 companies
2025-12-26 00:03:56,904 | INFO | 📄 Found file: E:\\Data Nov 2023\Formatted Files_2022&2023\08-08-2022-CSV-File\08-08-2022-All File-1.csv
2025-12-26 00:03:56,939 | INFO | ✅ Added patterns | File: 08-08-2022-All File-1.csv | Folder: E:\\Data Nov 2023\Formatted Files_2022&2023\08-08-2022-CSV-File
2025-12-26 00:03:56,941 | INFO | 📊 Current database size: 0 companies
2025-12-26 00:03:56,942 | INFO | 📄 Found file: E:\\Data Nov 2023\Formatted Files_2022&2023\08-08-2022-CSV-File\08-08-2022-All File-2.csv
2025-12-26 00:03:56,970 | INFO | ✅ Added patterns | File: 08-08-2022-All File-2.csv | Folder: E:\\Data Nov 2023\Formatted Files_2022&2023\08-08-2022-CSV-File
2025-12-26 00:03:56,971 | INFO | 📊 Current database size: 0 companies
2025-12-26 00:03:56,972 | INFO | 📄 Found file: E:\\Data Nov 2023\Formatted Files_2022&2023\08-08-2022-CSV-File\08-08-2022-All File-3.csv
2025-12-26 00:03:56,993 | INFO | ✅ Added patterns | File: 08-08-2022-All File-3.csv | Folder: E:\\Data Nov 2023\Formatted Files_2022&2023\08-08-2022-CSV-File
2025-12-26 00:03:56,997 | INFO | 📊 Current database size: 0 companies
2025-12-26 00:03:56,999 | INFO | 📄 Found file: E:\\Data Nov 2023\Formatted Files_2022&2023\08-08-2022-CSV-File\08-08-2022-All File-4.csv
2025-12-26 00:03:57,046 | INFO | ✅ Added patterns | File: 08-08-2022-All File-4.csv | Folder: E:\\Data Nov 2023\Formatted Files_2022&2023\08-08-2022-CSV-File
2025-12-26 00:03:57,049 | INFO | 📊 Current database size: 0 companies
2025-12-26 00:03:57,051 | INFO | 📄 Found file: E:\\Data Nov 2023\Formatted Files_2022&2023\08-08-2022-CSV-File\08-08-2022-All File-5.csv
2025-12-26 00:03:57,087 | INFO | ✅ Added patterns | File: 08-08-2022-All File-5.csv | Folder: E:\\Data Nov 2023\Formatted Files_2022&2023\08-08-2022-CSV-File
2025-12-26 00:03:57,087 | INFO | 📊 Current database size: 0 companies
2025-12-26 00:03:57,088 | INFO | 📄 Found file: E:\\Data Nov 2023\Formatted Files_2022&2023\09-08-2022-CSV-File\09-08-2022-All File-1.csv
2025-12-26 00:03:57,120 | INFO | ✅ Added patterns | File: 09-08-2022-All File-1.csv | Folder: E:\\Data Nov 2023\Formatted Files_2022&2023\09-08-2022-CSV-File
2025-12-26 00:03:57,121 | INFO | 📊 Current database size: 0 companies
2025-12-26 00:03:57,123 | INFO | 📄 Found file: E:\\Data Nov 2023\Formatted Files_2022&2023\09-08-2022-CSV-File\09-08-2022-All File-2.csv
2025-12-26 00:03:57,156 | INFO | ✅ Added patterns | File: 09-08-2022-All File-2.csv | Folder: E:\\Data Nov 2023\Formatted Files_2022&2023\09-08-2022-CSV-File
2025-12-26 00:03:57,157 | INFO | 📊 Current database size: 0 companies
2025-12-26 00:03:57,158 | INFO | 📄 Found file: E:\\Data Nov 2023\Formatted Files_2022&2023\09-08-2022-CSV-File\09-08-2022-All File-3.csv
2025-12-26 00:03:57,182 | INFO | ✅ Added patterns | File: 09-08-2022-All File-3.csv | Folder: E:\\Data Nov 2023\Formatted Files_2022&2023\09-08-2022-CSV-File
2025-12-26 00:03:57,185 | INFO | 📊 Current database size: 0 companies
2025-12-26 00:03:57,193 | INFO | 📄 Found file: E:\\Data Nov 2023\Formatted Files_2022&2023\09-12-2022-CSV-File\07-12-2022-All File.xlsx-1.csv
2025-12-26 00:03:57,239 | INFO | ✅ Added patterns | File: 07-12-2022-All File.xlsx-1.csv | Folder: E:\\Data Nov 2023\Formatted Files_2022&2023\09-12-2022-CSV-File
2025-12-26 00:03:57,241 | INFO | 📊 Current database size: 0 companies
2025-12-26 00:03:57,243 | INFO | 📄 Found file: E:\\Data Nov 2023\Formatted Files_2022&2023\09-12-2022-CSV-File\07-12-2022-All File.xlsx-2.csv
2025-12-26 00:03:57,317 | INFO | ✅ Added patterns | File: 07-12-2022-All File.xlsx-2.csv | Folder: E:\\Data Nov 2023\Formatted Files_2022&2023\09-12-2022-CSV-File
2025-12-26 00:03:57,319 | INFO | 📊 Current database size: 0 companies
2025-12-26 00:03:57,320 | INFO | 📄 Found file: E:\\Data Nov 2023\Formatted Files_2022&2023\09-12-2022-CSV-File\07-12-2022-All File.xlsx-3.csv
2025-12-26 00:03:57,358 | INFO | ✅ Added patterns | File: 07-12-2022-All File.xlsx-3.csv | Folder: E:\\Data Nov 2023\Formatted Files_2022&2023\09-12-2022-CSV-File
2025-12-26 00:03:57,360 | INFO | 📊 Current database size: 0 companies
2025-12-26 00:03:57,361 | INFO | 📄 Found file: E:\\Data Nov 2023\Formatted Files_2022&2023\09-12-2022-CSV-File\07-12-2022-All File.xlsx-4.csv
2025-12-26 00:03:57,406 | INFO | ✅ Added patterns | File: 07-12-2022-All File.xlsx-4.csv | Folder: E:\\Data Nov 2023\Formatted Files_2022&2023\09-12-2022-CSV-File
2025-12-26 00:03:57,407 | INFO | 📊 Current database size: 0 companies
2025-12-26 00:03:57,409 | INFO | 📄 Found file: E:\\Data Nov 2023\Formatted Files_2022&2023\09-12-2022-CSV-File\07-12-2022-All File.xlsx-5.csv
2025-12-26 00:03:57,433 | INFO | ✅ Added patterns | File: 07-12-2022-All File.xlsx-5.csv | Folder: E:\\Data Nov 2023\Formatted Files_2022&2023\09-12-2022-CSV-File
2025-12-26 00:03:57,435 | INFO | 📊 Current database size: 0 companies
2025-12-26 00:03:57,437 | INFO | 📄 Found file: E:\\Data Nov 2023\Formatted Files_2022&2023\09-12-2022-CSV-File\07-12-2022-All File.xlsx-6.csv
2025-12-26 00:03:57,484 | INFO | ✅ Added patterns | File: 07-12-2022-All File.xlsx-6.csv | Folder: E:\\Data Nov 2023\Formatted Files_2022&2023\09-12-2022-CSV-File
2025-12-26 00:03:57,489 | INFO | 📊 Current database size: 0 companies
2025-12-26 00:03:57,492 | INFO | 📄 Found file: E:\\Data Nov 2023\Formatted Files_2022&2023\09-12-2022-CSV-File\07-12-2022-All File.xlsx-7.csv
2025-12-26 00:03:57,542 | INFO | ✅ Added patterns | File: 07-12-2022-All File.xlsx-7.csv | Folder: E:\\Data Nov 2023\Formatted Files_2022&2023\09-12-2022-CSV-File
2025-12-26 00:03:57,543 | INFO | 📊 Current database size: 0 companies
2025-12-26 00:03:57,544 | INFO | 📄 Found file: E:\\Data Nov 2023\Formatted Files_2022&2023\09-12-2022-CSV-File\07-12-2022-All File.xlsx-8.csv
2025-12-26 00:03:57,592 | INFO | ✅ Added patterns | File: 07-12-2022-All File.xlsx-8.csv | Folder: E:\\Data Nov 2023\Formatted Files_2022&2023\09-12-2022-CSV-File
2025-12-26 00:03:57,594 | INFO | 📊 Current database size: 0 companies
2025-12-26 00:03:57,594 | INFO | 📄 Found file: E:\\Data Nov 2023\Formatted Files_2022&2023\09-12-2022-CSV-File\07-12-2022-All File.xlsx-9.csv
2025-12-26 00:03:57,639 | INFO | ✅ Added patterns | File: 07-12-2022-All File.xlsx-9.csv | Folder: E:\\Data Nov 2023\Formatted Files_2022&2023\09-12-2022-CSV-File
2025-12-26 00:03:57,640 | INFO | 📊 Current database size: 0 companies
2025-12-26 00:03:57,640 | INFO | 📄 Found file: E:\\Data Nov 2023\Formatted Files_2022&2023\10-08-2022-CSV-File\10-08-2022-All File-1.csv
2025-12-26 00:03:57,664 | INFO | ✅ Added patterns | File: 10-08-2022-All File-1.csv | Folder: E:\\Data Nov 2023\Formatted Files_2022&2023\10-08-2022-CSV-File
2025-12-26 00:03:57,666 | INFO | 📊 Current database size: 0 companies
2025-12-26 00:03:57,669 | INFO | 📄 Found file: E:\\Data Nov 2023\Formatted Files_2022&2023\10-08-2022-CSV-File\10-08-2022-All File-2.csv
2025-12-26 00:03:57,693 | INFO | ✅ Added patterns | File: 10-08-2022-All File-2.csv | Folder: E:\\Data Nov 2023\Formatted Files_2022&2023\10-08-2022-CSV-File
2025-12-26 00:03:57,694 | INFO | 📊 Current database size: 0 companies
2025-12-26 00:03:57,694 | INFO | 📄 Found file: E:\\Data Nov 2023\Formatted Files_2022&2023\10-08-2022-CSV-File\10-08-2022-All File-3.csv
2025-12-26 00:03:57,724 | INFO | ✅ Added patterns | File: 10-08-2022-All File-3.csv | Folder: E:\\Data Nov 2023\Formatted Files_2022&2023\10-08-2022-CSV-File
2025-12-26 00:03:57,725 | INFO | 📊 Current database size: 0 companies
2025-12-26 00:03:57,725 | INFO | 📄 Found file: E:\\Data Nov 2023\Formatted Files_2022&2023\10-08-2022-CSV-File\10-08-2022-All File-4.csv
2025-12-26 00:03:57,745 | INFO | ✅ Added patterns | File: 10-08-2022-All File-4.csv | Folder: E:\\Data Nov 2023\Formatted Files_2022&2023\10-08-2022-CSV-File
2025-12-26 00:03:57,746 | INFO | 📊 Current database size: 0 companies
2025-12-26 00:03:57,761 | INFO | 📄 Found file: E:\\Data Nov 2023\Formatted Files_2022&2023\11-01-2023-CSV-File\16-12-2022-All File-1.csv
2025-12-26 00:03:57,825 | INFO | ✅ Added patterns | File: 16-12-2022-All File-1.csv | Folder: E:\\Data Nov 2023\Formatted Files_2022&2023\11-01-2023-CSV-File
2025-12-26 00:03:57,826 | INFO | 📊 Current database size: 0 companies
2025-12-26 00:03:57,826 | INFO | 📄 Found file: E:\\Data Nov 2023\Formatted Files_2022&2023\11-01-2023-CSV-File\16-12-2022-All File-2.csv
2025-12-26 00:03:57,856 | INFO | ✅ Added patterns | File: 16-12-2022-All File-2.csv | Folder: E:\\Data Nov 2023\Formatted Files_2022&2023\11-01-2023-CSV-File
2025-12-26 00:03:57,856 | INFO | 📊 Current database size: 0 companies
2025-12-26 00:03:57,857 | INFO | 📄 Found file: E:\\Data Nov 2023\Formatted Files_2022&2023\11-01-2023-CSV-File\16-12-2022-All File-3.csv
2025-12-26 00:03:57,887 | INFO | ✅ Added patterns | File: 16-12-2022-All File-3.csv | Folder: E:\\Data Nov 2023\Formatted Files_2022&2023\11-01-2023-CSV-File
2025-12-26 00:03:57,888 | INFO | 📊 Current database size: 0 companies
2025-12-26 00:03:57,889 | INFO | 📄 Found file: E:\\Data Nov 2023\Formatted Files_2022&2023\11-01-2023-CSV-File\16-12-2022-All File-4.csv
2025-12-26 00:03:57,922 | INFO | ✅ Added patterns | File: 16-12-2022-All File-4.csv | Folder: E:\\Data Nov 2023\Formatted Files_2022&2023\11-01-2023-CSV-File
2025-12-26 00:03:57,923 | INFO | 📊 Current database size: 0 companies
2025-12-26 00:03:57,923 | INFO | 📄 Found file: E:\\Data Nov 2023\Formatted Files_2022&2023\11-01-2023-CSV-File\16-12-2022-All File-5.csv
2025-12-26 00:03:57,955 | INFO | ✅ Added patterns | File: 16-12-2022-All File-5.csv | Folder: E:\\Data Nov 2023\Formatted Files_2022&2023\11-01-2023-CSV-File
2025-12-26 00:03:57,958 | INFO | 📊 Current database size: 0 companies
2025-12-26 00:03:57,961 | INFO | 📄 Found file: E:\\Data Nov 2023\Formatted Files_2022&2023\11-01-2023-CSV-File\16-12-2022-All File-6.csv
2025-12-26 00:03:57,996 | INFO | ✅ Added patterns | File: 16-12-2022-All File-6.csv | Folder: E:\\Data Nov 2023\Formatted Files_2022&2023\11-01-2023-CSV-File
2025-12-26 00:03:57,997 | INFO | 📊 Current database size: 0 companies
2025-12-26 00:03:58,000 | INFO | 📄 Found file: E:\\Data Nov 2023\Formatted Files_2022&2023\11-01-2023-CSV-File\16-12-2022-All File-7.csv
2025-12-26 00:03:58,055 | INFO | ✅ Added patterns | File: 16-12-2022-All File-7.csv | Folder: E:\\Data Nov 2023\Formatted Files_2022&2023\11-01-2023-CSV-File
2025-12-26 00:03:58,057 | INFO | 📊 Current database size: 0 companies
2025-12-26 00:03:58,059 | INFO | 📄 Found file: E:\\Data Nov 2023\Formatted Files_2022&2023\11-01-2023-CSV-File\16-12-2022-All File-8.csv
2025-12-26 00:03:58,091 | INFO | ✅ Added patterns | File: 16-12-2022-All File-8.csv | Folder: E:\\Data Nov 2023\Formatted Files_2022&2023\11-01-2023-CSV-File
2025-12-26 00:03:58,092 | INFO | 📊 Current database size: 0 companies
2025-12-26 00:03:58,102 | INFO | 📄 Found file: E:\\Data Nov 2023\Formatted Files_2022&2023\12-08-2022-CSV-File\12-08-2022-All File-1.csv
2025-12-26 00:03:58,128 | INFO | ✅ Added patterns | File: 12-08-2022-All File-1.csv | Folder: E:\\Data Nov 2023\Formatted Files_2022&2023\12-08-2022-CSV-File
2025-12-26 00:03:58,129 | INFO | 📊 Current database size: 0 companies
2025-12-26 00:03:58,129 | INFO | 📄 Found file: E:\\Data Nov 2023\Formatted Files_2022&2023\12-08-2022-CSV-File\12-08-2022-All File-2.csv
2025-12-26 00:03:58,158 | INFO | ✅ Added patterns | File: 12-08-2022-All File-2.csv | Folder: E:\\Data Nov 2023\Formatted Files_2022&2023\12-08-2022-CSV-File
2025-12-26 00:03:58,158 | INFO | 📊 Current database size: 0 companies
2025-12-26 00:03:58,159 | INFO | 📄 Found file: E:\\Data Nov 2023\Formatted Files_2022&2023\12-08-2022-CSV-File\12-08-2022-All File-3.csv
2025-12-26 00:03:58,197 | INFO | ✅ Added patterns | File: 12-08-2022-All File-3.csv | Folder: E:\\Data Nov 2023\Formatted Files_2022&2023\12-08-2022-CSV-File
2025-12-26 00:03:58,201 | INFO | 📊 Current database size: 0 companies
2025-12-26 00:03:58,204 | INFO | 📄 Found file: E:\\Data Nov 2023\Formatted Files_2022&2023\12-08-2022-CSV-File\12-08-2022-All File-4.csv
2025-12-26 00:03:58,243 | INFO | ✅ Added patterns | File: 12-08-2022-All File-4.csv | Folder: E:\\Data Nov 2023\Formatted Files_2022&2023\12-08-2022-CSV-File
2025-12-26 00:03:58,244 | INFO | 📊 Current database size: 0 companies
2025-12-26 00:03:58,244 | INFO | 📄 Found file: E:\\Data Nov 2023\Formatted Files_2022&2023\12-08-2022-CSV-File\12-08-2022-All File-5.csv
2025-12-26 00:03:58,278 | INFO | ✅ Added patterns | File: 12-08-2022-All File-5.csv | Folder: E:\\Data Nov 2023\Formatted Files_2022&2023\12-08-2022-CSV-File
2025-12-26 00:03:58,280 | INFO | 📊 Current database size: 0 companies
2025-12-26 00:03:58,281 | INFO | 📄 Found file: E:\\Data Nov 2023\Formatted Files_2022&2023\12-08-2022-CSV-File\12-08-2022-All File-6.csv
2025-12-26 00:03:58,307 | INFO | ✅ Added patterns | File: 12-08-2022-All File-6.csv | Folder: E:\\Data Nov 2023\Formatted Files_2022&2023\12-08-2022-CSV-File
2025-12-26 00:03:58,309 | INFO | 📊 Current database size: 0 companies
2025-12-26 00:03:58,321 | INFO | 📄 Found file: E:\\Data Nov 2023\Formatted Files_2022&2023\12-09-2022-CSV-File\12-09-2022-All File-1.csv
2025-12-26 00:03:58,358 | INFO | ✅ Added patterns | File: 12-09-2022-All File-1.csv | Folder: E:\\Data Nov 2023\Formatted Files_2022&2023\12-09-2022-CSV-File
2025-12-26 00:03:58,359 | INFO | 📊 Current database size: 0 companies
2025-12-26 00:03:58,360 | INFO | 📄 Found file: E:\\Data Nov 2023\Formatted Files_2022&2023\12-09-2022-CSV-File\12-09-2022-All File-2.csv
2025-12-26 00:03:58,380 | INFO | ✅ Added patterns | File: 12-09-2022-All File-2.csv | Folder: E:\\Data Nov 2023\Formatted Files_2022&2023\12-09-2022-CSV-File
2025-12-26 00:03:58,381 | INFO | 📊 Current database size: 0 companies
2025-12-26 00:03:58,384 | INFO | 📄 Found file: E:\\Data Nov 2023\Formatted Files_2022&2023\12-09-2022-CSV-File\12-09-2022-All File-3.csv
2025-12-26 00:03:58,420 | INFO | ✅ Added patterns | File: 12-09-2022-All File-3.csv | Folder: E:\\Data Nov 2023\Formatted Files_2022&2023\12-09-2022-CSV-File
2025-12-26 00:03:58,421 | INFO | 📊 Current database size: 0 companies
2025-12-26 00:03:58,422 | INFO | 📄 Found file: E:\\Data Nov 2023\Formatted Files_2022&2023\12-09-2022-CSV-File\12-09-2022-All File-4.csv
2025-12-26 00:03:58,456 | INFO | ✅ Added patterns | File: 12-09-2022-All File-4.csv | Folder: E:\\Data Nov 2023\Formatted Files_2022&2023\12-09-2022-CSV-File
2025-12-26 00:03:58,457 | INFO | 📊 Current database size: 0 companies
2025-12-26 00:03:58,458 | INFO | 📄 Found file: E:\\Data Nov 2023\Formatted Files_2022&2023\12-09-2022-CSV-File\12-09-2022-All File-5.csv
2025-12-26 00:03:58,494 | INFO | ✅ Added patterns | File: 12-09-2022-All File-5.csv | Folder: E:\\Data Nov 2023\Formatted Files_2022&2023\12-09-2022-CSV-File
2025-12-26 00:03:58,496 | INFO | 📊 Current database size: 0 companies
2025-12-26 00:03:58,497 | INFO | 📄 Found file: E:\\Data Nov 2023\Formatted Files_2022&2023\12-09-2022-CSV-File\12-09-2022-All File-6.csv
2025-12-26 00:03:58,530 | INFO | ✅ Added patterns | File: 12-09-2022-All File-6.csv | Folder: E:\\Data Nov 2023\Formatted Files_2022&2023\12-09-2022-CSV-File
2025-12-26 00:03:58,531 | INFO | 📊 Current database size: 0 companies
2025-12-26 00:03:58,531 | INFO | 📄 Found file: E:\\Data Nov 2023\Formatted Files_2022&2023\12-09-2022-CSV-File\12-09-2022-All File-7.csv
2025-12-26 00:03:58,556 | INFO | ✅ Added patterns | File: 12-09-2022-All File-7.csv | Folder: E:\\Data Nov 2023\Formatted Files_2022&2023\12-09-2022-CSV-File
2025-12-26 00:03:58,558 | INFO | 📊 Current database size: 0 companies
2025-12-26 00:03:58,564 | INFO | 📄 Found file: E:\\Data Nov 2023\Formatted Files_2022&2023\14-12-2022-CSV-File\12-12-20220-All File.xlsx-1.csv
2025-12-26 00:03:58,605 | INFO | ✅ Added patterns | File: 12-12-20220-All File.xlsx-1.csv | Folder: E:\\Data Nov 2023\Formatted Files_2022&2023\14-12-2022-CSV-File
2025-12-26 00:03:58,606 | INFO | 📊 Current database size: 0 companies
2025-12-26 00:03:58,607 | INFO | 📄 Found file: E:\\Data Nov 2023\Formatted Files_2022&2023\14-12-2022-CSV-File\12-12-20220-All File.xlsx-2.csv
2025-12-26 00:03:58,641 | INFO | ✅ Added patterns | File: 12-12-20220-All File.xlsx-2.csv | Folder: E:\\Data Nov 2023\Formatted Files_2022&2023\14-12-2022-CSV-File
2025-12-26 00:03:58,642 | INFO | 📊 Current database size: 0 companies
2025-12-26 00:03:58,642 | INFO | 📄 Found file: E:\\Data Nov 2023\Formatted Files_2022&2023\14-12-2022-CSV-File\12-12-20220-All File.xlsx-3.csv
2025-12-26 00:03:58,660 | INFO | ✅ Added patterns | File: 12-12-20220-All File.xlsx-3.csv | Folder: E:\\Data Nov 2023\Formatted Files_2022&2023\14-12-2022-CSV-File
2025-12-26 00:03:58,661 | INFO | 📊 Current database size: 0 companies
2025-12-26 00:03:58,663 | INFO | 📄 Found file: E:\\Data Nov 2023\Formatted Files_2022&2023\14-12-2022-CSV-File\12-12-20220-All File.xlsx-4.csv
2025-12-26 00:03:58,708 | INFO | ✅ Added patterns | File: 12-12-20220-All File.xlsx-4.csv | Folder: E:\\Data Nov 2023\Formatted Files_2022&2023\14-12-2022-CSV-File
2025-12-26 00:03:58,711 | INFO | 📊 Current database size: 0 companies
2025-12-26 00:03:58,712 | INFO | 📄 Found file: E:\\Data Nov 2023\Formatted Files_2022&2023\14-12-2022-CSV-File\12-12-20220-All File.xlsx-5.csv
2025-12-26 00:03:58,739 | INFO | ✅ Added patterns | File: 12-12-20220-All File.xlsx-5.csv | Folder: E:\\Data Nov 2023\Formatted Files_2022&2023\14-12-2022-CSV-File
2025-12-26 00:03:58,741 | INFO | 📊 Current database size: 0 companies
2025-12-26 00:03:58,742 | INFO | 📄 Found file: E:\\Data Nov 2023\Formatted Files_2022&2023\14-12-2022-CSV-File\12-12-20220-All File.xlsx-6.csv
2025-12-26 00:03:58,786 | INFO | ✅ Added patterns | File: 12-12-20220-All File.xlsx-6.csv | Folder: E:\\Data Nov 2023\Formatted Files_2022&2023\14-12-2022-CSV-File
2025-12-26 00:03:58,787 | INFO | 📊 Current database size: 0 companies
2025-12-26 00:03:58,789 | INFO | 📄 Found file: E:\\Data Nov 2023\Formatted Files_2022&2023\14-12-2022-CSV-File\12-12-20220-All File.xlsx-7.csv
2025-12-26 00:03:58,824 | INFO | ✅ Added patterns | File: 12-12-20220-All File.xlsx-7.csv | Folder: E:\\Data Nov 2023\Formatted Files_2022&2023\14-12-2022-CSV-File
2025-12-26 00:03:58,825 | INFO | 📊 Current database size: 0 companies
2025-12-26 00:03:58,826 | INFO | 📄 Found file: E:\\Data Nov 2023\Formatted Files_2022&2023\14-12-2022-CSV-File\12-12-20220-All File.xlsx-8.csv
2025-12-26 00:03:58,848 | INFO | ✅ Added patterns | File: 12-12-20220-All File.xlsx-8.csv | Folder: E:\\Data Nov 2023\Formatted Files_2022&2023\14-12-2022-CSV-File
2025-12-26 00:03:58,849 | INFO | 📊 Current database size: 0 companies
2025-12-26 00:03:58,852 | INFO | 📄 Found file: E:\\Data Nov 2023\Formatted Files_2022&2023\15-08-2022-CSV-File\15-08-2022-All File-1.csv
2025-12-26 00:03:58,887 | INFO | ✅ Added patterns | File: 15-08-2022-All File-1.csv | Folder: E:\\Data Nov 2023\Formatted Files_2022&2023\15-08-2022-CSV-File
2025-12-26 00:03:58,889 | INFO | 📊 Current database size: 0 companies
2025-12-26 00:03:58,890 | INFO | 📄 Found file: E:\\Data Nov 2023\Formatted Files_2022&2023\15-08-2022-CSV-File\15-08-2022-All File-2.csv
2025-12-26 00:03:58,928 | INFO | ✅ Added patterns | File: 15-08-2022-All File-2.csv | Folder: E:\\Data Nov 2023\Formatted Files_2022&2023\15-08-2022-CSV-File
2025-12-26 00:03:58,929 | INFO | 📊 Current database size: 0 companies
2025-12-26 00:03:58,931 | INFO | 📄 Found file: E:\\Data Nov 2023\Formatted Files_2022&2023\15-08-2022-CSV-File\15-08-2022-All File-3.csv
2025-12-26 00:03:58,950 | INFO | ✅ Added patterns | File: 15-08-2022-All File-3.csv | Folder: E:\\Data Nov 2023\Formatted Files_2022&2023\15-08-2022-CSV-File
2025-12-26 00:03:58,954 | INFO | 📊 Current database size: 0 companies
2025-12-26 00:03:58,955 | INFO | 📄 Found file: E:\\Data Nov 2023\Formatted Files_2022&2023\15-08-2022-CSV-File\15-08-2022-All File-4.csv
2025-12-26 00:03:58,993 | INFO | ✅ Added patterns | File: 15-08-2022-All File-4.csv | Folder: E:\\Data Nov 2023\Formatted Files_2022&2023\15-08-2022-CSV-File
2025-12-26 00:03:58,994 | INFO | 📊 Current database size: 0 companies
2025-12-26 00:03:58,995 | INFO | 📄 Found file: E:\\Data Nov 2023\Formatted Files_2022&2023\16-08-2022-CSV-File\16-08-2022-All File-1.csv
2025-12-26 00:03:59,021 | INFO | ✅ Added patterns | File: 16-08-2022-All File-1.csv | Folder: E:\\Data Nov 2023\Formatted Files_2022&2023\16-08-2022-CSV-File
2025-12-26 00:03:59,023 | INFO | 📊 Current database size: 0 companies
2025-12-26 00:03:59,024 | INFO | 📄 Found file: E:\\Data Nov 2023\Formatted Files_2022&2023\16-08-2022-CSV-File\16-08-2022-All File-2.csv
2025-12-26 00:03:59,077 | INFO | ✅ Added patterns | File: 16-08-2022-All File-2.csv | Folder: E:\\Data Nov 2023\Formatted Files_2022&2023\16-08-2022-CSV-File
2025-12-26 00:03:59,079 | INFO | 📊 Current database size: 0 companies
2025-12-26 00:03:59,087 | INFO | 📄 Found file: E:\\Data Nov 2023\Formatted Files_2022&2023\17-01-2023-CSV-File\13-01-2022-All File-1.csv
2025-12-26 00:03:59,125 | INFO | ✅ Added patterns | File: 13-01-2022-All File-1.csv | Folder: E:\\Data Nov 2023\Formatted Files_2022&2023\17-01-2023-CSV-File
2025-12-26 00:03:59,126 | INFO | 📊 Current database size: 0 companies
2025-12-26 00:03:59,126 | INFO | 📄 Found file: E:\\Data Nov 2023\Formatted Files_2022&2023\17-01-2023-CSV-File\13-01-2022-All File-2.csv
2025-12-26 00:03:59,147 | INFO | ✅ Added patterns | File: 13-01-2022-All File-2.csv | Folder: E:\\Data Nov 2023\Formatted Files_2022&2023\17-01-2023-CSV-File
2025-12-26 00:03:59,148 | INFO | 📊 Current database size: 0 companies
2025-12-26 00:03:59,148 | INFO | 📄 Found file: E:\\Data Nov 2023\Formatted Files_2022&2023\17-01-2023-CSV-File\13-01-2022-All File-3.csv
2025-12-26 00:03:59,166 | INFO | ✅ Added patterns | File: 13-01-2022-All File-3.csv | Folder: E:\\Data Nov 2023\Formatted Files_2022&2023\17-01-2023-CSV-File
2025-12-26 00:03:59,167 | INFO | 📊 Current database size: 0 companies
2025-12-26 00:03:59,167 | INFO | 📄 Found file: E:\\Data Nov 2023\Formatted Files_2022&2023\17-01-2023-CSV-File\13-01-2022-All File-4.csv
2025-12-26 00:03:59,198 | INFO | ✅ Added patterns | File: 13-01-2022-All File-4.csv | Folder: E:\\Data Nov 2023\Formatted Files_2022&2023\17-01-2023-CSV-File
2025-12-26 00:03:59,198 | INFO | 📊 Current database size: 0 companies
2025-12-26 00:03:59,200 | INFO | 📄 Found file: E:\\Data Nov 2023\Formatted Files_2022&2023\17-01-2023-CSV-File\13-01-2022-All File-5.csv
2025-12-26 00:03:59,224 | INFO | ✅ Added patterns | File: 13-01-2022-All File-5.csv | Folder: E:\\Data Nov 2023\Formatted Files_2022&2023\17-01-2023-CSV-File
2025-12-26 00:03:59,225 | INFO | 📊 Current database size: 0 companies
2025-12-26 00:03:59,227 | INFO | 📄 Found file: E:\\Data Nov 2023\Formatted Files_2022&2023\17-01-2023-CSV-File\13-01-2022-All File-6.csv
2025-12-26 00:03:59,265 | INFO | ✅ Added patterns | File: 13-01-2022-All File-6.csv | Folder: E:\\Data Nov 2023\Formatted Files_2022&2023\17-01-2023-CSV-File
2025-12-26 00:03:59,265 | INFO | 📊 Current database size: 0 companies
2025-12-26 00:03:59,267 | INFO | 📄 Found file: E:\\Data Nov 2023\Formatted Files_2022&2023\17-08-2022-CSV-File\17-08-2022-All File-1.csv
2025-12-26 00:03:59,315 | INFO | ✅ Added patterns | File: 17-08-2022-All File-1.csv | Folder: E:\\Data Nov 2023\Formatted Files_2022&2023\17-08-2022-CSV-File
2025-12-26 00:03:59,316 | INFO | 📊 Current database size: 0 companies
2025-12-26 00:03:59,316 | INFO | 📄 Found file: E:\\Data Nov 2023\Formatted Files_2022&2023\17-08-2022-CSV-File\17-08-2022-All File-2.csv
2025-12-26 00:03:59,344 | INFO | ✅ Added patterns | File: 17-08-2022-All File-2.csv | Folder: E:\\Data Nov 2023\Formatted Files_2022&2023\17-08-2022-CSV-File
2025-12-26 00:03:59,345 | INFO | 📊 Current database size: 0 companies
2025-12-26 00:03:59,345 | INFO | 📄 Found file: E:\\Data Nov 2023\Formatted Files_2022&2023\17-08-2022-CSV-File\17-08-2022-All File-3.csv
2025-12-26 00:03:59,375 | INFO | ✅ Added patterns | File: 17-08-2022-All File-3.csv | Folder: E:\\Data Nov 2023\Formatted Files_2022&2023\17-08-2022-CSV-File
2025-12-26 00:03:59,377 | INFO | 📊 Current database size: 0 companies
2025-12-26 00:03:59,378 | INFO | 📄 Found file: E:\\Data Nov 2023\Formatted Files_2022&2023\18-08-2022-CSV-File\18-08-2022-All File-1.csv
2025-12-26 00:03:59,424 | INFO | ✅ Added patterns | File: 18-08-2022-All File-1.csv | Folder: E:\\Data Nov 2023\Formatted Files_2022&2023\18-08-2022-CSV-File
2025-12-26 00:03:59,425 | INFO | 📊 Current database size: 0 companies
2025-12-26 00:03:59,426 | INFO | 📄 Found file: E:\\Data Nov 2023\Formatted Files_2022&2023\18-08-2022-CSV-File\18-08-2022-All File-2.csv
2025-12-26 00:03:59,460 | INFO | ✅ Added patterns | File: 18-08-2022-All File-2.csv | Folder: E:\\Data Nov 2023\Formatted Files_2022&2023\18-08-2022-CSV-File
2025-12-26 00:03:59,461 | INFO | 📊 Current database size: 0 companies
2025-12-26 00:03:59,463 | INFO | 📄 Found file: E:\\Data Nov 2023\Formatted Files_2022&2023\18-08-2022-CSV-File\18-08-2022-All File-3.csv
2025-12-26 00:03:59,497 | INFO | ✅ Added patterns | File: 18-08-2022-All File-3.csv | Folder: E:\\Data Nov 2023\Formatted Files_2022&2023\18-08-2022-CSV-File
2025-12-26 00:03:59,498 | INFO | 📊 Current database size: 0 companies
2025-12-26 00:03:59,499 | INFO | 📄 Found file: E:\\Data Nov 2023\Formatted Files_2022&2023\18-08-2022-CSV-File\18-08-2022-All File-4.csv
2025-12-26 00:03:59,527 | INFO | ✅ Added patterns | File: 18-08-2022-All File-4.csv | Folder: E:\\Data Nov 2023\Formatted Files_2022&2023\18-08-2022-CSV-File
2025-12-26 00:03:59,528 | INFO | 📊 Current database size: 0 companies
2025-12-26 00:03:59,529 | INFO | 📄 Found file: E:\\Data Nov 2023\Formatted Files_2022&2023\19-08-2022-CSV-File\19-08-2022-All File-1.csv
2025-12-26 00:03:59,565 | INFO | ✅ Added patterns | File: 19-08-2022-All File-1.csv | Folder: E:\\Data Nov 2023\Formatted Files_2022&2023\19-08-2022-CSV-File
2025-12-26 00:03:59,566 | INFO | 📊 Current database size: 0 companies
2025-12-26 00:03:59,567 | INFO | 📄 Found file: E:\\Data Nov 2023\Formatted Files_2022&2023\19-08-2022-CSV-File\19-08-2022-All File-2.csv
2025-12-26 00:03:59,619 | INFO | ✅ Added patterns | File: 19-08-2022-All File-2.csv | Folder: E:\\Data Nov 2023\Formatted Files_2022&2023\19-08-2022-CSV-File
2025-12-26 00:03:59,624 | INFO | 📊 Current database size: 0 companies
2025-12-26 00:03:59,626 | INFO | 📄 Found file: E:\\Data Nov 2023\Formatted Files_2022&2023\19-08-2022-CSV-File\19-08-2022-All File-3.csv
2025-12-26 00:03:59,673 | INFO | ✅ Added patterns | File: 19-08-2022-All File-3.csv | Folder: E:\\Data Nov 2023\Formatted Files_2022&2023\19-08-2022-CSV-File
2025-12-26 00:03:59,675 | INFO | 📊 Current database size: 0 companies
2025-12-26 00:03:59,684 | INFO | 📄 Found file: E:\\Data Nov 2023\Formatted Files_2022&2023\20-09-2022-CSV-File\20-09-2022-All File-1.csv
2025-12-26 00:03:59,726 | INFO | ✅ Added patterns | File: 20-09-2022-All File-1.csv | Folder: E:\\Data Nov 2023\Formatted Files_2022&2023\20-09-2022-CSV-File
2025-12-26 00:03:59,728 | INFO | 📊 Current database size: 0 companies
2025-12-26 00:03:59,729 | INFO | 📄 Found file: E:\\Data Nov 2023\Formatted Files_2022&2023\20-09-2022-CSV-File\20-09-2022-All File-2.csv
2025-12-26 00:03:59,751 | INFO | ✅ Added patterns | File: 20-09-2022-All File-2.csv | Folder: E:\\Data Nov 2023\Formatted Files_2022&2023\20-09-2022-CSV-File
2025-12-26 00:03:59,752 | INFO | 📊 Current database size: 0 companies
2025-12-26 00:03:59,752 | INFO | 📄 Found file: E:\\Data Nov 2023\Formatted Files_2022&2023\20-09-2022-CSV-File\20-09-2022-All File-3.csv
2025-12-26 00:03:59,776 | INFO | ✅ Added patterns | File: 20-09-2022-All File-3.csv | Folder: E:\\Data Nov 2023\Formatted Files_2022&2023\20-09-2022-CSV-File
2025-12-26 00:03:59,777 | INFO | 📊 Current database size: 0 companies
2025-12-26 00:03:59,778 | INFO | 📄 Found file: E:\\Data Nov 2023\Formatted Files_2022&2023\20-09-2022-CSV-File\20-09-2022-All File-4.csv
2025-12-26 00:03:59,802 | INFO | ✅ Added patterns | File: 20-09-2022-All File-4.csv | Folder: E:\\Data Nov 2023\Formatted Files_2022&2023\20-09-2022-CSV-File
2025-12-26 00:03:59,802 | INFO | 📊 Current database size: 0 companies
2025-12-26 00:03:59,803 | INFO | 📄 Found file: E:\\Data Nov 2023\Formatted Files_2022&2023\20-09-2022-CSV-File\20-09-2022-All File-Canada-1.csv
2025-12-26 00:03:59,843 | INFO | ✅ Added patterns | File: 20-09-2022-All File-Canada-1.csv | Folder: E:\\Data Nov 2023\Formatted Files_2022&2023\20-09-2022-CSV-File
2025-12-26 00:03:59,846 | INFO | 📊 Current database size: 0 companies
2025-12-26 00:03:59,848 | INFO | 📄 Found file: E:\\Data Nov 2023\Formatted Files_2022&2023\20-09-2022-CSV-File\20-09-2022-All File-Canada-2.csv
2025-12-26 00:03:59,879 | INFO | ✅ Added patterns | File: 20-09-2022-All File-Canada-2.csv | Folder: E:\\Data Nov 2023\Formatted Files_2022&2023\20-09-2022-CSV-File
2025-12-26 00:03:59,880 | INFO | 📊 Current database size: 0 companies
2025-12-26 00:03:59,881 | INFO | 📄 Found file: E:\\Data Nov 2023\Formatted Files_2022&2023\22-08-2022-CSV-File\22-08-2022-All File-1.csv
2025-12-26 00:03:59,920 | INFO | ✅ Added patterns | File: 22-08-2022-All File-1.csv | Folder: E:\\Data Nov 2023\Formatted Files_2022&2023\22-08-2022-CSV-File
2025-12-26 00:03:59,924 | INFO | 📊 Current database size: 0 companies
2025-12-26 00:03:59,926 | INFO | 📄 Found file: E:\\Data Nov 2023\Formatted Files_2022&2023\22-08-2022-CSV-File\22-08-2022-All File-2.csv
2025-12-26 00:03:59,964 | INFO | ✅ Added patterns | File: 22-08-2022-All File-2.csv | Folder: E:\\Data Nov 2023\Formatted Files_2022&2023\22-08-2022-CSV-File
2025-12-26 00:03:59,965 | INFO | 📊 Current database size: 0 companies
2025-12-26 00:03:59,965 | INFO | 📄 Found file: E:\\Data Nov 2023\Formatted Files_2022&2023\22-08-2022-CSV-File\22-08-2022-All File-3.csv
2025-12-26 00:04:00,001 | INFO | ✅ Added patterns | File: 22-08-2022-All File-3.csv | Folder: E:\\Data Nov 2023\Formatted Files_2022&2023\22-08-2022-CSV-File
2025-12-26 00:04:00,002 | INFO | 📊 Current database size: 0 companies
2025-12-26 00:04:00,004 | INFO | 📄 Found file: E:\\Data Nov 2023\Formatted Files_2022&2023\22-08-2022-CSV-File\22-08-2022-All File-4.csv
2025-12-26 00:04:00,183 | INFO | ✅ Added patterns | File: 22-08-2022-All File-4.csv | Folder: E:\\Data Nov 2023\Formatted Files_2022&2023\22-08-2022-CSV-File
2025-12-26 00:04:00,185 | INFO | 📊 Current database size: 0 companies
2025-12-26 00:04:00,186 | INFO | 📄 Found file: E:\\Data Nov 2023\Formatted Files_2022&2023\23-01-2023-CSV-File\18-01-2022-All File-1.csv
2025-12-26 00:04:00,213 | INFO | ✅ Added patterns | File: 18-01-2022-All File-1.csv | Folder: E:\\Data Nov 2023\Formatted Files_2022&2023\23-01-2023-CSV-File
2025-12-26 00:04:00,214 | INFO | 📊 Current database size: 0 companies
2025-12-26 00:04:00,216 | INFO | 📄 Found file: E:\\Data Nov 2023\Formatted Files_2022&2023\23-01-2023-CSV-File\18-01-2022-All File-2.csv
2025-12-26 00:04:00,251 | INFO | ✅ Added patterns | File: 18-01-2022-All File-2.csv | Folder: E:\\Data Nov 2023\Formatted Files_2022&2023\23-01-2023-CSV-File
2025-12-26 00:04:00,252 | INFO | 📊 Current database size: 0 companies
2025-12-26 00:04:00,254 | INFO | 📄 Found file: E:\\Data Nov 2023\Formatted Files_2022&2023\23-01-2023-CSV-File\18-01-2022-All File-3.csv
2025-12-26 00:04:00,284 | INFO | ✅ Added patterns | File: 18-01-2022-All File-3.csv | Folder: E:\\Data Nov 2023\Formatted Files_2022&2023\23-01-2023-CSV-File
2025-12-26 00:04:00,284 | INFO | 📊 Current database size: 0 companies
2025-12-26 00:04:00,293 | INFO | 📄 Found file: E:\\Data Nov 2023\Formatted Files_2022&2023\23-11-2022-CSV-File\03-10-2022-All File-1.csv
2025-12-26 00:04:00,331 | INFO | ✅ Added patterns | File: 03-10-2022-All File-1.csv | Folder: E:\\Data Nov 2023\Formatted Files_2022&2023\23-11-2022-CSV-File
2025-12-26 00:04:00,332 | INFO | 📊 Current database size: 0 companies
2025-12-26 00:04:00,333 | INFO | 📄 Found file: E:\\Data Nov 2023\Formatted Files_2022&2023\23-11-2022-CSV-File\03-10-2022-All File-2.csv
2025-12-26 00:04:00,360 | INFO | ✅ Added patterns | File: 03-10-2022-All File-2.csv | Folder: E:\\Data Nov 2023\Formatted Files_2022&2023\23-11-2022-CSV-File
2025-12-26 00:04:00,362 | INFO | 📊 Current database size: 0 companies
2025-12-26 00:04:00,363 | INFO | 📄 Found file: E:\\Data Nov 2023\Formatted Files_2022&2023\23-11-2022-CSV-File\03-10-2022-All File-3.csv
2025-12-26 00:04:00,387 | INFO | ✅ Added patterns | File: 03-10-2022-All File-3.csv | Folder: E:\\Data Nov 2023\Formatted Files_2022&2023\23-11-2022-CSV-File
2025-12-26 00:04:00,388 | INFO | 📊 Current database size: 0 companies
2025-12-26 00:04:00,394 | INFO | 📄 Found file: E:\\Data Nov 2023\Formatted Files_2022&2023\23-11-2022-CSV-File\03-10-2022-All File-4.csv
2025-12-26 00:04:00,435 | INFO | ✅ Added patterns | File: 03-10-2022-All File-4.csv | Folder: E:\\Data Nov 2023\Formatted Files_2022&2023\23-11-2022-CSV-File
2025-12-26 00:04:00,436 | INFO | 📊 Current database size: 0 companies
2025-12-26 00:04:00,438 | INFO | 📄 Found file: E:\\Data Nov 2023\Formatted Files_2022&2023\23-11-2022-CSV-File\03-10-2022-All File-5.csv
2025-12-26 00:04:00,477 | INFO | ✅ Added patterns | File: 03-10-2022-All File-5.csv | Folder: E:\\Data Nov 2023\Formatted Files_2022&2023\23-11-2022-CSV-File
2025-12-26 00:04:00,479 | INFO | 📊 Current database size: 0 companies
2025-12-26 00:04:00,480 | INFO | 📄 Found file: E:\\Data Nov 2023\Formatted Files_2022&2023\23-11-2022-CSV-File\03-10-2022-All File-6.csv
2025-12-26 00:04:00,515 | INFO | ✅ Added patterns | File: 03-10-2022-All File-6.csv | Folder: E:\\Data Nov 2023\Formatted Files_2022&2023\23-11-2022-CSV-File
2025-12-26 00:04:00,516 | INFO | 📊 Current database size: 0 companies
2025-12-26 00:04:00,519 | INFO | 📄 Found file: E:\\Data Nov 2023\Formatted Files_2022&2023\23-11-2022-CSV-File\03-10-2022-All File-7.csv
2025-12-26 00:04:00,554 | INFO | ✅ Added patterns | File: 03-10-2022-All File-7.csv | Folder: E:\\Data Nov 2023\Formatted Files_2022&2023\23-11-2022-CSV-File
2025-12-26 00:04:00,555 | INFO | 📊 Current database size: 0 companies
2025-12-26 00:04:00,563 | INFO | 📄 Found file: E:\\Data Nov 2023\Formatted Files_2022&2023\24-01-2023-CSV-File\24-01-2023-All File.csv
2025-12-26 00:04:00,592 | INFO | ✅ Added patterns | File: 24-01-2023-All File.csv | Folder: E:\\Data Nov 2023\Formatted Files_2022&2023\24-01-2023-CSV-File
2025-12-26 00:04:00,594 | INFO | 📊 Current database size: 0 companies
2025-12-26 00:04:00,602 | INFO | 📄 Found file: E:\\Data Nov 2023\Formatted Files_2022&2023\24-09-2022-CSV-File\21-09-2022-All File-1.csv
2025-12-26 00:04:00,648 | INFO | ✅ Added patterns | File: 21-09-2022-All File-1.csv | Folder: E:\\Data Nov 2023\Formatted Files_2022&2023\24-09-2022-CSV-File
2025-12-26 00:04:00,650 | INFO | 📊 Current database size: 0 companies
2025-12-26 00:04:00,651 | INFO | 📄 Found file: E:\\Data Nov 2023\Formatted Files_2022&2023\24-09-2022-CSV-File\21-09-2022-All File-2.csv
2025-12-26 00:04:00,678 | INFO | ✅ Added patterns | File: 21-09-2022-All File-2.csv | Folder: E:\\Data Nov 2023\Formatted Files_2022&2023\24-09-2022-CSV-File
2025-12-26 00:04:00,679 | INFO | 📊 Current database size: 0 companies
2025-12-26 00:04:00,680 | INFO | 📄 Found file: E:\\Data Nov 2023\Formatted Files_2022&2023\24-09-2022-CSV-File\21-09-2022-All File-3.csv
2025-12-26 00:04:00,706 | INFO | ✅ Added patterns | File: 21-09-2022-All File-3.csv | Folder: E:\\Data Nov 2023\Formatted Files_2022&2023\24-09-2022-CSV-File
2025-12-26 00:04:00,710 | INFO | 📊 Current database size: 0 companies
2025-12-26 00:04:00,712 | INFO | 📄 Found file: E:\\Data Nov 2023\Formatted Files_2022&2023\24-09-2022-CSV-File\21-09-2022-All File-4.csv
2025-12-26 00:04:00,744 | INFO | ✅ Added patterns | File: 21-09-2022-All File-4.csv | Folder: E:\\Data Nov 2023\Formatted Files_2022&2023\24-09-2022-CSV-File
2025-12-26 00:04:00,745 | INFO | 📊 Current database size: 0 companies
2025-12-26 00:04:00,746 | INFO | 📄 Found file: E:\\Data Nov 2023\Formatted Files_2022&2023\24-09-2022-CSV-File\21-09-2022-All File-5.csv
2025-12-26 00:04:00,799 | INFO | ✅ Added patterns | File: 21-09-2022-All File-5.csv | Folder: E:\\Data Nov 2023\Formatted Files_2022&2023\24-09-2022-CSV-File
2025-12-26 00:04:00,800 | INFO | 📊 Current database size: 0 companies
2025-12-26 00:04:00,801 | INFO | 📄 Found file: E:\\Data Nov 2023\Formatted Files_2022&2023\24-09-2022-CSV-File\21-09-2022-All File-6.csv
2025-12-26 00:04:00,831 | INFO | ✅ Added patterns | File: 21-09-2022-All File-6.csv | Folder: E:\\Data Nov 2023\Formatted Files_2022&2023\24-09-2022-CSV-File
2025-12-26 00:04:00,832 | INFO | 📊 Current database size: 0 companies
2025-12-26 00:04:00,839 | INFO | 📄 Found file: E:\\Data Nov 2023\Formatted Files_2022&2023\26-08-2022-CSV-File\26-08-2022-All File-1.csv
2025-12-26 00:04:00,865 | INFO | ✅ Added patterns | File: 26-08-2022-All File-1.csv | Folder: E:\\Data Nov 2023\Formatted Files_2022&2023\26-08-2022-CSV-File
2025-12-26 00:04:00,867 | INFO | 📊 Current database size: 0 companies
2025-12-26 00:04:00,868 | INFO | 📄 Found file: E:\\Data Nov 2023\Formatted Files_2022&2023\26-08-2022-CSV-File\26-08-2022-All File-2.csv
2025-12-26 00:04:00,898 | INFO | ✅ Added patterns | File: 26-08-2022-All File-2.csv | Folder: E:\\Data Nov 2023\Formatted Files_2022&2023\26-08-2022-CSV-File
2025-12-26 00:04:00,900 | INFO | 📊 Current database size: 0 companies
2025-12-26 00:04:00,901 | INFO | 📄 Found file: E:\\Data Nov 2023\Formatted Files_2022&2023\26-08-2022-CSV-File\26-08-2022-All File-3.csv
2025-12-26 00:04:00,937 | INFO | ✅ Added patterns | File: 26-08-2022-All File-3.csv | Folder: E:\\Data Nov 2023\Formatted Files_2022&2023\26-08-2022-CSV-File
2025-12-26 00:04:00,938 | INFO | 📊 Current database size: 0 companies
2025-12-26 00:04:00,941 | INFO | 📄 Found file: E:\\Data Nov 2023\Formatted Files_2022&2023\26-08-2022-CSV-File\26-08-2022-All File-4.csv
2025-12-26 00:04:00,981 | INFO | ✅ Added patterns | File: 26-08-2022-All File-4.csv | Folder: E:\\Data Nov 2023\Formatted Files_2022&2023\26-08-2022-CSV-File
2025-12-26 00:04:00,982 | INFO | 📊 Current database size: 0 companies
2025-12-26 00:04:00,983 | INFO | 📄 Found file: E:\\Data Nov 2023\Formatted Files_2022&2023\26-08-2022-CSV-File\26-08-2022-All File-5.csv
2025-12-26 00:04:01,013 | INFO | ✅ Added patterns | File: 26-08-2022-All File-5.csv | Folder: E:\\Data Nov 2023\Formatted Files_2022&2023\26-08-2022-CSV-File
2025-12-26 00:04:01,014 | INFO | 📊 Current database size: 0 companies
2025-12-26 00:04:01,017 | INFO | 📄 Found file: E:\\Data Nov 2023\Formatted Files_2022&2023\26-08-2022-CSV-File\26-08-2022-All File-6.csv
2025-12-26 00:04:01,042 | INFO | ✅ Added patterns | File: 26-08-2022-All File-6.csv | Folder: E:\\Data Nov 2023\Formatted Files_2022&2023\26-08-2022-CSV-File
2025-12-26 00:04:01,044 | INFO | 📊 Current database size: 0 companies
2025-12-26 00:04:01,047 | INFO | 📄 Found file: E:\\Data Nov 2023\Formatted Files_2022&2023\26-08-2022-CSV-File\26-08-2022-All File-7.csv
2025-12-26 00:04:01,086 | INFO | ✅ Added patterns | File: 26-08-2022-All File-7.csv | Folder: E:\\Data Nov 2023\Formatted Files_2022&2023\26-08-2022-CSV-File
2025-12-26 00:04:01,087 | INFO | 📊 Current database size: 0 companies
2025-12-26 00:04:01,096 | INFO | 📄 Found file: E:\\Data Nov 2023\Formatted Files_2022&2023\28-07-2022-CSV-File\28-07-2022-All File-1.csv
2025-12-26 00:04:01,133 | INFO | ✅ Added patterns | File: 28-07-2022-All File-1.csv | Folder: E:\\Data Nov 2023\Formatted Files_2022&2023\28-07-2022-CSV-File
2025-12-26 00:04:01,135 | INFO | 📊 Current database size: 0 companies
2025-12-26 00:04:01,136 | INFO | 📄 Found file: E:\\Data Nov 2023\Formatted Files_2022&2023\28-07-2022-CSV-File\28-07-2022-All File-2.csv
2025-12-26 00:04:01,163 | INFO | ✅ Added patterns | File: 28-07-2022-All File-2.csv | Folder: E:\\Data Nov 2023\Formatted Files_2022&2023\28-07-2022-CSV-File
2025-12-26 00:04:01,166 | INFO | 📊 Current database size: 0 companies
2025-12-26 00:04:01,183 | INFO | 📄 Found file: E:\\Data Nov 2023\Formatted Files_2022&2023\28-07-2022-CSV-File\28-07-2022-All File-3.csv
2025-12-26 00:04:01,222 | INFO | ✅ Added patterns | File: 28-07-2022-All File-3.csv | Folder: E:\\Data Nov 2023\Formatted Files_2022&2023\28-07-2022-CSV-File
2025-12-26 00:04:01,223 | INFO | 📊 Current database size: 0 companies
2025-12-26 00:04:01,224 | INFO | 📄 Found file: E:\\Data Nov 2023\Formatted Files_2022&2023\28-07-2022-CSV-File\28-07-2022-All File-4.csv
2025-12-26 00:04:01,256 | INFO | ✅ Added patterns | File: 28-07-2022-All File-4.csv | Folder: E:\\Data Nov 2023\Formatted Files_2022&2023\28-07-2022-CSV-File
2025-12-26 00:04:01,257 | INFO | 📊 Current database size: 0 companies
2025-12-26 00:04:01,257 | INFO | 📄 Found file: E:\\Data Nov 2023\Formatted Files_2022&2023\28-07-2022-CSV-File\28-07-2022-All File-5.csv
2025-12-26 00:04:01,277 | INFO | ✅ Added patterns | File: 28-07-2022-All File-5.csv | Folder: E:\\Data Nov 2023\Formatted Files_2022&2023\28-07-2022-CSV-File
2025-12-26 00:04:01,279 | INFO | 📊 Current database size: 0 companies
2025-12-26 00:04:01,282 | INFO | 📄 Found file: E:\\Data Nov 2023\Formatted Files_2022&2023\29-07-2022-CSV-File\29-07-2022-All File-1.csv
2025-12-26 00:04:01,303 | INFO | ✅ Added patterns | File: 29-07-2022-All File-1.csv | Folder: E:\\Data Nov 2023\Formatted Files_2022&2023\29-07-2022-CSV-File
2025-12-26 00:04:01,304 | INFO | 📊 Current database size: 0 companies
2025-12-26 00:04:01,305 | INFO | 📄 Found file: E:\\Data Nov 2023\Formatted Files_2022&2023\29-07-2022-CSV-File\29-07-2022-All File-2.csv
2025-12-26 00:04:01,324 | INFO | ✅ Added patterns | File: 29-07-2022-All File-2.csv | Folder: E:\\Data Nov 2023\Formatted Files_2022&2023\29-07-2022-CSV-File
2025-12-26 00:04:01,325 | INFO | 📊 Current database size: 0 companies
2025-12-26 00:04:01,325 | INFO | 📄 Found file: E:\\Data Nov 2023\Formatted Files_2022&2023\29-07-2022-CSV-File\29-07-2022-All File-3.csv
2025-12-26 00:04:01,354 | INFO | ✅ Added patterns | File: 29-07-2022-All File-3.csv | Folder: E:\\Data Nov 2023\Formatted Files_2022&2023\29-07-2022-CSV-File
2025-12-26 00:04:01,355 | INFO | 📊 Current database size: 0 companies
2025-12-26 00:04:01,365 | INFO | 📄 Found file: E:\\Data Nov 2023\Formatted Files_2022&2023\29-08-2022-CSV-File\29-08-2022-All File-1.csv
2025-12-26 00:04:01,399 | INFO | ✅ Added patterns | File: 29-08-2022-All File-1.csv | Folder: E:\\Data Nov 2023\Formatted Files_2022&2023\29-08-2022-CSV-File
2025-12-26 00:04:01,400 | INFO | 📊 Current database size: 0 companies
2025-12-26 00:04:01,401 | INFO | 📄 Found file: E:\\Data Nov 2023\Formatted Files_2022&2023\29-08-2022-CSV-File\29-08-2022-All File-2.csv
2025-12-26 00:04:01,423 | INFO | ✅ Added patterns | File: 29-08-2022-All File-2.csv | Folder: E:\\Data Nov 2023\Formatted Files_2022&2023\29-08-2022-CSV-File
2025-12-26 00:04:01,424 | INFO | 📊 Current database size: 0 companies
2025-12-26 00:04:01,424 | INFO | 📄 Found file: E:\\Data Nov 2023\Formatted Files_2022&2023\29-08-2022-CSV-File\29-08-2022-All File-3.csv
2025-12-26 00:04:01,449 | INFO | ✅ Added patterns | File: 29-08-2022-All File-3.csv | Folder: E:\\Data Nov 2023\Formatted Files_2022&2023\29-08-2022-CSV-File
2025-12-26 00:04:01,451 | INFO | 📊 Current database size: 0 companies
2025-12-26 00:04:01,452 | INFO | 📄 Found file: E:\\Data Nov 2023\Formatted Files_2022&2023\29-08-2022-CSV-File\29-08-2022-All File-4.csv
2025-12-26 00:04:01,480 | INFO | ✅ Added patterns | File: 29-08-2022-All File-4.csv | Folder: E:\\Data Nov 2023\Formatted Files_2022&2023\29-08-2022-CSV-File
2025-12-26 00:04:01,481 | INFO | 📊 Current database size: 0 companies
2025-12-26 00:04:01,482 | INFO | 📄 Found file: E:\\Data Nov 2023\Formatted Files_2022&2023\29-08-2022-CSV-File\29-08-2022-All File-5.csv
2025-12-26 00:04:01,500 | INFO | ✅ Added patterns | File: 29-08-2022-All File-5.csv | Folder: E:\\Data Nov 2023\Formatted Files_2022&2023\29-08-2022-CSV-File
2025-12-26 00:04:01,500 | INFO | 📊 Current database size: 0 companies
2025-12-26 00:04:01,518 | INFO | 📄 Found file: E:\\Data Nov 2023\Formatted Files_2022&2023\29-11-2022-CSV-File\23-11-2022-All File-1.csv
2025-12-26 00:04:01,554 | INFO | ✅ Added patterns | File: 23-11-2022-All File-1.csv | Folder: E:\\Data Nov 2023\Formatted Files_2022&2023\29-11-2022-CSV-File
2025-12-26 00:04:01,555 | INFO | 📊 Current database size: 0 companies
2025-12-26 00:04:01,556 | INFO | 📄 Found file: E:\\Data Nov 2023\Formatted Files_2022&2023\29-11-2022-CSV-File\23-11-2022-All File-2.csv
2025-12-26 00:04:01,606 | INFO | ✅ Added patterns | File: 23-11-2022-All File-2.csv | Folder: E:\\Data Nov 2023\Formatted Files_2022&2023\29-11-2022-CSV-File
2025-12-26 00:04:01,607 | INFO | 📊 Current database size: 0 companies
2025-12-26 00:04:01,608 | INFO | 📄 Found file: E:\\Data Nov 2023\Formatted Files_2022&2023\29-11-2022-CSV-File\23-11-2022-All File-3.csv
2025-12-26 00:04:01,653 | INFO | ✅ Added patterns | File: 23-11-2022-All File-3.csv | Folder: E:\\Data Nov 2023\Formatted Files_2022&2023\29-11-2022-CSV-File
2025-12-26 00:04:01,654 | INFO | 📊 Current database size: 0 companies
2025-12-26 00:04:01,655 | INFO | 📄 Found file: E:\\Data Nov 2023\Formatted Files_2022&2023\29-11-2022-CSV-File\23-11-2022-All File-4.csv
2025-12-26 00:04:01,689 | INFO | ✅ Added patterns | File: 23-11-2022-All File-4.csv | Folder: E:\\Data Nov 2023\Formatted Files_2022&2023\29-11-2022-CSV-File
2025-12-26 00:04:01,689 | INFO | 📊 Current database size: 0 companies
2025-12-26 00:04:01,691 | INFO | 📄 Found file: E:\\Data Nov 2023\Formatted Files_2022&2023\29-11-2022-CSV-File\23-11-2022-All File-5.csv
2025-12-26 00:04:01,708 | INFO | ✅ Added patterns | File: 23-11-2022-All File-5.csv | Folder: E:\\Data Nov 2023\Formatted Files_2022&2023\29-11-2022-CSV-File
2025-12-26 00:04:01,709 | INFO | 📊 Current database size: 0 companies
2025-12-26 00:04:01,709 | INFO | 📄 Found file: E:\\Data Nov 2023\Formatted Files_2022&2023\29-11-2022-CSV-File\23-11-2022-All File-6.csv
2025-12-26 00:04:01,736 | INFO | ✅ Added patterns | File: 23-11-2022-All File-6.csv | Folder: E:\\Data Nov 2023\Formatted Files_2022&2023\29-11-2022-CSV-File
2025-12-26 00:04:01,738 | INFO | 📊 Current database size: 0 companies
2025-12-26 00:04:01,739 | INFO | 📄 Found file: E:\\Data Nov 2023\Formatted Files_2022&2023\29-11-2022-CSV-File\23-11-2022-All File-7.csv
2025-12-26 00:04:01,763 | INFO | ✅ Added patterns | File: 23-11-2022-All File-7.csv | Folder: E:\\Data Nov 2023\Formatted Files_2022&2023\29-11-2022-CSV-File
2025-12-26 00:04:01,765 | INFO | 📊 Current database size: 0 companies
2025-12-26 00:04:01,767 | INFO | 📄 Found file: E:\\Data Nov 2023\Formatted Files_2022&2023\29-11-2022-CSV-File\23-11-2022-All File-8.csv
2025-12-26 00:04:01,796 | INFO | ✅ Added patterns | File: 23-11-2022-All File-8.csv | Folder: E:\\Data Nov 2023\Formatted Files_2022&2023\29-11-2022-CSV-File
2025-12-26 00:04:01,798 | INFO | 📊 Current database size: 0 companies
2025-12-26 00:04:01,806 | INFO | 📄 Found file: E:\\Data Nov 2023\Formatted Files_2022&2023\30-09-2022-CSV-File\26-09-2022-All File-1.csv
2025-12-26 00:04:01,959 | INFO | ✅ Added patterns | File: 26-09-2022-All File-1.csv | Folder: E:\\Data Nov 2023\Formatted Files_2022&2023\30-09-2022-CSV-File
2025-12-26 00:04:01,959 | INFO | 📊 Current database size: 0 companies
2025-12-26 00:04:01,960 | INFO | 📄 Found file: E:\\Data Nov 2023\Formatted Files_2022&2023\30-09-2022-CSV-File\26-09-2022-All File-2.csv
2025-12-26 00:04:02,018 | INFO | ✅ Added patterns | File: 26-09-2022-All File-2.csv | Folder: E:\\Data Nov 2023\Formatted Files_2022&2023\30-09-2022-CSV-File
2025-12-26 00:04:02,020 | INFO | 📊 Current database size: 0 companies
2025-12-26 00:04:02,023 | INFO | 📄 Found file: E:\\Data Nov 2023\Formatted Files_2022&2023\30-09-2022-CSV-File\26-09-2022-All File-3.csv
2025-12-26 00:04:02,087 | INFO | ✅ Added patterns | File: 26-09-2022-All File-3.csv | Folder: E:\\Data Nov 2023\Formatted Files_2022&2023\30-09-2022-CSV-File
2025-12-26 00:04:02,088 | INFO | 📊 Current database size: 0 companies
2025-12-26 00:04:02,088 | INFO | 📄 Found file: E:\\Data Nov 2023\Formatted Files_2022&2023\30-09-2022-CSV-File\26-09-2022-All File-4.csv
2025-12-26 00:04:02,136 | INFO | ✅ Added patterns | File: 26-09-2022-All File-4.csv | Folder: E:\\Data Nov 2023\Formatted Files_2022&2023\30-09-2022-CSV-File
2025-12-26 00:04:02,138 | INFO | 📊 Current database size: 0 companies
2025-12-26 00:04:02,139 | INFO | 📄 Found file: E:\\Data Nov 2023\Formatted Files_2022&2023\30-09-2022-CSV-File\26-09-2022-All File-5.csv
2025-12-26 00:04:02,166 | INFO | ✅ Added patterns | File: 26-09-2022-All File-5.csv | Folder: E:\\Data Nov 2023\Formatted Files_2022&2023\30-09-2022-CSV-File
2025-12-26 00:04:02,170 | INFO | 📊 Current database size: 0 companies
2025-12-26 00:04:02,184 | INFO | 📄 Found file: E:\\Data Nov 2023\Formatted Files_2022&2023\30-09-2022-CSV-File\26-09-2022-All File-6.csv
2025-12-26 00:04:02,215 | INFO | ✅ Added patterns | File: 26-09-2022-All File-6.csv | Folder: E:\\Data Nov 2023\Formatted Files_2022&2023\30-09-2022-CSV-File
2025-12-26 00:04:02,219 | INFO | 📊 Current database size: 0 companies
2025-12-26 00:04:02,220 | INFO | 📄 Found file: E:\\Data Nov 2023\Formatted Files_2022&2023\30-09-2022-CSV-File\26-09-2022-All File-7.csv
2025-12-26 00:04:02,253 | INFO | ✅ Added patterns | File: 26-09-2022-All File-7.csv | Folder: E:\\Data Nov 2023\Formatted Files_2022&2023\30-09-2022-CSV-File
2025-12-26 00:04:02,255 | INFO | 📊 Current database size: 0 companies
2025-12-26 00:04:02,257 | INFO | 📄 Found file: E:\\Data Nov 2023\Nov_1\open data 50k file 5 asraf  25k-50k PMP.xlsx
2025-12-26 00:04:15,351 | INFO | ✅ Added patterns | File: open data 50k file 5 asraf  25k-50k PMP.xlsx | Folder: E:\\Data Nov 2023\Nov_1
2025-12-26 00:04:15,353 | INFO | 📊 Current database size: 0 companies
2025-12-26 00:04:15,353 | INFO | 📄 Found file: E:\\Data Nov 2023\Nov_1\open data 50k file 5 asraf (1) 25-50k PMP.xlsx
2025-12-26 00:04:27,934 | INFO | ✅ Added patterns | File: open data 50k file 5 asraf (1) 25-50k PMP.xlsx | Folder: E:\\Data Nov 2023\Nov_1
2025-12-26 00:04:27,935 | INFO | 📊 Current database size: 0 companies
2025-12-26 00:04:27,936 | INFO | 📄 Found file: E:\\Data Nov 2023\Nov_1\open data 50k file 5 asraf 20-40kPMP.xlsx
2025-12-26 00:04:38,152 | INFO | ✅ Added patterns | File: open data 50k file 5 asraf 20-40kPMP.xlsx | Folder: E:\\Data Nov 2023\Nov_1
2025-12-26 00:04:38,152 | INFO | 📊 Current database size: 0 companies
2025-12-26 00:04:38,162 | INFO | 📄 Found file: E:\\Data Nov 2023\Nov_16 New data\File 08 20k 17-Nov-23  (1).xlsx
2025-12-26 00:04:42,444 | INFO | ✅ Added patterns | File: File 08 20k 17-Nov-23  (1).xlsx | Folder: E:\\Data Nov 2023\Nov_16 New data
2025-12-26 00:04:42,445 | INFO | 📊 Current database size: 0 companies
2025-12-26 00:04:42,446 | INFO | 📄 Found file: E:\\Data Nov 2023\Nov_16 New data\File 08 20k 17-Nov-23  (2).xlsx
2025-12-26 00:04:46,958 | INFO | ✅ Added patterns | File: File 08 20k 17-Nov-23  (2).xlsx | Folder: E:\\Data Nov 2023\Nov_16 New data
2025-12-26 00:04:46,959 | INFO | 📊 Current database size: 0 companies
2025-12-26 00:04:46,959 | INFO | 📄 Found file: E:\\Data Nov 2023\Nov_16 New data\File 08 20k 17-Nov-23  (3).xlsx
2025-12-26 00:04:51,303 | INFO | ✅ Added patterns | File: File 08 20k 17-Nov-23  (3).xlsx | Folder: E:\\Data Nov 2023\Nov_16 New data
2025-12-26 00:04:51,304 | INFO | 📊 Current database size: 0 companies
2025-12-26 00:04:51,306 | INFO | 📄 Found file: E:\\Data Nov 2023\Nov_16 New data\File 08 20k 17-Nov-23  (4).xlsx
2025-12-26 00:04:55,782 | INFO | ✅ Added patterns | File: File 08 20k 17-Nov-23  (4).xlsx | Folder: E:\\Data Nov 2023\Nov_16 New data
2025-12-26 00:04:55,782 | INFO | 📊 Current database size: 0 companies
2025-12-26 00:04:55,784 | INFO | 📄 Found file: E:\\Data Nov 2023\Nov_16 New data\File 08 20k 17-Nov-23  (5).xlsx
2025-12-26 00:05:00,215 | INFO | ✅ Added patterns | File: File 08 20k 17-Nov-23  (5).xlsx | Folder: E:\\Data Nov 2023\Nov_16 New data
2025-12-26 00:05:00,218 | INFO | 📊 Current database size: 0 companies
2025-12-26 00:05:00,219 | INFO | 📄 Found file: E:\\Data Nov 2023\Nov_16 New data\File 08 20k 17-Nov-23  (6).xlsx
2025-12-26 00:05:05,763 | INFO | ✅ Added patterns | File: File 08 20k 17-Nov-23  (6).xlsx | Folder: E:\\Data Nov 2023\Nov_16 New data
2025-12-26 00:05:05,764 | INFO | 📊 Current database size: 0 companies
2025-12-26 00:05:05,777 | INFO | 📄 Found file: E:\\Data Nov 2023\Nov_Data\09_nov_2023_2.csv
2025-12-26 00:05:06,064 | INFO | ✅ Added patterns | File: 09_nov_2023_2.csv | Folder: E:\\Data Nov 2023\Nov_Data
2025-12-26 00:05:06,064 | INFO | 📊 Current database size: 0 companies
2025-12-26 00:05:06,065 | INFO | 📄 Found file: E:\\Data Nov 2023\Nov_Data\3.80L Jyoyi Data.xlsx
2025-12-26 00:06:47,072 | INFO | ✅ Added patterns | File: 3.80L Jyoyi Data.xlsx | Folder: E:\\Data Nov 2023\Nov_Data
2025-12-26 00:06:47,072 | INFO | 📊 Current database size: 0 companies
2025-12-26 00:06:47,073 | INFO | 📄 Found file: E:\\Data Nov 2023\Nov_Data\9_Nov_12_full Data.csv_1.csv
2025-12-26 00:06:47,364 | INFO | ✅ Added patterns | File: 9_Nov_12_full Data.csv_1.csv | Folder: E:\\Data Nov 2023\Nov_Data
2025-12-26 00:06:47,366 | INFO | 📊 Current database size: 0 companies
2025-12-26 00:06:47,366 | INFO | 📄 Found file: E:\\Data Nov 2023\Nov_Data\9_Nov_12_full Data.xlsx
2025-12-26 00:06:52,940 | INFO | ✅ Added patterns | File: 9_Nov_12_full Data.xlsx | Folder: E:\\Data Nov 2023\Nov_Data
2025-12-26 00:06:52,942 | INFO | 📊 Current database size: 0 companies
2025-12-26 00:06:52,942 | INFO | 📄 Found file: E:\\Data Nov 2023\Nov_Data\9_NOV_23_3.xlsx
2025-12-26 00:06:57,623 | INFO | ✅ Added patterns | File: 9_NOV_23_3.xlsx | Folder: E:\\Data Nov 2023\Nov_Data
2025-12-26 00:06:57,624 | INFO | 📊 Current database size: 0 companies
2025-12-26 00:06:57,624 | INFO | 📄 Found file: E:\\Data Nov 2023\Nov_Data\File1  6-Nov-23  20k Jyoti.xlsx
2025-12-26 00:07:03,045 | INFO | ✅ Added patterns | File: File1  6-Nov-23  20k Jyoti.xlsx | Folder: E:\\Data Nov 2023\Nov_Data
2025-12-26 00:07:03,046 | INFO | 📊 Current database size: 0 companies
2025-12-26 00:07:03,048 | INFO | 📄 Found file: E:\\Data Nov 2023\Nov_Data\File10  6-Nov-23  30k Jyoti PMP.xlsx
2025-12-26 00:07:12,126 | INFO | ✅ Added patterns | File: File10  6-Nov-23  30k Jyoti PMP.xlsx | Folder: E:\\Data Nov 2023\Nov_Data
2025-12-26 00:07:12,126 | INFO | 📊 Current database size: 0 companies
2025-12-26 00:07:12,127 | INFO | 📄 Found file: E:\\Data Nov 2023\Nov_Data\File11  6-Nov-23  30k Jyoti PMP.xlsx
2025-12-26 00:07:20,688 | INFO | ✅ Added patterns | File: File11  6-Nov-23  30k Jyoti PMP.xlsx | Folder: E:\\Data Nov 2023\Nov_Data
2025-12-26 00:07:20,689 | INFO | 📊 Current database size: 0 companies
2025-12-26 00:07:20,690 | INFO | 📄 Found file: E:\\Data Nov 2023\Nov_Data\File12  6-Nov-23  30k Jyoti pmt.xlsx
2025-12-26 00:07:29,305 | INFO | ✅ Added patterns | File: File12  6-Nov-23  30k Jyoti pmt.xlsx | Folder: E:\\Data Nov 2023\Nov_Data
2025-12-26 00:07:29,306 | INFO | 📊 Current database size: 0 companies
2025-12-26 00:07:29,309 | INFO | 📄 Found file: E:\\Data Nov 2023\Nov_Data\File13  6-Nov-23  30k Jyoti Desktop.xlsx
2025-12-26 00:07:38,112 | INFO | ✅ Added patterns | File: File13  6-Nov-23  30k Jyoti Desktop.xlsx | Folder: E:\\Data Nov 2023\Nov_Data
2025-12-26 00:07:38,112 | INFO | 📊 Current database size: 0 companies
2025-12-26 00:07:38,113 | INFO | 📄 Found file: E:\\Data Nov 2023\Nov_Data\File2  6-Nov-23  30k Jyoti.xlsx
2025-12-26 00:07:46,649 | INFO | ✅ Added patterns | File: File2  6-Nov-23  30k Jyoti.xlsx | Folder: E:\\Data Nov 2023\Nov_Data
2025-12-26 00:07:46,652 | INFO | 📊 Current database size: 0 companies
2025-12-26 00:07:46,654 | INFO | 📄 Found file: E:\\Data Nov 2023\Nov_Data\File3  6-Nov-23  30k Jyoti.xlsx
2025-12-26 00:07:55,294 | INFO | ✅ Added patterns | File: File3  6-Nov-23  30k Jyoti.xlsx | Folder: E:\\Data Nov 2023\Nov_Data
2025-12-26 00:07:55,295 | INFO | 📊 Current database size: 0 companies
2025-12-26 00:07:55,295 | INFO | 📄 Found file: E:\\Data Nov 2023\Nov_Data\File4  6-Nov-23  30k Jyoti.xlsx
2025-12-26 00:08:03,812 | INFO | ✅ Added patterns | File: File4  6-Nov-23  30k Jyoti.xlsx | Folder: E:\\Data Nov 2023\Nov_Data
2025-12-26 00:08:03,813 | INFO | 📊 Current database size: 0 companies
2025-12-26 00:08:03,814 | INFO | 📄 Found file: E:\\Data Nov 2023\Nov_Data\File5  6-Nov-23  30k Jyoti.xlsx
2025-12-26 00:08:12,323 | INFO | ✅ Added patterns | File: File5  6-Nov-23  30k Jyoti.xlsx | Folder: E:\\Data Nov 2023\Nov_Data
2025-12-26 00:08:12,324 | INFO | 📊 Current database size: 0 companies
2025-12-26 00:08:12,326 | INFO | 📄 Found file: E:\\Data Nov 2023\Nov_Data\File6  6-Nov-23  30k Jyoti.xlsx
2025-12-26 00:08:20,938 | INFO | ✅ Added patterns | File: File6  6-Nov-23  30k Jyoti.xlsx | Folder: E:\\Data Nov 2023\Nov_Data
2025-12-26 00:08:20,940 | INFO | 📊 Current database size: 0 companies
2025-12-26 00:08:20,941 | INFO | 📄 Found file: E:\\Data Nov 2023\Nov_Data\File7  6-Nov-23  30k Jyoti.xlsx
2025-12-26 00:08:30,828 | INFO | ✅ Added patterns | File: File7  6-Nov-23  30k Jyoti.xlsx | Folder: E:\\Data Nov 2023\Nov_Data
2025-12-26 00:08:30,829 | INFO | 📊 Current database size: 0 companies
2025-12-26 00:08:30,830 | INFO | 📄 Found file: E:\\Data Nov 2023\Nov_Data\File8  6-Nov-23  30k Jyoti.xlsx
2025-12-26 00:08:39,937 | INFO | ✅ Added patterns | File: File8  6-Nov-23  30k Jyoti.xlsx | Folder: E:\\Data Nov 2023\Nov_Data
2025-12-26 00:08:39,940 | INFO | 📊 Current database size: 0 companies
2025-12-26 00:08:39,941 | INFO | 📄 Found file: E:\\Data Nov 2023\Nov_Data\File9  6-Nov-23  30k Jyoti PMP.xlsx
2025-12-26 00:08:48,408 | INFO | ✅ Added patterns | File: File9  6-Nov-23  30k Jyoti PMP.xlsx | Folder: E:\\Data Nov 2023\Nov_Data
2025-12-26 00:08:48,409 | INFO | 📊 Current database size: 0 companies
2025-12-26 00:08:48,431 | INFO | 📄 Found file: E:\\Data Nov 2023\Nov_Data\Ashraf\06-Nov-23 File1 Ashraf.xlsx
2025-12-26 00:08:56,739 | INFO | ✅ Added patterns | File: 06-Nov-23 File1 Ashraf.xlsx | Folder: E:\\Data Nov 2023\Nov_Data\Ashraf
2025-12-26 00:08:56,740 | INFO | 📊 Current database size: 0 companies
2025-12-26 00:08:56,741 | INFO | 📄 Found file: E:\\Data Nov 2023\Nov_Data\Ashraf\06-Nov-23 File10 Ashraf pmp.xlsx
2025-12-26 00:09:05,119 | INFO | ✅ Added patterns | File: 06-Nov-23 File10 Ashraf pmp.xlsx | Folder: E:\\Data Nov 2023\Nov_Data\Ashraf
2025-12-26 00:09:05,120 | INFO | 📊 Current database size: 0 companies
2025-12-26 00:09:05,121 | INFO | 📄 Found file: E:\\Data Nov 2023\Nov_Data\Ashraf\06-Nov-23 File11 Ashraf pmp.xlsx
2025-12-26 00:09:13,480 | INFO | ✅ Added patterns | File: 06-Nov-23 File11 Ashraf pmp.xlsx | Folder: E:\\Data Nov 2023\Nov_Data\Ashraf
2025-12-26 00:09:13,480 | INFO | 📊 Current database size: 0 companies
2025-12-26 00:09:13,480 | INFO | 📄 Found file: E:\\Data Nov 2023\Nov_Data\Ashraf\06-Nov-23 File12 Ashraf PMP.xlsx
2025-12-26 00:09:21,996 | INFO | ✅ Added patterns | File: 06-Nov-23 File12 Ashraf PMP.xlsx | Folder: E:\\Data Nov 2023\Nov_Data\Ashraf
2025-12-26 00:09:21,996 | INFO | 📊 Current database size: 0 companies
2025-12-26 00:09:21,997 | INFO | 📄 Found file: E:\\Data Nov 2023\Nov_Data\Ashraf\06-Nov-23 File13 Ashraf PMP.xlsx
2025-12-26 00:09:30,412 | INFO | ✅ Added patterns | File: 06-Nov-23 File13 Ashraf PMP.xlsx | Folder: E:\\Data Nov 2023\Nov_Data\Ashraf
2025-12-26 00:09:30,413 | INFO | 📊 Current database size: 0 companies
2025-12-26 00:09:30,417 | INFO | 📄 Found file: E:\\Data Nov 2023\Nov_Data\Ashraf\06-Nov-23 File2 Ashraf.xlsx
2025-12-26 00:09:39,192 | INFO | ✅ Added patterns | File: 06-Nov-23 File2 Ashraf.xlsx | Folder: E:\\Data Nov 2023\Nov_Data\Ashraf
2025-12-26 00:09:39,193 | INFO | 📊 Current database size: 0 companies
2025-12-26 00:09:39,194 | INFO | 📄 Found file: E:\\Data Nov 2023\Nov_Data\Ashraf\06-Nov-23 File3 Ashraf.xlsx
2025-12-26 00:09:47,551 | INFO | ✅ Added patterns | File: 06-Nov-23 File3 Ashraf.xlsx | Folder: E:\\Data Nov 2023\Nov_Data\Ashraf
2025-12-26 00:09:47,551 | INFO | 📊 Current database size: 0 companies
2025-12-26 00:09:47,552 | INFO | 📄 Found file: E:\\Data Nov 2023\Nov_Data\Ashraf\06-Nov-23 File4 Ashraf.xlsx
2025-12-26 00:09:55,868 | INFO | ✅ Added patterns | File: 06-Nov-23 File4 Ashraf.xlsx | Folder: E:\\Data Nov 2023\Nov_Data\Ashraf
2025-12-26 00:09:55,868 | INFO | 📊 Current database size: 0 companies
2025-12-26 00:09:55,870 | INFO | 📄 Found file: E:\\Data Nov 2023\Nov_Data\Ashraf\06-Nov-23 File5 Ashraf.xlsx
2025-12-26 00:10:04,311 | INFO | ✅ Added patterns | File: 06-Nov-23 File5 Ashraf.xlsx | Folder: E:\\Data Nov 2023\Nov_Data\Ashraf
2025-12-26 00:10:04,312 | INFO | 📊 Current database size: 0 companies
2025-12-26 00:10:04,312 | INFO | 📄 Found file: E:\\Data Nov 2023\Nov_Data\Ashraf\06-Nov-23 File6 Ashraf.xlsx
2025-12-26 00:10:12,407 | INFO | ✅ Added patterns | File: 06-Nov-23 File6 Ashraf.xlsx | Folder: E:\\Data Nov 2023\Nov_Data\Ashraf
2025-12-26 00:10:12,408 | INFO | 📊 Current database size: 0 companies
2025-12-26 00:10:12,408 | INFO | 📄 Found file: E:\\Data Nov 2023\Nov_Data\Ashraf\06-Nov-23 File7 Ashraf Done.xlsx
2025-12-26 00:10:20,854 | INFO | ✅ Added patterns | File: 06-Nov-23 File7 Ashraf Done.xlsx | Folder: E:\\Data Nov 2023\Nov_Data\Ashraf
2025-12-26 00:10:20,855 | INFO | 📊 Current database size: 0 companies
2025-12-26 00:10:20,855 | INFO | 📄 Found file: E:\\Data Nov 2023\Nov_Data\Ashraf\06-Nov-23 File8 Ashraf pmp.xlsx
2025-12-26 00:10:29,293 | INFO | ✅ Added patterns | File: 06-Nov-23 File8 Ashraf pmp.xlsx | Folder: E:\\Data Nov 2023\Nov_Data\Ashraf
2025-12-26 00:10:29,294 | INFO | 📊 Current database size: 0 companies
2025-12-26 00:10:29,294 | INFO | 📄 Found file: E:\\Data Nov 2023\Nov_Data\Ashraf\06-Nov-23 File9 Ashraf pmp.xlsx
2025-12-26 00:10:37,593 | INFO | ✅ Added patterns | File: 06-Nov-23 File9 Ashraf pmp.xlsx | Folder: E:\\Data Nov 2023\Nov_Data\Ashraf
2025-12-26 00:10:37,594 | INFO | 📊 Current database size: 0 companies
2025-12-26 00:10:37,595 | INFO | 📄 Found file: E:\\Data Nov 2023\Nov_Data\Ashraf\3.90L Ashraf File.xlsx
2025-12-26 00:12:21,359 | INFO | ✅ Added patterns | File: 3.90L Ashraf File.xlsx | Folder: E:\\Data Nov 2023\Nov_Data\Ashraf
2025-12-26 00:12:21,359 | INFO | 📊 Current database size: 0 companies
2025-12-26 00:12:21,396 | INFO | 📄 Found file: E:\\EmailTool-V2\Barzaan\database_source_files\Atlanta, GA-B2B-44874.xlsx
2025-12-26 00:12:36,995 | INFO | ✅ Added patterns | File: Atlanta, GA-B2B-44874.xlsx | Folder: E:\\EmailTool-V2\Barzaan\database_source_files
2025-12-26 00:12:36,996 | INFO | 📊 Current database size: 16808 companies
2025-12-26 00:12:36,997 | INFO | 📄 Found file: E:\\EmailTool-V2\Barzaan\database_source_files\Atlanta, GA-LSSGB-137575.xlsx
2025-12-26 00:13:22,188 | INFO | ✅ Added patterns | File: Atlanta, GA-LSSGB-137575.xlsx | Folder: E:\\EmailTool-V2\Barzaan\database_source_files
2025-12-26 00:13:22,189 | INFO | 📊 Current database size: 38136 companies
2025-12-26 00:13:22,189 | INFO | 📄 Found file: E:\\EmailTool-V2\Barzaan\database_source_files\Atlanta, GA-PMP-176938.xlsx
2025-12-26 00:14:20,063 | INFO | ✅ Added patterns | File: Atlanta, GA-PMP-176938.xlsx | Folder: E:\\EmailTool-V2\Barzaan\database_source_files
2025-12-26 00:14:20,064 | INFO | 📊 Current database size: 56577 companies
2025-12-26 00:14:20,066 | INFO | 📄 Found file: E:\\EmailTool-V2\Barzaan\database_source_files\Austin, Tx seggrigation_1.xlsx
2025-12-26 00:14:41,971 | INFO | ✅ Added patterns | File: Austin, Tx seggrigation_1.xlsx | Folder: E:\\EmailTool-V2\Barzaan\database_source_files
2025-12-26 00:14:41,972 | INFO | 📊 Current database size: 69254 companies
2025-12-26 00:14:41,973 | INFO | 📄 Found file: E:\\EmailTool-V2\Barzaan\database_source_files\Baltimore, MD-B2B-23152.xlsx
2025-12-26 00:14:50,519 | INFO | ✅ Added patterns | File: Baltimore, MD-B2B-23152.xlsx | Folder: E:\\EmailTool-V2\Barzaan\database_source_files
2025-12-26 00:14:50,519 | INFO | 📊 Current database size: 75807 companies
2025-12-26 00:14:50,520 | INFO | 📄 Found file: E:\\EmailTool-V2\Barzaan\database_source_files\Baltimore, MD-PMP-109446.xlsx
2025-12-26 00:15:27,043 | INFO | ✅ Added patterns | File: Baltimore, MD-PMP-109446.xlsx | Folder: E:\\EmailTool-V2\Barzaan\database_source_files
2025-12-26 00:15:27,044 | INFO | 📊 Current database size: 90065 companies
2025-12-26 00:15:27,045 | INFO | 📄 Found file: E:\\EmailTool-V2\Barzaan\database_source_files\Boise, ID Seggrigation 2018.xlsx
2025-12-26 00:15:36,398 | INFO | ✅ Added patterns | File: Boise, ID Seggrigation 2018.xlsx | Folder: E:\\EmailTool-V2\Barzaan\database_source_files
2025-12-26 00:15:36,401 | INFO | 📊 Current database size: 94619 companies
2025-12-26 00:15:36,402 | INFO | 📄 Found file: E:\\EmailTool-V2\Barzaan\database_source_files\Calgary, AB-174000 (1).xlsx
2025-12-26 00:16:31,314 | INFO | ✅ Added patterns | File: Calgary, AB-174000 (1).xlsx | Folder: E:\\EmailTool-V2\Barzaan\database_source_files
2025-12-26 00:16:31,315 | INFO | 📊 Current database size: 107077 companies
2025-12-26 00:16:31,316 | INFO | 📄 Found file: E:\\EmailTool-V2\Barzaan\database_source_files\Calgary, AB-174000.xlsx
2025-12-26 00:17:26,451 | INFO | ✅ Added patterns | File: Calgary, AB-174000.xlsx | Folder: E:\\EmailTool-V2\Barzaan\database_source_files
2025-12-26 00:17:26,454 | INFO | 📊 Current database size: 107077 companies
2025-12-26 00:17:26,455 | INFO | 📄 Found file: E:\\EmailTool-V2\Barzaan\database_source_files\Colorado Springs, CO Seggrigation _.xlsx
2025-12-26 00:17:32,355 | INFO | ✅ Added patterns | File: Colorado Springs, CO Seggrigation _.xlsx | Folder: E:\\EmailTool-V2\Barzaan\database_source_files
2025-12-26 00:17:32,359 | INFO | 📊 Current database size: 109314 companies
2025-12-26 00:17:32,360 | INFO | 📄 Found file: E:\\EmailTool-V2\Barzaan\database_source_files\Colorado.xlsx
2025-12-26 00:17:38,194 | INFO | ✅ Added patterns | File: Colorado.xlsx | Folder: E:\\EmailTool-V2\Barzaan\database_source_files
2025-12-26 00:17:38,195 | INFO | 📊 Current database size: 109314 companies
2025-12-26 00:17:38,197 | INFO | 📄 Found file: E:\\EmailTool-V2\Barzaan\database_source_files\complete.xlsx
2025-12-26 00:17:38,837 | INFO | ✅ Added patterns | File: complete.xlsx | Folder: E:\\EmailTool-V2\Barzaan\database_source_files
2025-12-26 00:17:38,838 | INFO | 📊 Current database size: 109317 companies
2025-12-26 00:17:38,839 | INFO | 📄 Found file: E:\\EmailTool-V2\Barzaan\database_source_files\Fresno, CA-10000 - Copy.xlsx
2025-12-26 00:17:43,449 | INFO | ✅ Added patterns | File: Fresno, CA-10000 - Copy.xlsx | Folder: E:\\EmailTool-V2\Barzaan\database_source_files
2025-12-26 00:17:43,451 | INFO | 📊 Current database size: 112930 companies
2025-12-26 00:17:43,453 | INFO | 📄 Found file: E:\\EmailTool-V2\Barzaan\database_source_files\Fresno, CA-10000.xlsx
2025-12-26 00:17:47,019 | INFO | ✅ Added patterns | File: Fresno, CA-10000.xlsx | Folder: E:\\EmailTool-V2\Barzaan\database_source_files
2025-12-26 00:17:47,019 | INFO | 📊 Current database size: 112930 companies
2025-12-26 00:17:47,020 | INFO | 📄 Found file: E:\\EmailTool-V2\Barzaan\database_source_files\Fresno, CA-test.xlsx
2025-12-26 00:17:47,136 | INFO | ✅ Added patterns | File: Fresno, CA-test.xlsx | Folder: E:\\EmailTool-V2\Barzaan\database_source_files
2025-12-26 00:17:47,137 | INFO | 📊 Current database size: 112930 companies
2025-12-26 00:17:47,137 | INFO | 📄 Found file: E:\\EmailTool-V2\Barzaan\email_creator_app\Canada-ND-21Aug-For Creation_missing_scrapped.csv
2025-12-26 00:17:47,204 | INFO | ✅ Added patterns | File: Canada-ND-21Aug-For Creation_missing_scrapped.csv | Folder: E:\\EmailTool-V2\Barzaan\email_creator_app
2025-12-26 00:17:47,204 | INFO | 📊 Current database size: 112930 companies
2025-12-26 00:17:47,204 | INFO | 📄 Found file: E:\\EmailTool-V2\Barzaan\email_creator_app\Canada-ND-28Aug-For Creation_missing_scrapped.csv
2025-12-26 00:17:47,279 | INFO | ✅ Added patterns | File: Canada-ND-28Aug-For Creation_missing_scrapped.csv | Folder: E:\\EmailTool-V2\Barzaan\email_creator_app
2025-12-26 00:17:47,280 | INFO | 📊 Current database size: 112930 companies
2025-12-26 00:17:47,281 | INFO | 📄 Found file: E:\\EmailTool-V2\Barzaan\email_creator_app\US-ND-19Aug-For Creation_missing_scrapped.csv
2025-12-26 00:17:47,373 | INFO | ✅ Added patterns | File: US-ND-19Aug-For Creation_missing_scrapped.csv | Folder: E:\\EmailTool-V2\Barzaan\email_creator_app
2025-12-26 00:17:47,374 | INFO | 📊 Current database size: 112930 companies
2025-12-26 00:17:47,376 | INFO | 📄 Found file: E:\\EmailTool-V2\Barzaan\email_creator_app\US-ND-8Aug-For Creation_missing_scrapped.csv
2025-12-26 00:17:47,447 | INFO | ✅ Added patterns | File: US-ND-8Aug-For Creation_missing_scrapped.csv | Folder: E:\\EmailTool-V2\Barzaan\email_creator_app
2025-12-26 00:17:47,448 | INFO | 📊 Current database size: 112930 companies
2025-12-26 00:17:47,493 | INFO | 📄 Found file: E:\\EmailTool-V2\Barzaan\email_creator_app\automatic_email_format\csv_filedd.csv
2025-12-26 00:17:47,609 | INFO | ✅ Added patterns | File: csv_filedd.csv | Folder: E:\\EmailTool-V2\Barzaan\email_creator_app\automatic_email_format
2025-12-26 00:17:47,610 | INFO | 📊 Current database size: 112930 companies
2025-12-26 00:17:47,611 | INFO | 📄 Found file: E:\\EmailTool-V2\Barzaan\email_creator_app\automatic_email_format\GoogleColabfile_1.csv
2025-12-26 00:17:47,696 | INFO | ✅ Added patterns | File: GoogleColabfile_1.csv | Folder: E:\\EmailTool-V2\Barzaan\email_creator_app\automatic_email_format
2025-12-26 00:17:47,697 | INFO | 📊 Current database size: 112930 companies
2025-12-26 00:17:47,698 | INFO | 📄 Found file: E:\\EmailTool-V2\Barzaan\email_creator_app\automatic_email_format\GoogleColabfile_2.csv
2025-12-26 00:17:47,802 | INFO | ✅ Added patterns | File: GoogleColabfile_2.csv | Folder: E:\\EmailTool-V2\Barzaan\email_creator_app\automatic_email_format
2025-12-26 00:17:47,803 | INFO | 📊 Current database size: 112930 companies
2025-12-26 00:17:47,803 | INFO | 📄 Found file: E:\\EmailTool-V2\Barzaan\email_creator_app\automatic_email_format\tool-test-data-10Feb.xlsx
2025-12-26 00:17:48,444 | INFO | ✅ Added patterns | File: tool-test-data-10Feb.xlsx | Folder: E:\\EmailTool-V2\Barzaan\email_creator_app\automatic_email_format
2025-12-26 00:17:48,444 | INFO | 📊 Current database size: 112930 companies
2025-12-26 00:17:48,466 | INFO | 📄 Found file: E:\\EmailTool-V2\Barzaan\email_creator_app\extra\xtrafile\email_patterns.csv
2025-12-26 00:17:48,890 | INFO | ✅ Added patterns | File: email_patterns.csv | Folder: E:\\EmailTool-V2\Barzaan\email_creator_app\extra\xtrafile
2025-12-26 00:17:48,891 | INFO | 📊 Current database size: 112930 companies
2025-12-26 00:17:48,891 | INFO | 📄 Found file: E:\\EmailTool-V2\Barzaan\email_creator_app\extra\xtrafile\EW-NDPM_12june_missing_file.csv
2025-12-26 00:17:48,985 | INFO | ✅ Added patterns | File: EW-NDPM_12june_missing_file.csv | Folder: E:\\EmailTool-V2\Barzaan\email_creator_app\extra\xtrafile
2025-12-26 00:17:48,986 | INFO | 📊 Current database size: 112930 companies
2025-12-26 00:17:48,986 | INFO | 📄 Found file: E:\\EmailTool-V2\Barzaan\email_creator_app\extra\xtrafile\Formatted_file__Missing_13june_file.csv
2025-12-26 00:17:49,117 | INFO | ✅ Added patterns | File: Formatted_file__Missing_13june_file.csv | Folder: E:\\EmailTool-V2\Barzaan\email_creator_app\extra\xtrafile
2025-12-26 00:17:49,118 | INFO | 📊 Current database size: 112930 companies
2025-12-26 00:17:49,119 | INFO | 📄 Found file: E:\\EmailTool-V2\Barzaan\email_creator_app\extra\xtrafile\logs_for_tracking_june11.txt_file - Copy.csv
2025-12-26 00:17:49,205 | INFO | ✅ Added patterns | File: logs_for_tracking_june11.txt_file - Copy.csv | Folder: E:\\EmailTool-V2\Barzaan\email_creator_app\extra\xtrafile
2025-12-26 00:17:49,205 | INFO | 📊 Current database size: 112930 companies
2025-12-26 00:17:49,207 | INFO | 📄 Found file: E:\\EmailTool-V2\Barzaan\email_creator_app\extra\xtrafile\logs_for_tracking_june11.txt_file.csv
2025-12-26 00:17:49,297 | INFO | ✅ Added patterns | File: logs_for_tracking_june11.txt_file.csv | Folder: E:\\EmailTool-V2\Barzaan\email_creator_app\extra\xtrafile
2025-12-26 00:17:49,298 | INFO | 📊 Current database size: 112930 companies
2025-12-26 00:17:49,300 | INFO | 📄 Found file: E:\\EmailTool-V2\Barzaan\email_creator_app\extra\xtrafile\logs_for_tracking_june7.txt_file.csv
2025-12-26 00:17:49,445 | INFO | ✅ Added patterns | File: logs_for_tracking_june7.txt_file.csv | Folder: E:\\EmailTool-V2\Barzaan\email_creator_app\extra\xtrafile
2025-12-26 00:17:49,447 | INFO | 📊 Current database size: 112930 companies
2025-12-26 00:17:49,447 | INFO | 📄 Found file: E:\\EmailTool-V2\Barzaan\email_creator_app\extra\xtrafile\new_database.csv
2025-12-26 00:17:49,751 | INFO | ✅ Added patterns | File: new_database.csv | Folder: E:\\EmailTool-V2\Barzaan\email_creator_app\extra\xtrafile
2025-12-26 00:17:49,752 | INFO | 📊 Current database size: 112930 companies
2025-12-26 00:17:49,752 | INFO | 📄 Found file: E:\\EmailTool-V2\Barzaan\email_creator_app\extra\xtrafile\open icert 3.78L.xlsx
2025-12-26 00:19:10,986 | INFO | ✅ Added patterns | File: open icert 3.78L.xlsx | Folder: E:\\EmailTool-V2\Barzaan\email_creator_app\extra\xtrafile
2025-12-26 00:19:10,986 | INFO | 📊 Current database size: 169276 companies
2025-12-26 00:19:10,986 | INFO | 📄 Found file: E:\\EmailTool-V2\Barzaan\email_creator_app\extra\xtrafile\open_N.xlsx
2025-12-26 00:19:42,781 | INFO | ✅ Added patterns | File: open_N.xlsx | Folder: E:\\EmailTool-V2\Barzaan\email_creator_app\extra\xtrafile
2025-12-26 00:19:42,781 | INFO | 📊 Current database size: 169276 companies
2025-12-26 00:19:42,781 | INFO | 📄 Found file: E:\\EmailTool-V2\Barzaan\email_creator_app\extra\xtrafile\Total Open Data_tcart 2.5L - Copy.xlsx
2025-12-26 00:20:07,283 | INFO | ✅ Added patterns | File: Total Open Data_tcart 2.5L - Copy.xlsx | Folder: E:\\EmailTool-V2\Barzaan\email_creator_app\extra\xtrafile
2025-12-26 00:20:07,283 | INFO | 📊 Current database size: 169276 companies
2025-12-26 00:20:07,283 | INFO | 📄 Found file: E:\\EmailTool-V2\Barzaan\email_creator_app\extra\xtrafile\Total Open Data_tcart 2.5L.xlsx
2025-12-26 00:20:31,753 | INFO | ✅ Added patterns | File: Total Open Data_tcart 2.5L.xlsx | Folder: E:\\EmailTool-V2\Barzaan\email_creator_app\extra\xtrafile
2025-12-26 00:20:31,753 | INFO | 📊 Current database size: 169276 companies
2025-12-26 00:20:31,753 | INFO | 📄 Found file: E:\\EmailTool-V2\Barzaan\email_creator_app\files\13-May_formated_2023-05-9april.csv
2025-12-26 00:20:32,522 | INFO | ✅ Added patterns | File: 13-May_formated_2023-05-9april.csv | Folder: E:\\EmailTool-V2\Barzaan\email_creator_app\files
2025-12-26 00:20:32,522 | INFO | 📊 Current database size: 169276 companies
2025-12-26 00:20:32,522 | INFO | 📄 Found file: E:\\EmailTool-V2\Barzaan\email_creator_app\files\EW-City-ND-24Ma_Missing_file2025-03-24 16-38-22.csv
2025-12-26 00:20:32,889 | INFO | ✅ Added patterns | File: EW-City-ND-24Ma_Missing_file2025-03-24 16-38-22.csv | Folder: E:\\EmailTool-V2\Barzaan\email_creator_app\files
2025-12-26 00:20:32,890 | INFO | 📊 Current database size: 169276 companies
2025-12-26 00:20:32,890 | INFO | 📄 Found file: E:\\EmailTool-V2\Barzaan\email_creator_app\files\EW-City-ND-24Ma_suman.csv
2025-12-26 00:20:33,710 | INFO | ✅ Added patterns | File: EW-City-ND-24Ma_suman.csv | Folder: E:\\EmailTool-V2\Barzaan\email_creator_app\files
2025-12-26 00:20:33,710 | INFO | 📊 Current database size: 169276 companies
2025-12-26 00:20:33,710 | INFO | 📄 Found file: E:\\EmailTool-V2\Barzaan\email_creator_app\files\EW-ND-PM-7Apr-For creation - Copy.xlsx
2025-12-26 00:21:17,547 | INFO | ✅ Added patterns | File: EW-ND-PM-7Apr-For creation - Copy.xlsx | Folder: E:\\EmailTool-V2\Barzaan\email_creator_app\files
2025-12-26 00:21:17,547 | INFO | 📊 Current database size: 169276 companies
2025-12-26 00:21:17,547 | INFO | 📄 Found file: E:\\EmailTool-V2\Barzaan\email_creator_app\files\EW-ND-PM-7Apr-For creation.xlsx
2025-12-26 00:22:02,287 | INFO | ✅ Added patterns | File: EW-ND-PM-7Apr-For creation.xlsx | Folder: E:\\EmailTool-V2\Barzaan\email_creator_app\files
2025-12-26 00:22:02,303 | INFO | 📊 Current database size: 169276 companies
2025-12-26 00:22:02,404 | INFO | 📄 Found file: E:\\EmailTool-V2\Barzaan\email_creator_app\files\automatic_emails_format_created\Baltimore, MD-PMP-109446_new_tool_missing_file - Copy (2).csv
2025-12-26 00:22:02,524 | INFO | ✅ Added patterns | File: Baltimore, MD-PMP-109446_new_tool_missing_file - Copy (2).csv | Folder: E:\\EmailTool-V2\Barzaan\email_creator_app\files\automatic_emails_format_created
2025-12-26 00:22:02,524 | INFO | 📊 Current database size: 169276 companies
2025-12-26 00:22:02,524 | INFO | 📄 Found file: E:\\EmailTool-V2\Barzaan\email_creator_app\files\automatic_emails_format_created\Baltimore, MD-PMP-109446_new_tool_missing_file - Copy.csv
2025-12-26 00:22:02,622 | INFO | ✅ Added patterns | File: Baltimore, MD-PMP-109446_new_tool_missing_file - Copy.csv | Folder: E:\\EmailTool-V2\Barzaan\email_creator_app\files\automatic_emails_format_created
2025-12-26 00:22:02,622 | INFO | 📊 Current database size: 169276 companies
2025-12-26 00:22:02,622 | INFO | 📄 Found file: E:\\EmailTool-V2\Barzaan\email_creator_app\files\automatic_emails_format_created\Baltimore, MD-PMP-109446_new_tool_missing_file.csv
2025-12-26 00:22:02,738 | INFO | ✅ Added patterns | File: Baltimore, MD-PMP-109446_new_tool_missing_file.csv | Folder: E:\\EmailTool-V2\Barzaan\email_creator_app\files\automatic_emails_format_created
2025-12-26 00:22:02,738 | INFO | 📊 Current database size: 169276 companies
2025-12-26 00:22:02,739 | INFO | 📄 Found file: E:\\EmailTool-V2\Barzaan\email_creator_app\files\automatic_emails_format_created\Batch0_10__3__AprSCRAPPER__0_2025-04-04.csv
2025-12-26 00:22:02,824 | INFO | ✅ Added patterns | File: Batch0_10__3__AprSCRAPPER__0_2025-04-04.csv | Folder: E:\\EmailTool-V2\Barzaan\email_creator_app\files\automatic_emails_format_created
2025-12-26 00:22:02,824 | INFO | 📊 Current database size: 169276 companies
2025-12-26 00:22:02,824 | INFO | 📄 Found file: E:\\EmailTool-V2\Barzaan\email_creator_app\files\automatic_emails_format_created\Batch0_10__3__AprSCRAPPER__1_2025-04-04.csv
2025-12-26 00:22:02,935 | INFO | ✅ Added patterns | File: Batch0_10__3__AprSCRAPPER__1_2025-04-04.csv | Folder: E:\\EmailTool-V2\Barzaan\email_creator_app\files\automatic_emails_format_created
2025-12-26 00:22:02,936 | INFO | 📊 Current database size: 169276 companies
2025-12-26 00:22:02,937 | INFO | 📄 Found file: E:\\EmailTool-V2\Barzaan\email_creator_app\files\automatic_emails_format_created\Batch0_10__3__AprSCRAPPER__2_2025-04-04.csv
2025-12-26 00:22:03,050 | INFO | ✅ Added patterns | File: Batch0_10__3__AprSCRAPPER__2_2025-04-04.csv | Folder: E:\\EmailTool-V2\Barzaan\email_creator_app\files\automatic_emails_format_created
2025-12-26 00:22:03,050 | INFO | 📊 Current database size: 169276 companies
2025-12-26 00:22:03,051 | INFO | 📄 Found file: E:\\EmailTool-V2\Barzaan\email_creator_app\files\automatic_emails_format_created\Batch0_10__3__AprSCRAPPER__3_2025-04-04.csv
2025-12-26 00:22:03,157 | INFO | ✅ Added patterns | File: Batch0_10__3__AprSCRAPPER__3_2025-04-04.csv | Folder: E:\\EmailTool-V2\Barzaan\email_creator_app\files\automatic_emails_format_created
2025-12-26 00:22:03,157 | INFO | 📊 Current database size: 169276 companies
2025-12-26 00:22:03,157 | INFO | 📄 Found file: E:\\EmailTool-V2\Barzaan\email_creator_app\files\automatic_emails_format_created\Batch0_10__3__AprSCRAPPER__4_2025-04-04.csv
2025-12-26 00:22:03,257 | INFO | ✅ Added patterns | File: Batch0_10__3__AprSCRAPPER__4_2025-04-04.csv | Folder: E:\\EmailTool-V2\Barzaan\email_creator_app\files\automatic_emails_format_created
2025-12-26 00:22:03,257 | INFO | 📊 Current database size: 169276 companies
2025-12-26 00:22:03,257 | INFO | 📄 Found file: E:\\EmailTool-V2\Barzaan\email_creator_app\files\automatic_emails_format_created\Batch0_14__3__AprSCRAPPER__0_2025-04-04.csv
2025-12-26 00:22:03,357 | INFO | ✅ Added patterns | File: Batch0_14__3__AprSCRAPPER__0_2025-04-04.csv | Folder: E:\\EmailTool-V2\Barzaan\email_creator_app\files\automatic_emails_format_created
2025-12-26 00:22:03,357 | INFO | 📊 Current database size: 169276 companies
2025-12-26 00:22:03,357 | INFO | 📄 Found file: E:\\EmailTool-V2\Barzaan\email_creator_app\files\automatic_emails_format_created\Batch0_14__3__AprSCRAPPER__1_2025-04-04.csv
2025-12-26 00:22:03,550 | INFO | ✅ Added patterns | File: Batch0_14__3__AprSCRAPPER__1_2025-04-04.csv | Folder: E:\\EmailTool-V2\Barzaan\email_creator_app\files\automatic_emails_format_created
2025-12-26 00:22:03,551 | INFO | 📊 Current database size: 169276 companies
2025-12-26 00:22:03,551 | INFO | 📄 Found file: E:\\EmailTool-V2\Barzaan\email_creator_app\files\automatic_emails_format_created\Batch0_14__3__AprSCRAPPER__2_2025-04-04.csv
2025-12-26 00:22:03,642 | INFO | ✅ Added patterns | File: Batch0_14__3__AprSCRAPPER__2_2025-04-04.csv | Folder: E:\\EmailTool-V2\Barzaan\email_creator_app\files\automatic_emails_format_created
2025-12-26 00:22:03,642 | INFO | 📊 Current database size: 169276 companies
2025-12-26 00:22:03,652 | INFO | 📄 Found file: E:\\EmailTool-V2\Barzaan\email_creator_app\files\automatic_emails_format_created\Batch0_14__3__AprSCRAPPER__3_2025-04-04.csv
2025-12-26 00:22:03,763 | INFO | ✅ Added patterns | File: Batch0_14__3__AprSCRAPPER__3_2025-04-04.csv | Folder: E:\\EmailTool-V2\Barzaan\email_creator_app\files\automatic_emails_format_created
2025-12-26 00:22:03,763 | INFO | 📊 Current database size: 169276 companies
2025-12-26 00:22:03,763 | INFO | 📄 Found file: E:\\EmailTool-V2\Barzaan\email_creator_app\files\automatic_emails_format_created\Batch0_14__3__AprSCRAPPER__4_2025-04-04.csv
2025-12-26 00:22:03,894 | INFO | ✅ Added patterns | File: Batch0_14__3__AprSCRAPPER__4_2025-04-04.csv | Folder: E:\\EmailTool-V2\Barzaan\email_creator_app\files\automatic_emails_format_created
2025-12-26 00:22:03,895 | INFO | 📊 Current database size: 169276 companies
2025-12-26 00:22:03,895 | INFO | 📄 Found file: E:\\EmailTool-V2\Barzaan\email_creator_app\files\automatic_emails_format_created\Batch0_4__3__AprSCRAPPER__0_2025-04-04.csv
2025-12-26 00:22:03,976 | INFO | ✅ Added patterns | File: Batch0_4__3__AprSCRAPPER__0_2025-04-04.csv | Folder: E:\\EmailTool-V2\Barzaan\email_creator_app\files\automatic_emails_format_created
2025-12-26 00:22:03,976 | INFO | 📊 Current database size: 169276 companies
2025-12-26 00:22:03,976 | INFO | 📄 Found file: E:\\EmailTool-V2\Barzaan\email_creator_app\files\automatic_emails_format_created\Batch0_4__3__AprSCRAPPER__1_2025-04-04.csv
2025-12-26 00:22:04,093 | INFO | ✅ Added patterns | File: Batch0_4__3__AprSCRAPPER__1_2025-04-04.csv | Folder: E:\\EmailTool-V2\Barzaan\email_creator_app\files\automatic_emails_format_created
2025-12-26 00:22:04,093 | INFO | 📊 Current database size: 169276 companies
2025-12-26 00:22:04,093 | INFO | 📄 Found file: E:\\EmailTool-V2\Barzaan\email_creator_app\files\automatic_emails_format_created\Batch0_4__SCRAPPER__0_2025-03-29.csv
2025-12-26 00:22:04,177 | INFO | ✅ Added patterns | File: Batch0_4__SCRAPPER__0_2025-03-29.csv | Folder: E:\\EmailTool-V2\Barzaan\email_creator_app\files\automatic_emails_format_created
2025-12-26 00:22:04,177 | INFO | 📊 Current database size: 169276 companies
2025-12-26 00:22:04,177 | INFO | 📄 Found file: E:\\EmailTool-V2\Barzaan\email_creator_app\files\automatic_emails_format_created\Batch0_4__SCRAPPER__1_2025-03-29.csv
2025-12-26 00:22:04,284 | INFO | ✅ Added patterns | File: Batch0_4__SCRAPPER__1_2025-03-29.csv | Folder: E:\\EmailTool-V2\Barzaan\email_creator_app\files\automatic_emails_format_created
2025-12-26 00:22:04,285 | INFO | 📊 Current database size: 169276 companies
2025-12-26 00:22:04,285 | INFO | 📄 Found file: E:\\EmailTool-V2\Barzaan\email_creator_app\files\automatic_emails_format_created\Batch0_5__3__AprSCRAPPER__0_2025-04-04.csv
2025-12-26 00:22:04,376 | INFO | ✅ Added patterns | File: Batch0_5__3__AprSCRAPPER__0_2025-04-04.csv | Folder: E:\\EmailTool-V2\Barzaan\email_creator_app\files\automatic_emails_format_created
2025-12-26 00:22:04,376 | INFO | 📊 Current database size: 169276 companies
2025-12-26 00:22:04,378 | INFO | 📄 Found file: E:\\EmailTool-V2\Barzaan\email_creator_app\files\automatic_emails_format_created\Batch0_60__SCRAPPER__0_2025-03-29.csv
2025-12-26 00:22:04,481 | INFO | ✅ Added patterns | File: Batch0_60__SCRAPPER__0_2025-03-29.csv | Folder: E:\\EmailTool-V2\Barzaan\email_creator_app\files\automatic_emails_format_created
2025-12-26 00:22:04,481 | INFO | 📊 Current database size: 169276 companies
2025-12-26 00:22:04,481 | INFO | 📄 Found file: E:\\EmailTool-V2\Barzaan\email_creator_app\files\automatic_emails_format_created\Batch0_60__SCRAPPER__10_2025-03-29.csv
2025-12-26 00:22:04,578 | INFO | ✅ Added patterns | File: Batch0_60__SCRAPPER__10_2025-03-29.csv | Folder: E:\\EmailTool-V2\Barzaan\email_creator_app\files\automatic_emails_format_created
2025-12-26 00:22:04,578 | INFO | 📊 Current database size: 169276 companies
2025-12-26 00:22:04,578 | INFO | 📄 Found file: E:\\EmailTool-V2\Barzaan\email_creator_app\files\automatic_emails_format_created\Batch0_60__SCRAPPER__11_2025-03-29.csv
2025-12-26 00:22:04,696 | INFO | ✅ Added patterns | File: Batch0_60__SCRAPPER__11_2025-03-29.csv | Folder: E:\\EmailTool-V2\Barzaan\email_creator_app\files\automatic_emails_format_created
2025-12-26 00:22:04,696 | INFO | 📊 Current database size: 169276 companies
2025-12-26 00:22:04,696 | INFO | 📄 Found file: E:\\EmailTool-V2\Barzaan\email_creator_app\files\automatic_emails_format_created\Batch0_60__SCRAPPER__1_2025-03-29.csv
2025-12-26 00:22:04,779 | INFO | ✅ Added patterns | File: Batch0_60__SCRAPPER__1_2025-03-29.csv | Folder: E:\\EmailTool-V2\Barzaan\email_creator_app\files\automatic_emails_format_created
2025-12-26 00:22:04,779 | INFO | 📊 Current database size: 169276 companies
2025-12-26 00:22:04,779 | INFO | 📄 Found file: E:\\EmailTool-V2\Barzaan\email_creator_app\files\automatic_emails_format_created\Batch0_60__SCRAPPER__2_2025-03-29.csv
2025-12-26 00:22:04,879 | INFO | ✅ Added patterns | File: Batch0_60__SCRAPPER__2_2025-03-29.csv | Folder: E:\\EmailTool-V2\Barzaan\email_creator_app\files\automatic_emails_format_created
2025-12-26 00:22:04,879 | INFO | 📊 Current database size: 169276 companies
2025-12-26 00:22:04,879 | INFO | 📄 Found file: E:\\EmailTool-V2\Barzaan\email_creator_app\files\automatic_emails_format_created\Batch0_60__SCRAPPER__3_2025-03-29.csv
2025-12-26 00:22:04,976 | INFO | ✅ Added patterns | File: Batch0_60__SCRAPPER__3_2025-03-29.csv | Folder: E:\\EmailTool-V2\Barzaan\email_creator_app\files\automatic_emails_format_created
2025-12-26 00:22:04,977 | INFO | 📊 Current database size: 169276 companies
2025-12-26 00:22:04,978 | INFO | 📄 Found file: E:\\EmailTool-V2\Barzaan\email_creator_app\files\automatic_emails_format_created\Batch0_60__SCRAPPER__4_2025-03-29.csv
2025-12-26 00:22:05,080 | INFO | ✅ Added patterns | File: Batch0_60__SCRAPPER__4_2025-03-29.csv | Folder: E:\\EmailTool-V2\Barzaan\email_creator_app\files\automatic_emails_format_created
2025-12-26 00:22:05,080 | INFO | 📊 Current database size: 169276 companies
2025-12-26 00:22:05,080 | INFO | 📄 Found file: E:\\EmailTool-V2\Barzaan\email_creator_app\files\automatic_emails_format_created\Batch0_60__SCRAPPER__5_2025-03-29.csv
2025-12-26 00:22:05,164 | INFO | ✅ Added patterns | File: Batch0_60__SCRAPPER__5_2025-03-29.csv | Folder: E:\\EmailTool-V2\Barzaan\email_creator_app\files\automatic_emails_format_created
2025-12-26 00:22:05,164 | INFO | 📊 Current database size: 169276 companies
2025-12-26 00:22:05,164 | INFO | 📄 Found file: E:\\EmailTool-V2\Barzaan\email_creator_app\files\automatic_emails_format_created\Batch0_60__SCRAPPER__6_2025-03-29.csv
2025-12-26 00:22:05,276 | INFO | ✅ Added patterns | File: Batch0_60__SCRAPPER__6_2025-03-29.csv | Folder: E:\\EmailTool-V2\Barzaan\email_creator_app\files\automatic_emails_format_created
2025-12-26 00:22:05,276 | INFO | 📊 Current database size: 169276 companies
2025-12-26 00:22:05,276 | INFO | 📄 Found file: E:\\EmailTool-V2\Barzaan\email_creator_app\files\automatic_emails_format_created\Batch0_60__SCRAPPER__7_2025-03-29.csv
2025-12-26 00:22:05,364 | INFO | ✅ Added patterns | File: Batch0_60__SCRAPPER__7_2025-03-29.csv | Folder: E:\\EmailTool-V2\Barzaan\email_creator_app\files\automatic_emails_format_created
2025-12-26 00:22:05,364 | INFO | 📊 Current database size: 169276 companies
2025-12-26 00:22:05,364 | INFO | 📄 Found file: E:\\EmailTool-V2\Barzaan\email_creator_app\files\automatic_emails_format_created\Batch0_60__SCRAPPER__8_2025-03-29.csv
2025-12-26 00:22:05,482 | INFO | ✅ Added patterns | File: Batch0_60__SCRAPPER__8_2025-03-29.csv | Folder: E:\\EmailTool-V2\Barzaan\email_creator_app\files\automatic_emails_format_created
2025-12-26 00:22:05,482 | INFO | 📊 Current database size: 169276 companies
2025-12-26 00:22:05,482 | INFO | 📄 Found file: E:\\EmailTool-V2\Barzaan\email_creator_app\files\automatic_emails_format_created\Batch0_60__SCRAPPER__9_2025-03-29.csv
2025-12-26 00:22:05,598 | INFO | ✅ Added patterns | File: Batch0_60__SCRAPPER__9_2025-03-29.csv | Folder: E:\\EmailTool-V2\Barzaan\email_creator_app\files\automatic_emails_format_created
2025-12-26 00:22:05,600 | INFO | 📊 Current database size: 169276 companies
2025-12-26 00:22:05,601 | INFO | 📄 Found file: E:\\EmailTool-V2\Barzaan\email_creator_app\files\automatic_emails_format_created\Batch0_6500__2AprSCRAPPER__0_2025-04-02.csv
2025-12-26 00:22:05,716 | INFO | ✅ Added patterns | File: Batch0_6500__2AprSCRAPPER__0_2025-04-02.csv | Folder: E:\\EmailTool-V2\Barzaan\email_creator_app\files\automatic_emails_format_created
2025-12-26 00:22:05,717 | INFO | 📊 Current database size: 169276 companies
2025-12-26 00:22:05,719 | INFO | 📄 Found file: E:\\EmailTool-V2\Barzaan\email_creator_app\files\automatic_emails_format_created\Batch0_6500__2AprSCRAPPER__0_2025-04-03.csv
2025-12-26 00:22:05,866 | INFO | ✅ Added patterns | File: Batch0_6500__2AprSCRAPPER__0_2025-04-03.csv | Folder: E:\\EmailTool-V2\Barzaan\email_creator_app\files\automatic_emails_format_created
2025-12-26 00:22:05,866 | INFO | 📊 Current database size: 169276 companies
2025-12-26 00:22:05,866 | INFO | 📄 Found file: E:\\EmailTool-V2\Barzaan\email_creator_app\files\automatic_emails_format_created\Batch0_6500__2AprSCRAPPER__10_2025-04-02.csv
2025-12-26 00:22:05,991 | INFO | ✅ Added patterns | File: Batch0_6500__2AprSCRAPPER__10_2025-04-02.csv | Folder: E:\\EmailTool-V2\Barzaan\email_creator_app\files\automatic_emails_format_created
2025-12-26 00:22:05,991 | INFO | 📊 Current database size: 169276 companies
2025-12-26 00:22:05,991 | INFO | 📄 Found file: E:\\EmailTool-V2\Barzaan\email_creator_app\files\automatic_emails_format_created\Batch0_6500__2AprSCRAPPER__11_2025-04-02.csv
2025-12-26 00:22:06,084 | INFO | ✅ Added patterns | File: Batch0_6500__2AprSCRAPPER__11_2025-04-02.csv | Folder: E:\\EmailTool-V2\Barzaan\email_creator_app\files\automatic_emails_format_created
2025-12-26 00:22:06,084 | INFO | 📊 Current database size: 169276 companies
2025-12-26 00:22:06,084 | INFO | 📄 Found file: E:\\EmailTool-V2\Barzaan\email_creator_app\files\automatic_emails_format_created\Batch0_6500__2AprSCRAPPER__12_2025-04-02.csv
2025-12-26 00:22:06,184 | INFO | ✅ Added patterns | File: Batch0_6500__2AprSCRAPPER__12_2025-04-02.csv | Folder: E:\\EmailTool-V2\Barzaan\email_creator_app\files\automatic_emails_format_created
2025-12-26 00:22:06,184 | INFO | 📊 Current database size: 169276 companies
2025-12-26 00:22:06,184 | INFO | 📄 Found file: E:\\EmailTool-V2\Barzaan\email_creator_app\files\automatic_emails_format_created\Batch0_6500__2AprSCRAPPER__13_2025-04-02.csv
2025-12-26 00:22:06,301 | INFO | ✅ Added patterns | File: Batch0_6500__2AprSCRAPPER__13_2025-04-02.csv | Folder: E:\\EmailTool-V2\Barzaan\email_creator_app\files\automatic_emails_format_created
2025-12-26 00:22:06,301 | INFO | 📊 Current database size: 169276 companies
2025-12-26 00:22:06,301 | INFO | 📄 Found file: E:\\EmailTool-V2\Barzaan\email_creator_app\files\automatic_emails_format_created\Batch0_6500__2AprSCRAPPER__14_2025-04-02.csv
2025-12-26 00:22:06,401 | INFO | ✅ Added patterns | File: Batch0_6500__2AprSCRAPPER__14_2025-04-02.csv | Folder: E:\\EmailTool-V2\Barzaan\email_creator_app\files\automatic_emails_format_created
2025-12-26 00:22:06,401 | INFO | 📊 Current database size: 169276 companies
2025-12-26 00:22:06,401 | INFO | 📄 Found file: E:\\EmailTool-V2\Barzaan\email_creator_app\files\automatic_emails_format_created\Batch0_6500__2AprSCRAPPER__15_2025-04-02.csv
2025-12-26 00:22:06,519 | INFO | ✅ Added patterns | File: Batch0_6500__2AprSCRAPPER__15_2025-04-02.csv | Folder: E:\\EmailTool-V2\Barzaan\email_creator_app\files\automatic_emails_format_created
2025-12-26 00:22:06,519 | INFO | 📊 Current database size: 169276 companies
2025-12-26 00:22:06,519 | INFO | 📄 Found file: E:\\EmailTool-V2\Barzaan\email_creator_app\files\automatic_emails_format_created\Batch0_6500__2AprSCRAPPER__16_2025-04-02.csv
2025-12-26 00:22:06,647 | INFO | ✅ Added patterns | File: Batch0_6500__2AprSCRAPPER__16_2025-04-02.csv | Folder: E:\\EmailTool-V2\Barzaan\email_creator_app\files\automatic_emails_format_created
2025-12-26 00:22:06,648 | INFO | 📊 Current database size: 169276 companies
2025-12-26 00:22:06,648 | INFO | 📄 Found file: E:\\EmailTool-V2\Barzaan\email_creator_app\files\automatic_emails_format_created\Batch0_6500__2AprSCRAPPER__17_2025-04-02.csv
2025-12-26 00:22:06,750 | INFO | ✅ Added patterns | File: Batch0_6500__2AprSCRAPPER__17_2025-04-02.csv | Folder: E:\\EmailTool-V2\Barzaan\email_creator_app\files\automatic_emails_format_created
2025-12-26 00:22:06,750 | INFO | 📊 Current database size: 169276 companies
2025-12-26 00:22:06,751 | INFO | 📄 Found file: E:\\EmailTool-V2\Barzaan\email_creator_app\files\automatic_emails_format_created\Batch0_6500__2AprSCRAPPER__18_2025-04-02.csv
2025-12-26 00:22:06,846 | INFO | ✅ Added patterns | File: Batch0_6500__2AprSCRAPPER__18_2025-04-02.csv | Folder: E:\\EmailTool-V2\Barzaan\email_creator_app\files\automatic_emails_format_created
2025-12-26 00:22:06,846 | INFO | 📊 Current database size: 169276 companies
2025-12-26 00:22:06,846 | INFO | 📄 Found file: E:\\EmailTool-V2\Barzaan\email_creator_app\files\automatic_emails_format_created\Batch0_6500__2AprSCRAPPER__19_2025-04-02.csv
2025-12-26 00:22:06,986 | INFO | ✅ Added patterns | File: Batch0_6500__2AprSCRAPPER__19_2025-04-02.csv | Folder: E:\\EmailTool-V2\Barzaan\email_creator_app\files\automatic_emails_format_created
2025-12-26 00:22:06,987 | INFO | 📊 Current database size: 169276 companies
2025-12-26 00:22:06,987 | INFO | 📄 Found file: E:\\EmailTool-V2\Barzaan\email_creator_app\files\automatic_emails_format_created\Batch0_6500__2AprSCRAPPER__1_2025-04-02.csv
2025-12-26 00:22:07,096 | INFO | ✅ Added patterns | File: Batch0_6500__2AprSCRAPPER__1_2025-04-02.csv | Folder: E:\\EmailTool-V2\Barzaan\email_creator_app\files\automatic_emails_format_created
2025-12-26 00:22:07,096 | INFO | 📊 Current database size: 169276 companies
2025-12-26 00:22:07,096 | INFO | 📄 Found file: E:\\EmailTool-V2\Barzaan\email_creator_app\files\automatic_emails_format_created\Batch0_6500__2AprSCRAPPER__20_2025-04-02.csv
2025-12-26 00:22:07,235 | INFO | ✅ Added patterns | File: Batch0_6500__2AprSCRAPPER__20_2025-04-02.csv | Folder: E:\\EmailTool-V2\Barzaan\email_creator_app\files\automatic_emails_format_created
2025-12-26 00:22:07,237 | INFO | 📊 Current database size: 169276 companies
2025-12-26 00:22:07,238 | INFO | 📄 Found file: E:\\EmailTool-V2\Barzaan\email_creator_app\files\automatic_emails_format_created\Batch0_6500__2AprSCRAPPER__21_2025-04-02.csv
2025-12-26 00:22:07,441 | INFO | ✅ Added patterns | File: Batch0_6500__2AprSCRAPPER__21_2025-04-02.csv | Folder: E:\\EmailTool-V2\Barzaan\email_creator_app\files\automatic_emails_format_created
2025-12-26 00:22:07,443 | INFO | 📊 Current database size: 169276 companies
2025-12-26 00:22:07,444 | INFO | 📄 Found file: E:\\EmailTool-V2\Barzaan\email_creator_app\files\automatic_emails_format_created\Batch0_6500__2AprSCRAPPER__22_2025-04-02.csv
2025-12-26 00:22:07,621 | INFO | ✅ Added patterns | File: Batch0_6500__2AprSCRAPPER__22_2025-04-02.csv | Folder: E:\\EmailTool-V2\Barzaan\email_creator_app\files\automatic_emails_format_created
2025-12-26 00:22:07,621 | INFO | 📊 Current database size: 169276 companies
2025-12-26 00:22:07,622 | INFO | 📄 Found file: E:\\EmailTool-V2\Barzaan\email_creator_app\files\automatic_emails_format_created\Batch0_6500__2AprSCRAPPER__23_2025-04-02.csv
2025-12-26 00:22:07,750 | INFO | ✅ Added patterns | File: Batch0_6500__2AprSCRAPPER__23_2025-04-02.csv | Folder: E:\\EmailTool-V2\Barzaan\email_creator_app\files\automatic_emails_format_created
2025-12-26 00:22:07,752 | INFO | 📊 Current database size: 169276 companies
2025-12-26 00:22:07,753 | INFO | 📄 Found file: E:\\EmailTool-V2\Barzaan\email_creator_app\files\automatic_emails_format_created\Batch0_6500__2AprSCRAPPER__24_2025-04-02.csv
2025-12-26 00:22:07,909 | INFO | ✅ Added patterns | File: Batch0_6500__2AprSCRAPPER__24_2025-04-02.csv | Folder: E:\\EmailTool-V2\Barzaan\email_creator_app\files\automatic_emails_format_created
2025-12-26 00:22:07,910 | INFO | 📊 Current database size: 169276 companies
2025-12-26 00:22:07,911 | INFO | 📄 Found file: E:\\EmailTool-V2\Barzaan\email_creator_app\files\automatic_emails_format_created\Batch0_6500__2AprSCRAPPER__25_2025-04-02.csv
2025-12-26 00:22:08,057 | INFO | ✅ Added patterns | File: Batch0_6500__2AprSCRAPPER__25_2025-04-02.csv | Folder: E:\\EmailTool-V2\Barzaan\email_creator_app\files\automatic_emails_format_created
2025-12-26 00:22:08,057 | INFO | 📊 Current database size: 169276 companies
2025-12-26 00:22:08,057 | INFO | 📄 Found file: E:\\EmailTool-V2\Barzaan\email_creator_app\files\automatic_emails_format_created\Batch0_6500__2AprSCRAPPER__26_2025-04-02.csv
2025-12-26 00:22:08,168 | INFO | ✅ Added patterns | File: Batch0_6500__2AprSCRAPPER__26_2025-04-02.csv | Folder: E:\\EmailTool-V2\Barzaan\email_creator_app\files\automatic_emails_format_created
2025-12-26 00:22:08,170 | INFO | 📊 Current database size: 169276 companies
2025-12-26 00:22:08,170 | INFO | 📄 Found file: E:\\EmailTool-V2\Barzaan\email_creator_app\files\automatic_emails_format_created\Batch0_6500__2AprSCRAPPER__27_2025-04-02.csv
2025-12-26 00:22:08,268 | INFO | ✅ Added patterns | File: Batch0_6500__2AprSCRAPPER__27_2025-04-02.csv | Folder: E:\\EmailTool-V2\Barzaan\email_creator_app\files\automatic_emails_format_created
2025-12-26 00:22:08,269 | INFO | 📊 Current database size: 169276 companies
2025-12-26 00:22:08,269 | INFO | 📄 Found file: E:\\EmailTool-V2\Barzaan\email_creator_app\files\automatic_emails_format_created\Batch0_6500__2AprSCRAPPER__28_2025-04-02.csv
2025-12-26 00:22:08,467 | INFO | ✅ Added patterns | File: Batch0_6500__2AprSCRAPPER__28_2025-04-02.csv | Folder: E:\\EmailTool-V2\Barzaan\email_creator_app\files\automatic_emails_format_created
2025-12-26 00:22:08,467 | INFO | 📊 Current database size: 169276 companies
2025-12-26 00:22:08,467 | INFO | 📄 Found file: E:\\EmailTool-V2\Barzaan\email_creator_app\files\automatic_emails_format_created\Batch0_6500__2AprSCRAPPER__29_2025-04-02.csv
2025-12-26 00:22:08,593 | INFO | ✅ Added patterns | File: Batch0_6500__2AprSCRAPPER__29_2025-04-02.csv | Folder: E:\\EmailTool-V2\Barzaan\email_creator_app\files\automatic_emails_format_created
2025-12-26 00:22:08,593 | INFO | 📊 Current database size: 169276 companies
2025-12-26 00:22:08,593 | INFO | 📄 Found file: E:\\EmailTool-V2\Barzaan\email_creator_app\files\automatic_emails_format_created\Batch0_6500__2AprSCRAPPER__2_2025-04-02.csv
2025-12-26 00:22:08,776 | INFO | ✅ Added patterns | File: Batch0_6500__2AprSCRAPPER__2_2025-04-02.csv | Folder: E:\\EmailTool-V2\Barzaan\email_creator_app\files\automatic_emails_format_created
2025-12-26 00:22:08,776 | INFO | 📊 Current database size: 169276 companies
2025-12-26 00:22:08,776 | INFO | 📄 Found file: E:\\EmailTool-V2\Barzaan\email_creator_app\files\automatic_emails_format_created\Batch0_6500__2AprSCRAPPER__30_2025-04-02.csv
2025-12-26 00:22:08,894 | INFO | ✅ Added patterns | File: Batch0_6500__2AprSCRAPPER__30_2025-04-02.csv | Folder: E:\\EmailTool-V2\Barzaan\email_creator_app\files\automatic_emails_format_created
2025-12-26 00:22:08,894 | INFO | 📊 Current database size: 169276 companies
2025-12-26 00:22:08,894 | INFO | 📄 Found file: E:\\EmailTool-V2\Barzaan\email_creator_app\files\automatic_emails_format_created\Batch0_6500__2AprSCRAPPER__31_2025-04-02.csv
2025-12-26 00:22:08,991 | INFO | ✅ Added patterns | File: Batch0_6500__2AprSCRAPPER__31_2025-04-02.csv | Folder: E:\\EmailTool-V2\Barzaan\email_creator_app\files\automatic_emails_format_created
2025-12-26 00:22:08,991 | INFO | 📊 Current database size: 169276 companies
2025-12-26 00:22:08,991 | INFO | 📄 Found file: E:\\EmailTool-V2\Barzaan\email_creator_app\files\automatic_emails_format_created\Batch0_6500__2AprSCRAPPER__32_2025-04-02.csv
2025-12-26 00:22:09,094 | INFO | ✅ Added patterns | File: Batch0_6500__2AprSCRAPPER__32_2025-04-02.csv | Folder: E:\\EmailTool-V2\Barzaan\email_creator_app\files\automatic_emails_format_created
2025-12-26 00:22:09,094 | INFO | 📊 Current database size: 169276 companies
2025-12-26 00:22:09,094 | INFO | 📄 Found file: E:\\EmailTool-V2\Barzaan\email_creator_app\files\automatic_emails_format_created\Batch0_6500__2AprSCRAPPER__33_2025-04-02.csv
2025-12-26 00:22:09,195 | INFO | ✅ Added patterns | File: Batch0_6500__2AprSCRAPPER__33_2025-04-02.csv | Folder: E:\\EmailTool-V2\Barzaan\email_creator_app\files\automatic_emails_format_created
2025-12-26 00:22:09,195 | INFO | 📊 Current database size: 169276 companies
2025-12-26 00:22:09,195 | INFO | 📄 Found file: E:\\EmailTool-V2\Barzaan\email_creator_app\files\automatic_emails_format_created\Batch0_6500__2AprSCRAPPER__34_2025-04-02.csv
2025-12-26 00:22:09,309 | INFO | ✅ Added patterns | File: Batch0_6500__2AprSCRAPPER__34_2025-04-02.csv | Folder: E:\\EmailTool-V2\Barzaan\email_creator_app\files\automatic_emails_format_created
2025-12-26 00:22:09,310 | INFO | 📊 Current database size: 169276 companies
2025-12-26 00:22:09,310 | INFO | 📄 Found file: E:\\EmailTool-V2\Barzaan\email_creator_app\files\automatic_emails_format_created\Batch0_6500__2AprSCRAPPER__35_2025-04-02.csv
2025-12-26 00:22:09,423 | INFO | ✅ Added patterns | File: Batch0_6500__2AprSCRAPPER__35_2025-04-02.csv | Folder: E:\\EmailTool-V2\Barzaan\email_creator_app\files\automatic_emails_format_created
2025-12-26 00:22:09,424 | INFO | 📊 Current database size: 169276 companies
2025-12-26 00:22:09,424 | INFO | 📄 Found file: E:\\EmailTool-V2\Barzaan\email_creator_app\files\automatic_emails_format_created\Batch0_6500__2AprSCRAPPER__36_2025-04-02.csv
2025-12-26 00:22:09,717 | INFO | ✅ Added patterns | File: Batch0_6500__2AprSCRAPPER__36_2025-04-02.csv | Folder: E:\\EmailTool-V2\Barzaan\email_creator_app\files\automatic_emails_format_created
2025-12-26 00:22:09,717 | INFO | 📊 Current database size: 169276 companies
2025-12-26 00:22:09,719 | INFO | 📄 Found file: E:\\EmailTool-V2\Barzaan\email_creator_app\files\automatic_emails_format_created\Batch0_6500__2AprSCRAPPER__37_2025-04-02.csv
2025-12-26 00:22:09,897 | INFO | ✅ Added patterns | File: Batch0_6500__2AprSCRAPPER__37_2025-04-02.csv | Folder: E:\\EmailTool-V2\Barzaan\email_creator_app\files\automatic_emails_format_created
2025-12-26 00:22:09,903 | INFO | 📊 Current database size: 169276 companies
2025-12-26 00:22:09,903 | INFO | 📄 Found file: E:\\EmailTool-V2\Barzaan\email_creator_app\files\automatic_emails_format_created\Batch0_6500__2AprSCRAPPER__38_2025-04-02.csv
2025-12-26 00:22:10,083 | INFO | ✅ Added patterns | File: Batch0_6500__2AprSCRAPPER__38_2025-04-02.csv | Folder: E:\\EmailTool-V2\Barzaan\email_creator_app\files\automatic_emails_format_created
2025-12-26 00:22:10,083 | INFO | 📊 Current database size: 169276 companies
2025-12-26 00:22:10,085 | INFO | 📄 Found file: E:\\EmailTool-V2\Barzaan\email_creator_app\files\automatic_emails_format_created\Batch0_6500__2AprSCRAPPER__39_2025-04-02.csv
2025-12-26 00:22:10,252 | INFO | ✅ Added patterns | File: Batch0_6500__2AprSCRAPPER__39_2025-04-02.csv | Folder: E:\\EmailTool-V2\Barzaan\email_creator_app\files\automatic_emails_format_created
2025-12-26 00:22:10,252 | INFO | 📊 Current database size: 169276 companies
2025-12-26 00:22:10,252 | INFO | 📄 Found file: E:\\EmailTool-V2\Barzaan\email_creator_app\files\automatic_emails_format_created\Batch0_6500__2AprSCRAPPER__3_2025-04-02.csv
2025-12-26 00:22:10,344 | INFO | ✅ Added patterns | File: Batch0_6500__2AprSCRAPPER__3_2025-04-02.csv | Folder: E:\\EmailTool-V2\Barzaan\email_creator_app\files\automatic_emails_format_created
2025-12-26 00:22:10,344 | INFO | 📊 Current database size: 169276 companies
2025-12-26 00:22:10,344 | INFO | 📄 Found file: E:\\EmailTool-V2\Barzaan\email_creator_app\files\automatic_emails_format_created\Batch0_6500__2AprSCRAPPER__40_2025-04-02.csv
2025-12-26 00:22:10,549 | INFO | ✅ Added patterns | File: Batch0_6500__2AprSCRAPPER__40_2025-04-02.csv | Folder: E:\\EmailTool-V2\Barzaan\email_creator_app\files\automatic_emails_format_created
2025-12-26 00:22:10,550 | INFO | 📊 Current database size: 169276 companies
2025-12-26 00:22:10,551 | INFO | 📄 Found file: E:\\EmailTool-V2\Barzaan\email_creator_app\files\automatic_emails_format_created\Batch0_6500__2AprSCRAPPER__41_2025-04-02.csv
2025-12-26 00:22:10,666 | INFO | ✅ Added patterns | File: Batch0_6500__2AprSCRAPPER__41_2025-04-02.csv | Folder: E:\\EmailTool-V2\Barzaan\email_creator_app\files\automatic_emails_format_created
2025-12-26 00:22:10,672 | INFO | 📊 Current database size: 169276 companies
2025-12-26 00:22:10,672 | INFO | 📄 Found file: E:\\EmailTool-V2\Barzaan\email_creator_app\files\automatic_emails_format_created\Batch0_6500__2AprSCRAPPER__42_2025-04-02.csv
2025-12-26 00:22:10,797 | INFO | ✅ Added patterns | File: Batch0_6500__2AprSCRAPPER__42_2025-04-02.csv | Folder: E:\\EmailTool-V2\Barzaan\email_creator_app\files\automatic_emails_format_created
2025-12-26 00:22:10,797 | INFO | 📊 Current database size: 169276 companies
2025-12-26 00:22:10,799 | INFO | 📄 Found file: E:\\EmailTool-V2\Barzaan\email_creator_app\files\automatic_emails_format_created\Batch0_6500__2AprSCRAPPER__43_2025-04-02.csv
2025-12-26 00:22:10,908 | INFO | ✅ Added patterns | File: Batch0_6500__2AprSCRAPPER__43_2025-04-02.csv | Folder: E:\\EmailTool-V2\Barzaan\email_creator_app\files\automatic_emails_format_created
2025-12-26 00:22:10,908 | INFO | 📊 Current database size: 169276 companies
2025-12-26 00:22:10,908 | INFO | 📄 Found file: E:\\EmailTool-V2\Barzaan\email_creator_app\files\automatic_emails_format_created\Batch0_6500__2AprSCRAPPER__4_2025-04-02.csv
2025-12-26 00:22:11,009 | INFO | ✅ Added patterns | File: Batch0_6500__2AprSCRAPPER__4_2025-04-02.csv | Folder: E:\\EmailTool-V2\Barzaan\email_creator_app\files\automatic_emails_format_created
2025-12-26 00:22:11,009 | INFO | 📊 Current database size: 169276 companies
2025-12-26 00:22:11,009 | INFO | 📄 Found file: E:\\EmailTool-V2\Barzaan\email_creator_app\files\automatic_emails_format_created\Batch0_6500__2AprSCRAPPER__5_2025-04-02.csv
2025-12-26 00:22:11,118 | INFO | ✅ Added patterns | File: Batch0_6500__2AprSCRAPPER__5_2025-04-02.csv | Folder: E:\\EmailTool-V2\Barzaan\email_creator_app\files\automatic_emails_format_created
2025-12-26 00:22:11,118 | INFO | 📊 Current database size: 169276 companies
2025-12-26 00:22:11,118 | INFO | 📄 Found file: E:\\EmailTool-V2\Barzaan\email_creator_app\files\automatic_emails_format_created\Batch0_6500__2AprSCRAPPER__6_2025-04-02.csv
2025-12-26 00:22:11,211 | INFO | ✅ Added patterns | File: Batch0_6500__2AprSCRAPPER__6_2025-04-02.csv | Folder: E:\\EmailTool-V2\Barzaan\email_creator_app\files\automatic_emails_format_created
2025-12-26 00:22:11,211 | INFO | 📊 Current database size: 169276 companies
2025-12-26 00:22:11,211 | INFO | 📄 Found file: E:\\EmailTool-V2\Barzaan\email_creator_app\files\automatic_emails_format_created\Batch0_6500__2AprSCRAPPER__7_2025-04-02.csv
2025-12-26 00:22:11,415 | INFO | ✅ Added patterns | File: Batch0_6500__2AprSCRAPPER__7_2025-04-02.csv | Folder: E:\\EmailTool-V2\Barzaan\email_creator_app\files\automatic_emails_format_created
2025-12-26 00:22:11,417 | INFO | 📊 Current database size: 169276 companies
2025-12-26 00:22:11,417 | INFO | 📄 Found file: E:\\EmailTool-V2\Barzaan\email_creator_app\files\automatic_emails_format_created\Batch0_6500__2AprSCRAPPER__8_2025-04-02.csv
2025-12-26 00:22:11,536 | INFO | ✅ Added patterns | File: Batch0_6500__2AprSCRAPPER__8_2025-04-02.csv | Folder: E:\\EmailTool-V2\Barzaan\email_creator_app\files\automatic_emails_format_created
2025-12-26 00:22:11,536 | INFO | 📊 Current database size: 169276 companies
2025-12-26 00:22:11,536 | INFO | 📄 Found file: E:\\EmailTool-V2\Barzaan\email_creator_app\files\automatic_emails_format_created\Batch0_6500__2AprSCRAPPER__9_2025-04-02.csv
2025-12-26 00:22:11,715 | INFO | ✅ Added patterns | File: Batch0_6500__2AprSCRAPPER__9_2025-04-02.csv | Folder: E:\\EmailTool-V2\Barzaan\email_creator_app\files\automatic_emails_format_created
2025-12-26 00:22:11,716 | INFO | 📊 Current database size: 169276 companies
2025-12-26 00:22:11,717 | INFO | 📄 Found file: E:\\EmailTool-V2\Barzaan\email_creator_app\files\automatic_emails_format_created\Batch0_6500__3AprSCRAPPER__0_2025-04-03.csv
2025-12-26 00:22:11,821 | INFO | ✅ Added patterns | File: Batch0_6500__3AprSCRAPPER__0_2025-04-03.csv | Folder: E:\\EmailTool-V2\Barzaan\email_creator_app\files\automatic_emails_format_created
2025-12-26 00:22:11,836 | INFO | 📊 Current database size: 169276 companies
2025-12-26 00:22:11,837 | INFO | 📄 Found file: E:\\EmailTool-V2\Barzaan\email_creator_app\files\automatic_emails_format_created\Batch0_6500__3AprSCRAPPER__1_2025-04-03.csv
2025-12-26 00:22:11,920 | INFO | ✅ Added patterns | File: Batch0_6500__3AprSCRAPPER__1_2025-04-03.csv | Folder: E:\\EmailTool-V2\Barzaan\email_creator_app\files\automatic_emails_format_created
2025-12-26 00:22:11,921 | INFO | 📊 Current database size: 169276 companies
2025-12-26 00:22:11,921 | INFO | 📄 Found file: E:\\EmailTool-V2\Barzaan\email_creator_app\files\automatic_emails_format_created\Batch0_6500__3AprSCRAPPER__2_2025-04-03.csv
2025-12-26 00:22:12,027 | INFO | ✅ Added patterns | File: Batch0_6500__3AprSCRAPPER__2_2025-04-03.csv | Folder: E:\\EmailTool-V2\Barzaan\email_creator_app\files\automatic_emails_format_created
2025-12-26 00:22:12,027 | INFO | 📊 Current database size: 169276 companies
2025-12-26 00:22:12,027 | INFO | 📄 Found file: E:\\EmailTool-V2\Barzaan\email_creator_app\files\automatic_emails_format_created\Batch0_6500__3AprSCRAPPER__3_2025-04-03.csv
2025-12-26 00:22:12,160 | INFO | ✅ Added patterns | File: Batch0_6500__3AprSCRAPPER__3_2025-04-03.csv | Folder: E:\\EmailTool-V2\Barzaan\email_creator_app\files\automatic_emails_format_created
2025-12-26 00:22:12,160 | INFO | 📊 Current database size: 169276 companies
2025-12-26 00:22:12,160 | INFO | 📄 Found file: E:\\EmailTool-V2\Barzaan\email_creator_app\files\automatic_emails_format_created\Batch0_6500__3AprSCRAPPER__4_2025-04-03.csv
2025-12-26 00:22:12,326 | INFO | ✅ Added patterns | File: Batch0_6500__3AprSCRAPPER__4_2025-04-03.csv | Folder: E:\\EmailTool-V2\Barzaan\email_creator_app\files\automatic_emails_format_created
2025-12-26 00:22:12,326 | INFO | 📊 Current database size: 169276 companies
2025-12-26 00:22:12,328 | INFO | 📄 Found file: E:\\EmailTool-V2\Barzaan\email_creator_app\files\automatic_emails_format_created\Batch0_6500__3AprSCRAPPER__5_2025-04-03.csv
2025-12-26 00:22:12,473 | INFO | ✅ Added patterns | File: Batch0_6500__3AprSCRAPPER__5_2025-04-03.csv | Folder: E:\\EmailTool-V2\Barzaan\email_creator_app\files\automatic_emails_format_created
2025-12-26 00:22:12,473 | INFO | 📊 Current database size: 169276 companies
2025-12-26 00:22:12,473 | INFO | 📄 Found file: E:\\EmailTool-V2\Barzaan\email_creator_app\files\automatic_emails_format_created\Batch0_6500__3AprSCRAPPER__6_2025-04-03.csv
2025-12-26 00:22:12,607 | INFO | ✅ Added patterns | File: Batch0_6500__3AprSCRAPPER__6_2025-04-03.csv | Folder: E:\\EmailTool-V2\Barzaan\email_creator_app\files\automatic_emails_format_created
2025-12-26 00:22:12,607 | INFO | 📊 Current database size: 169276 companies
2025-12-26 00:22:12,607 | INFO | 📄 Found file: E:\\EmailTool-V2\Barzaan\email_creator_app\files\automatic_emails_format_created\Batch0_6500__3__AprSCRAPPER__0_2025-04-03.csv
2025-12-26 00:22:12,714 | INFO | ✅ Added patterns | File: Batch0_6500__3__AprSCRAPPER__0_2025-04-03.csv | Folder: E:\\EmailTool-V2\Barzaan\email_creator_app\files\automatic_emails_format_created
2025-12-26 00:22:12,716 | INFO | 📊 Current database size: 169276 companies
2025-12-26 00:22:12,716 | INFO | 📄 Found file: E:\\EmailTool-V2\Barzaan\email_creator_app\files\automatic_emails_format_created\Batch0_6500__3__AprSCRAPPER__10_2025-04-03.csv
2025-12-26 00:22:12,861 | INFO | ✅ Added patterns | File: Batch0_6500__3__AprSCRAPPER__10_2025-04-03.csv | Folder: E:\\EmailTool-V2\Barzaan\email_creator_app\files\automatic_emails_format_created
2025-12-26 00:22:12,861 | INFO | 📊 Current database size: 169276 companies
2025-12-26 00:22:12,861 | INFO | 📄 Found file: E:\\EmailTool-V2\Barzaan\email_creator_app\files\automatic_emails_format_created\Batch0_6500__3__AprSCRAPPER__11_2025-04-03.csv
2025-12-26 00:22:12,986 | INFO | ✅ Added patterns | File: Batch0_6500__3__AprSCRAPPER__11_2025-04-03.csv | Folder: E:\\EmailTool-V2\Barzaan\email_creator_app\files\automatic_emails_format_created
2025-12-26 00:22:12,987 | INFO | 📊 Current database size: 169276 companies
2025-12-26 00:22:12,987 | INFO | 📄 Found file: E:\\EmailTool-V2\Barzaan\email_creator_app\files\automatic_emails_format_created\Batch0_6500__3__AprSCRAPPER__12_2025-04-03.csv
2025-12-26 00:22:13,095 | INFO | ✅ Added patterns | File: Batch0_6500__3__AprSCRAPPER__12_2025-04-03.csv | Folder: E:\\EmailTool-V2\Barzaan\email_creator_app\files\automatic_emails_format_created
2025-12-26 00:22:13,095 | INFO | 📊 Current database size: 169276 companies
2025-12-26 00:22:13,095 | INFO | 📄 Found file: E:\\EmailTool-V2\Barzaan\email_creator_app\files\automatic_emails_format_created\Batch0_6500__3__AprSCRAPPER__13_2025-04-03.csv
2025-12-26 00:22:13,218 | INFO | ✅ Added patterns | File: Batch0_6500__3__AprSCRAPPER__13_2025-04-03.csv | Folder: E:\\EmailTool-V2\Barzaan\email_creator_app\files\automatic_emails_format_created
2025-12-26 00:22:13,225 | INFO | 📊 Current database size: 169276 companies
2025-12-26 00:22:13,226 | INFO | 📄 Found file: E:\\EmailTool-V2\Barzaan\email_creator_app\files\automatic_emails_format_created\Batch0_6500__3__AprSCRAPPER__14_2025-04-03.csv
2025-12-26 00:22:13,360 | INFO | ✅ Added patterns | File: Batch0_6500__3__AprSCRAPPER__14_2025-04-03.csv | Folder: E:\\EmailTool-V2\Barzaan\email_creator_app\files\automatic_emails_format_created
2025-12-26 00:22:13,360 | INFO | 📊 Current database size: 169276 companies
2025-12-26 00:22:13,360 | INFO | 📄 Found file: E:\\EmailTool-V2\Barzaan\email_creator_app\files\automatic_emails_format_created\Batch0_6500__3__AprSCRAPPER__15_2025-04-03.csv
2025-12-26 00:22:13,544 | INFO | ✅ Added patterns | File: Batch0_6500__3__AprSCRAPPER__15_2025-04-03.csv | Folder: E:\\EmailTool-V2\Barzaan\email_creator_app\files\automatic_emails_format_created
2025-12-26 00:22:13,544 | INFO | 📊 Current database size: 169276 companies
2025-12-26 00:22:13,546 | INFO | 📄 Found file: E:\\EmailTool-V2\Barzaan\email_creator_app\files\automatic_emails_format_created\Batch0_6500__3__AprSCRAPPER__16_2025-04-03.csv
2025-12-26 00:22:13,730 | INFO | ✅ Added patterns | File: Batch0_6500__3__AprSCRAPPER__16_2025-04-03.csv | Folder: E:\\EmailTool-V2\Barzaan\email_creator_app\files\automatic_emails_format_created
2025-12-26 00:22:13,730 | INFO | 📊 Current database size: 169276 companies
2025-12-26 00:22:13,732 | INFO | 📄 Found file: E:\\EmailTool-V2\Barzaan\email_creator_app\files\automatic_emails_format_created\Batch0_6500__3__AprSCRAPPER__17_2025-04-03.csv
2025-12-26 00:22:13,953 | INFO | ✅ Added patterns | File: Batch0_6500__3__AprSCRAPPER__17_2025-04-03.csv | Folder: E:\\EmailTool-V2\Barzaan\email_creator_app\files\automatic_emails_format_created
2025-12-26 00:22:13,953 | INFO | 📊 Current database size: 169276 companies
2025-12-26 00:22:13,955 | INFO | 📄 Found file: E:\\EmailTool-V2\Barzaan\email_creator_app\files\automatic_emails_format_created\Batch0_6500__3__AprSCRAPPER__18_2025-04-03.csv
2025-12-26 00:22:14,097 | INFO | ✅ Added patterns | File: Batch0_6500__3__AprSCRAPPER__18_2025-04-03.csv | Folder: E:\\EmailTool-V2\Barzaan\email_creator_app\files\automatic_emails_format_created
2025-12-26 00:22:14,097 | INFO | 📊 Current database size: 169276 companies
2025-12-26 00:22:14,097 | INFO | 📄 Found file: E:\\EmailTool-V2\Barzaan\email_creator_app\files\automatic_emails_format_created\Batch0_6500__3__AprSCRAPPER__19_2025-04-03.csv
2025-12-26 00:22:14,206 | INFO | ✅ Added patterns | File: Batch0_6500__3__AprSCRAPPER__19_2025-04-03.csv | Folder: E:\\EmailTool-V2\Barzaan\email_creator_app\files\automatic_emails_format_created
2025-12-26 00:22:14,207 | INFO | 📊 Current database size: 169276 companies
2025-12-26 00:22:14,208 | INFO | 📄 Found file: E:\\EmailTool-V2\Barzaan\email_creator_app\files\automatic_emails_format_created\Batch0_6500__3__AprSCRAPPER__1_2025-04-03.csv
2025-12-26 00:22:14,312 | INFO | ✅ Added patterns | File: Batch0_6500__3__AprSCRAPPER__1_2025-04-03.csv | Folder: E:\\EmailTool-V2\Barzaan\email_creator_app\files\automatic_emails_format_created
2025-12-26 00:22:14,312 | INFO | 📊 Current database size: 169276 companies
2025-12-26 00:22:14,312 | INFO | 📄 Found file: E:\\EmailTool-V2\Barzaan\email_creator_app\files\automatic_emails_format_created\Batch0_6500__3__AprSCRAPPER__20_2025-04-03.csv
2025-12-26 00:22:14,413 | INFO | ✅ Added patterns | File: Batch0_6500__3__AprSCRAPPER__20_2025-04-03.csv | Folder: E:\\EmailTool-V2\Barzaan\email_creator_app\files\automatic_emails_format_created
2025-12-26 00:22:14,413 | INFO | 📊 Current database size: 169276 companies
2025-12-26 00:22:14,413 | INFO | 📄 Found file: E:\\EmailTool-V2\Barzaan\email_creator_app\files\automatic_emails_format_created\Batch0_6500__3__AprSCRAPPER__21_2025-04-03.csv
2025-12-26 00:22:14,547 | INFO | ✅ Added patterns | File: Batch0_6500__3__AprSCRAPPER__21_2025-04-03.csv | Folder: E:\\EmailTool-V2\Barzaan\email_creator_app\files\automatic_emails_format_created
2025-12-26 00:22:14,547 | INFO | 📊 Current database size: 169276 companies
2025-12-26 00:22:14,547 | INFO | 📄 Found file: E:\\EmailTool-V2\Barzaan\email_creator_app\files\automatic_emails_format_created\Batch0_6500__3__AprSCRAPPER__22_2025-04-03.csv
2025-12-26 00:22:14,675 | INFO | ✅ Added patterns | File: Batch0_6500__3__AprSCRAPPER__22_2025-04-03.csv | Folder: E:\\EmailTool-V2\Barzaan\email_creator_app\files\automatic_emails_format_created
2025-12-26 00:22:14,676 | INFO | 📊 Current database size: 169276 companies
2025-12-26 00:22:14,676 | INFO | 📄 Found file: E:\\EmailTool-V2\Barzaan\email_creator_app\files\automatic_emails_format_created\Batch0_6500__3__AprSCRAPPER__23_2025-04-03.csv
2025-12-26 00:22:14,781 | INFO | ✅ Added patterns | File: Batch0_6500__3__AprSCRAPPER__23_2025-04-03.csv | Folder: E:\\EmailTool-V2\Barzaan\email_creator_app\files\automatic_emails_format_created
2025-12-26 00:22:14,781 | INFO | 📊 Current database size: 169276 companies
2025-12-26 00:22:14,781 | INFO | 📄 Found file: E:\\EmailTool-V2\Barzaan\email_creator_app\files\automatic_emails_format_created\Batch0_6500__3__AprSCRAPPER__24_2025-04-03.csv
2025-12-26 00:22:14,884 | INFO | ✅ Added patterns | File: Batch0_6500__3__AprSCRAPPER__24_2025-04-03.csv | Folder: E:\\EmailTool-V2\Barzaan\email_creator_app\files\automatic_emails_format_created
2025-12-26 00:22:14,884 | INFO | 📊 Current database size: 169276 companies
2025-12-26 00:22:14,886 | INFO | 📄 Found file: E:\\EmailTool-V2\Barzaan\email_creator_app\files\automatic_emails_format_created\Batch0_6500__3__AprSCRAPPER__2_2025-04-03.csv
2025-12-26 00:22:14,989 | INFO | ✅ Added patterns | File: Batch0_6500__3__AprSCRAPPER__2_2025-04-03.csv | Folder: E:\\EmailTool-V2\Barzaan\email_creator_app\files\automatic_emails_format_created
2025-12-26 00:22:14,989 | INFO | 📊 Current database size: 169276 companies
2025-12-26 00:22:14,991 | INFO | 📄 Found file: E:\\EmailTool-V2\Barzaan\email_creator_app\files\automatic_emails_format_created\Batch0_6500__3__AprSCRAPPER__3_2025-04-03.csv
2025-12-26 00:22:15,084 | INFO | ✅ Added patterns | File: Batch0_6500__3__AprSCRAPPER__3_2025-04-03.csv | Folder: E:\\EmailTool-V2\Barzaan\email_creator_app\files\automatic_emails_format_created
2025-12-26 00:22:15,086 | INFO | 📊 Current database size: 169276 companies
2025-12-26 00:22:15,086 | INFO | 📄 Found file: E:\\EmailTool-V2\Barzaan\email_creator_app\files\automatic_emails_format_created\Batch0_6500__3__AprSCRAPPER__4_2025-04-03.csv
2025-12-26 00:22:15,202 | INFO | ✅ Added patterns | File: Batch0_6500__3__AprSCRAPPER__4_2025-04-03.csv | Folder: E:\\EmailTool-V2\Barzaan\email_creator_app\files\automatic_emails_format_created
2025-12-26 00:22:15,203 | INFO | 📊 Current database size: 169276 companies
2025-12-26 00:22:15,203 | INFO | 📄 Found file: E:\\EmailTool-V2\Barzaan\email_creator_app\files\automatic_emails_format_created\Batch0_6500__3__AprSCRAPPER__5_2025-04-03.csv
2025-12-26 00:22:15,296 | INFO | ✅ Added patterns | File: Batch0_6500__3__AprSCRAPPER__5_2025-04-03.csv | Folder: E:\\EmailTool-V2\Barzaan\email_creator_app\files\automatic_emails_format_created
2025-12-26 00:22:15,297 | INFO | 📊 Current database size: 169276 companies
2025-12-26 00:22:15,297 | INFO | 📄 Found file: E:\\EmailTool-V2\Barzaan\email_creator_app\files\automatic_emails_format_created\Batch0_6500__3__AprSCRAPPER__6_2025-04-03.csv
2025-12-26 00:22:15,417 | INFO | ✅ Added patterns | File: Batch0_6500__3__AprSCRAPPER__6_2025-04-03.csv | Folder: E:\\EmailTool-V2\Barzaan\email_creator_app\files\automatic_emails_format_created
2025-12-26 00:22:15,417 | INFO | 📊 Current database size: 169276 companies
2025-12-26 00:22:15,417 | INFO | 📄 Found file: E:\\EmailTool-V2\Barzaan\email_creator_app\files\automatic_emails_format_created\Batch0_6500__3__AprSCRAPPER__7_2025-04-03.csv
2025-12-26 00:22:15,529 | INFO | ✅ Added patterns | File: Batch0_6500__3__AprSCRAPPER__7_2025-04-03.csv | Folder: E:\\EmailTool-V2\Barzaan\email_creator_app\files\automatic_emails_format_created
2025-12-26 00:22:15,530 | INFO | 📊 Current database size: 169276 companies
2025-12-26 00:22:15,530 | INFO | 📄 Found file: E:\\EmailTool-V2\Barzaan\email_creator_app\files\automatic_emails_format_created\Batch0_6500__3__AprSCRAPPER__8_2025-04-03.csv
2025-12-26 00:22:15,670 | INFO | ✅ Added patterns | File: Batch0_6500__3__AprSCRAPPER__8_2025-04-03.csv | Folder: E:\\EmailTool-V2\Barzaan\email_creator_app\files\automatic_emails_format_created
2025-12-26 00:22:15,670 | INFO | 📊 Current database size: 169276 companies
2025-12-26 00:22:15,670 | INFO | 📄 Found file: E:\\EmailTool-V2\Barzaan\email_creator_app\files\automatic_emails_format_created\Batch0_6500__3__AprSCRAPPER__9_2025-04-03.csv
2025-12-26 00:22:15,831 | INFO | ✅ Added patterns | File: Batch0_6500__3__AprSCRAPPER__9_2025-04-03.csv | Folder: E:\\EmailTool-V2\Barzaan\email_creator_app\files\automatic_emails_format_created
2025-12-26 00:22:15,834 | INFO | 📊 Current database size: 169276 companies
2025-12-26 00:22:15,835 | INFO | 📄 Found file: E:\\EmailTool-V2\Barzaan\email_creator_app\files\automatic_emails_format_created\Batch0_6500__SCRAPPER__0_2025-03-30.csv
2025-12-26 00:22:15,952 | INFO | ✅ Added patterns | File: Batch0_6500__SCRAPPER__0_2025-03-30.csv | Folder: E:\\EmailTool-V2\Barzaan\email_creator_app\files\automatic_emails_format_created
2025-12-26 00:22:15,952 | INFO | 📊 Current database size: 169276 companies
2025-12-26 00:22:15,952 | INFO | 📄 Found file: E:\\EmailTool-V2\Barzaan\email_creator_app\files\automatic_emails_format_created\Batch0_6500__SCRAPPER__0_2025-04-01.csv
2025-12-26 00:22:16,084 | INFO | ✅ Added patterns | File: Batch0_6500__SCRAPPER__0_2025-04-01.csv | Folder: E:\\EmailTool-V2\Barzaan\email_creator_app\files\automatic_emails_format_created
2025-12-26 00:22:16,087 | INFO | 📊 Current database size: 169276 companies
2025-12-26 00:22:16,087 | INFO | 📄 Found file: E:\\EmailTool-V2\Barzaan\email_creator_app\files\automatic_emails_format_created\Batch0_6500__SCRAPPER__10_2025-03-30.csv
2025-12-26 00:22:16,186 | INFO | ✅ Added patterns | File: Batch0_6500__SCRAPPER__10_2025-03-30.csv | Folder: E:\\EmailTool-V2\Barzaan\email_creator_app\files\automatic_emails_format_created
2025-12-26 00:22:16,186 | INFO | 📊 Current database size: 169276 companies
2025-12-26 00:22:16,186 | INFO | 📄 Found file: E:\\EmailTool-V2\Barzaan\email_creator_app\files\automatic_emails_format_created\Batch0_6500__SCRAPPER__10_2025-04-01.csv
2025-12-26 00:22:16,337 | INFO | ✅ Added patterns | File: Batch0_6500__SCRAPPER__10_2025-04-01.csv | Folder: E:\\EmailTool-V2\Barzaan\email_creator_app\files\automatic_emails_format_created
2025-12-26 00:22:16,338 | INFO | 📊 Current database size: 169276 companies
2025-12-26 00:22:16,339 | INFO | 📄 Found file: E:\\EmailTool-V2\Barzaan\email_creator_app\files\automatic_emails_format_created\Batch0_6500__SCRAPPER__11_2025-03-30.csv
2025-12-26 00:22:16,446 | INFO | ✅ Added patterns | File: Batch0_6500__SCRAPPER__11_2025-03-30.csv | Folder: E:\\EmailTool-V2\Barzaan\email_creator_app\files\automatic_emails_format_created
2025-12-26 00:22:16,447 | INFO | 📊 Current database size: 169276 companies
2025-12-26 00:22:16,447 | INFO | 📄 Found file: E:\\EmailTool-V2\Barzaan\email_creator_app\files\automatic_emails_format_created\Batch0_6500__SCRAPPER__11_2025-04-01.csv
2025-12-26 00:22:16,588 | INFO | ✅ Added patterns | File: Batch0_6500__SCRAPPER__11_2025-04-01.csv | Folder: E:\\EmailTool-V2\Barzaan\email_creator_app\files\automatic_emails_format_created
2025-12-26 00:22:16,590 | INFO | 📊 Current database size: 169276 companies
2025-12-26 00:22:16,591 | INFO | 📄 Found file: E:\\EmailTool-V2\Barzaan\email_creator_app\files\automatic_emails_format_created\Batch0_6500__SCRAPPER__12_2025-03-30.csv
2025-12-26 00:22:16,759 | INFO | ✅ Added patterns | File: Batch0_6500__SCRAPPER__12_2025-03-30.csv | Folder: E:\\EmailTool-V2\Barzaan\email_creator_app\files\automatic_emails_format_created
2025-12-26 00:22:16,761 | INFO | 📊 Current database size: 169276 companies
2025-12-26 00:22:16,761 | INFO | 📄 Found file: E:\\EmailTool-V2\Barzaan\email_creator_app\files\automatic_emails_format_created\Batch0_6500__SCRAPPER__12_2025-04-01.csv
2025-12-26 00:22:16,918 | INFO | ✅ Added patterns | File: Batch0_6500__SCRAPPER__12_2025-04-01.csv | Folder: E:\\EmailTool-V2\Barzaan\email_creator_app\files\automatic_emails_format_created
2025-12-26 00:22:16,919 | INFO | 📊 Current database size: 169276 companies
2025-12-26 00:22:16,921 | INFO | 📄 Found file: E:\\EmailTool-V2\Barzaan\email_creator_app\files\automatic_emails_format_created\Batch0_6500__SCRAPPER__13_2025-03-30.csv
2025-12-26 00:22:17,028 | INFO | ✅ Added patterns | File: Batch0_6500__SCRAPPER__13_2025-03-30.csv | Folder: E:\\EmailTool-V2\Barzaan\email_creator_app\files\automatic_emails_format_created
2025-12-26 00:22:17,028 | INFO | 📊 Current database size: 169276 companies
2025-12-26 00:22:17,028 | INFO | 📄 Found file: E:\\EmailTool-V2\Barzaan\email_creator_app\files\automatic_emails_format_created\Batch0_6500__SCRAPPER__13_2025-04-01.csv
2025-12-26 00:22:17,156 | INFO | ✅ Added patterns | File: Batch0_6500__SCRAPPER__13_2025-04-01.csv | Folder: E:\\EmailTool-V2\Barzaan\email_creator_app\files\automatic_emails_format_created
2025-12-26 00:22:17,157 | INFO | 📊 Current database size: 169276 companies
2025-12-26 00:22:17,158 | INFO | 📄 Found file: E:\\EmailTool-V2\Barzaan\email_creator_app\files\automatic_emails_format_created\Batch0_6500__SCRAPPER__14_2025-03-30.csv
2025-12-26 00:22:17,269 | INFO | ✅ Added patterns | File: Batch0_6500__SCRAPPER__14_2025-03-30.csv | Folder: E:\\EmailTool-V2\Barzaan\email_creator_app\files\automatic_emails_format_created
2025-12-26 00:22:17,270 | INFO | 📊 Current database size: 169276 companies
2025-12-26 00:22:17,271 | INFO | 📄 Found file: E:\\EmailTool-V2\Barzaan\email_creator_app\files\automatic_emails_format_created\Batch0_6500__SCRAPPER__14_2025-04-01.csv
2025-12-26 00:22:17,406 | INFO | ✅ Added patterns | File: Batch0_6500__SCRAPPER__14_2025-04-01.csv | Folder: E:\\EmailTool-V2\Barzaan\email_creator_app\files\automatic_emails_format_created
2025-12-26 00:22:17,406 | INFO | 📊 Current database size: 169276 companies
2025-12-26 00:22:17,406 | INFO | 📄 Found file: E:\\EmailTool-V2\Barzaan\email_creator_app\files\automatic_emails_format_created\Batch0_6500__SCRAPPER__15_2025-03-30.csv
2025-12-26 00:22:17,538 | INFO | ✅ Added patterns | File: Batch0_6500__SCRAPPER__15_2025-03-30.csv | Folder: E:\\EmailTool-V2\Barzaan\email_creator_app\files\automatic_emails_format_created
2025-12-26 00:22:17,539 | INFO | 📊 Current database size: 169276 companies
2025-12-26 00:22:17,540 | INFO | 📄 Found file: E:\\EmailTool-V2\Barzaan\email_creator_app\files\automatic_emails_format_created\Batch0_6500__SCRAPPER__15_2025-04-01.csv
2025-12-26 00:22:17,652 | INFO | ✅ Added patterns | File: Batch0_6500__SCRAPPER__15_2025-04-01.csv | Folder: E:\\EmailTool-V2\Barzaan\email_creator_app\files\automatic_emails_format_created
2025-12-26 00:22:17,652 | INFO | 📊 Current database size: 169276 companies
2025-12-26 00:22:17,653 | INFO | 📄 Found file: E:\\EmailTool-V2\Barzaan\email_creator_app\files\automatic_emails_format_created\Batch0_6500__SCRAPPER__16_2025-03-30.csv
2025-12-26 00:22:17,780 | INFO | ✅ Added patterns | File: Batch0_6500__SCRAPPER__16_2025-03-30.csv | Folder: E:\\EmailTool-V2\Barzaan\email_creator_app\files\automatic_emails_format_created
2025-12-26 00:22:17,781 | INFO | 📊 Current database size: 169276 companies
2025-12-26 00:22:17,782 | INFO | 📄 Found file: E:\\EmailTool-V2\Barzaan\email_creator_app\files\automatic_emails_format_created\Batch0_6500__SCRAPPER__16_2025-04-01.csv
2025-12-26 00:22:17,976 | INFO | ✅ Added patterns | File: Batch0_6500__SCRAPPER__16_2025-04-01.csv | Folder: E:\\EmailTool-V2\Barzaan\email_creator_app\files\automatic_emails_format_created
2025-12-26 00:22:17,976 | INFO | 📊 Current database size: 169276 companies
2025-12-26 00:22:17,976 | INFO | 📄 Found file: E:\\EmailTool-V2\Barzaan\email_creator_app\files\automatic_emails_format_created\Batch0_6500__SCRAPPER__17_2025-03-30.csv
2025-12-26 00:22:18,107 | INFO | ✅ Added patterns | File: Batch0_6500__SCRAPPER__17_2025-03-30.csv | Folder: E:\\EmailTool-V2\Barzaan\email_creator_app\files\automatic_emails_format_created
2025-12-26 00:22:18,107 | INFO | 📊 Current database size: 169276 companies
2025-12-26 00:22:18,109 | INFO | 📄 Found file: E:\\EmailTool-V2\Barzaan\email_creator_app\files\automatic_emails_format_created\Batch0_6500__SCRAPPER__17_2025-04-01.csv
2025-12-26 00:22:18,218 | INFO | ✅ Added patterns | File: Batch0_6500__SCRAPPER__17_2025-04-01.csv | Folder: E:\\EmailTool-V2\Barzaan\email_creator_app\files\automatic_emails_format_created
2025-12-26 00:22:18,218 | INFO | 📊 Current database size: 169276 companies
2025-12-26 00:22:18,219 | INFO | 📄 Found file: E:\\EmailTool-V2\Barzaan\email_creator_app\files\automatic_emails_format_created\Batch0_6500__SCRAPPER__18_2025-03-30.csv
2025-12-26 00:22:18,334 | INFO | ✅ Added patterns | File: Batch0_6500__SCRAPPER__18_2025-03-30.csv | Folder: E:\\EmailTool-V2\Barzaan\email_creator_app\files\automatic_emails_format_created
2025-12-26 00:22:18,335 | INFO | 📊 Current database size: 169276 companies
2025-12-26 00:22:18,336 | INFO | 📄 Found file: E:\\EmailTool-V2\Barzaan\email_creator_app\files\automatic_emails_format_created\Batch0_6500__SCRAPPER__18_2025-04-01.csv
2025-12-26 00:22:18,442 | INFO | ✅ Added patterns | File: Batch0_6500__SCRAPPER__18_2025-04-01.csv | Folder: E:\\EmailTool-V2\Barzaan\email_creator_app\files\automatic_emails_format_created
2025-12-26 00:22:18,444 | INFO | 📊 Current database size: 169276 companies
2025-12-26 00:22:18,446 | INFO | 📄 Found file: E:\\EmailTool-V2\Barzaan\email_creator_app\files\automatic_emails_format_created\Batch0_6500__SCRAPPER__19_2025-03-30.csv
2025-12-26 00:22:18,561 | INFO | ✅ Added patterns | File: Batch0_6500__SCRAPPER__19_2025-03-30.csv | Folder: E:\\EmailTool-V2\Barzaan\email_creator_app\files\automatic_emails_format_created
2025-12-26 00:22:18,561 | INFO | 📊 Current database size: 169276 companies
2025-12-26 00:22:18,561 | INFO | 📄 Found file: E:\\EmailTool-V2\Barzaan\email_creator_app\files\automatic_emails_format_created\Batch0_6500__SCRAPPER__19_2025-04-01.csv
2025-12-26 00:22:18,676 | INFO | ✅ Added patterns | File: Batch0_6500__SCRAPPER__19_2025-04-01.csv | Folder: E:\\EmailTool-V2\Barzaan\email_creator_app\files\automatic_emails_format_created
2025-12-26 00:22:18,678 | INFO | 📊 Current database size: 169276 companies
2025-12-26 00:22:18,679 | INFO | 📄 Found file: E:\\EmailTool-V2\Barzaan\email_creator_app\files\automatic_emails_format_created\Batch0_6500__SCRAPPER__1_2025-03-30.csv
2025-12-26 00:22:18,795 | INFO | ✅ Added patterns | File: Batch0_6500__SCRAPPER__1_2025-03-30.csv | Folder: E:\\EmailTool-V2\Barzaan\email_creator_app\files\automatic_emails_format_created
2025-12-26 00:22:18,795 | INFO | 📊 Current database size: 169276 companies
2025-12-26 00:22:18,795 | INFO | 📄 Found file: E:\\EmailTool-V2\Barzaan\email_creator_app\files\automatic_emails_format_created\Batch0_6500__SCRAPPER__1_2025-04-01.csv
2025-12-26 00:22:18,899 | INFO | ✅ Added patterns | File: Batch0_6500__SCRAPPER__1_2025-04-01.csv | Folder: E:\\EmailTool-V2\Barzaan\email_creator_app\files\automatic_emails_format_created
2025-12-26 00:22:18,901 | INFO | 📊 Current database size: 169276 companies
2025-12-26 00:22:18,901 | INFO | 📄 Found file: E:\\EmailTool-V2\Barzaan\email_creator_app\files\automatic_emails_format_created\Batch0_6500__SCRAPPER__20_2025-03-30.csv
2025-12-26 00:22:19,055 | INFO | ✅ Added patterns | File: Batch0_6500__SCRAPPER__20_2025-03-30.csv | Folder: E:\\EmailTool-V2\Barzaan\email_creator_app\files\automatic_emails_format_created
2025-12-26 00:22:19,055 | INFO | 📊 Current database size: 169276 companies
2025-12-26 00:22:19,055 | INFO | 📄 Found file: E:\\EmailTool-V2\Barzaan\email_creator_app\files\automatic_emails_format_created\Batch0_6500__SCRAPPER__20_2025-04-01.csv
2025-12-26 00:22:19,188 | INFO | ✅ Added patterns | File: Batch0_6500__SCRAPPER__20_2025-04-01.csv | Folder: E:\\EmailTool-V2\Barzaan\email_creator_app\files\automatic_emails_format_created
2025-12-26 00:22:19,189 | INFO | 📊 Current database size: 169276 companies
2025-12-26 00:22:19,190 | INFO | 📄 Found file: E:\\EmailTool-V2\Barzaan\email_creator_app\files\automatic_emails_format_created\Batch0_6500__SCRAPPER__21_2025-03-30.csv
2025-12-26 00:22:19,302 | INFO | ✅ Added patterns | File: Batch0_6500__SCRAPPER__21_2025-03-30.csv | Folder: E:\\EmailTool-V2\Barzaan\email_creator_app\files\automatic_emails_format_created
2025-12-26 00:22:19,302 | INFO | 📊 Current database size: 169276 companies
2025-12-26 00:22:19,303 | INFO | 📄 Found file: E:\\EmailTool-V2\Barzaan\email_creator_app\files\automatic_emails_format_created\Batch0_6500__SCRAPPER__21_2025-04-01.csv
2025-12-26 00:22:19,414 | INFO | ✅ Added patterns | File: Batch0_6500__SCRAPPER__21_2025-04-01.csv | Folder: E:\\EmailTool-V2\Barzaan\email_creator_app\files\automatic_emails_format_created
2025-12-26 00:22:19,414 | INFO | 📊 Current database size: 169276 companies
2025-12-26 00:22:19,414 | INFO | 📄 Found file: E:\\EmailTool-V2\Barzaan\email_creator_app\files\automatic_emails_format_created\Batch0_6500__SCRAPPER__22_2025-03-30.csv
2025-12-26 00:22:19,541 | INFO | ✅ Added patterns | File: Batch0_6500__SCRAPPER__22_2025-03-30.csv | Folder: E:\\EmailTool-V2\Barzaan\email_creator_app\files\automatic_emails_format_created
2025-12-26 00:22:19,542 | INFO | 📊 Current database size: 169276 companies
2025-12-26 00:22:19,544 | INFO | 📄 Found file: E:\\EmailTool-V2\Barzaan\email_creator_app\files\automatic_emails_format_created\Batch0_6500__SCRAPPER__22_2025-04-01.csv
2025-12-26 00:22:19,652 | INFO | ✅ Added patterns | File: Batch0_6500__SCRAPPER__22_2025-04-01.csv | Folder: E:\\EmailTool-V2\Barzaan\email_creator_app\files\automatic_emails_format_created
2025-12-26 00:22:19,652 | INFO | 📊 Current database size: 169276 companies
2025-12-26 00:22:19,658 | INFO | 📄 Found file: E:\\EmailTool-V2\Barzaan\email_creator_app\files\automatic_emails_format_created\Batch0_6500__SCRAPPER__23_2025-03-30.csv
2025-12-26 00:22:19,849 | INFO | ✅ Added patterns | File: Batch0_6500__SCRAPPER__23_2025-03-30.csv | Folder: E:\\EmailTool-V2\Barzaan\email_creator_app\files\automatic_emails_format_created
2025-12-26 00:22:19,849 | INFO | 📊 Current database size: 169276 companies
2025-12-26 00:22:19,849 | INFO | 📄 Found file: E:\\EmailTool-V2\Barzaan\email_creator_app\files\automatic_emails_format_created\Batch0_6500__SCRAPPER__23_2025-04-02.csv
2025-12-26 00:22:19,965 | INFO | ✅ Added patterns | File: Batch0_6500__SCRAPPER__23_2025-04-02.csv | Folder: E:\\EmailTool-V2\Barzaan\email_creator_app\files\automatic_emails_format_created
2025-12-26 00:22:19,965 | INFO | 📊 Current database size: 169276 companies
2025-12-26 00:22:19,965 | INFO | 📄 Found file: E:\\EmailTool-V2\Barzaan\email_creator_app\files\automatic_emails_format_created\Batch0_6500__SCRAPPER__24_2025-03-30.csv
2025-12-26 00:22:20,091 | INFO | ✅ Added patterns | File: Batch0_6500__SCRAPPER__24_2025-03-30.csv | Folder: E:\\EmailTool-V2\Barzaan\email_creator_app\files\automatic_emails_format_created
2025-12-26 00:22:20,091 | INFO | 📊 Current database size: 169276 companies
2025-12-26 00:22:20,092 | INFO | 📄 Found file: E:\\EmailTool-V2\Barzaan\email_creator_app\files\automatic_emails_format_created\Batch0_6500__SCRAPPER__24_2025-04-02.csv
2025-12-26 00:22:20,200 | INFO | ✅ Added patterns | File: Batch0_6500__SCRAPPER__24_2025-04-02.csv | Folder: E:\\EmailTool-V2\Barzaan\email_creator_app\files\automatic_emails_format_created
2025-12-26 00:22:20,200 | INFO | 📊 Current database size: 169276 companies
2025-12-26 00:22:20,200 | INFO | 📄 Found file: E:\\EmailTool-V2\Barzaan\email_creator_app\files\automatic_emails_format_created\Batch0_6500__SCRAPPER__25_2025-03-30.csv
2025-12-26 00:22:20,314 | INFO | ✅ Added patterns | File: Batch0_6500__SCRAPPER__25_2025-03-30.csv | Folder: E:\\EmailTool-V2\Barzaan\email_creator_app\files\automatic_emails_format_created
2025-12-26 00:22:20,315 | INFO | 📊 Current database size: 169276 companies
2025-12-26 00:22:20,316 | INFO | 📄 Found file: E:\\EmailTool-V2\Barzaan\email_creator_app\files\automatic_emails_format_created\Batch0_6500__SCRAPPER__25_2025-04-02.csv
2025-12-26 00:22:20,442 | INFO | ✅ Added patterns | File: Batch0_6500__SCRAPPER__25_2025-04-02.csv | Folder: E:\\EmailTool-V2\Barzaan\email_creator_app\files\automatic_emails_format_created
2025-12-26 00:22:20,442 | INFO | 📊 Current database size: 169276 companies
2025-12-26 00:22:20,442 | INFO | 📄 Found file: E:\\EmailTool-V2\Barzaan\email_creator_app\files\automatic_emails_format_created\Batch0_6500__SCRAPPER__26_2025-03-30.csv
2025-12-26 00:22:20,581 | INFO | ✅ Added patterns | File: Batch0_6500__SCRAPPER__26_2025-03-30.csv | Folder: E:\\EmailTool-V2\Barzaan\email_creator_app\files\automatic_emails_format_created
2025-12-26 00:22:20,582 | INFO | 📊 Current database size: 169276 companies
2025-12-26 00:22:20,583 | INFO | 📄 Found file: E:\\EmailTool-V2\Barzaan\email_creator_app\files\automatic_emails_format_created\Batch0_6500__SCRAPPER__26_2025-04-02.csv
2025-12-26 00:22:20,738 | INFO | ✅ Added patterns | File: Batch0_6500__SCRAPPER__26_2025-04-02.csv | Folder: E:\\EmailTool-V2\Barzaan\email_creator_app\files\automatic_emails_format_created
2025-12-26 00:22:20,738 | INFO | 📊 Current database size: 169276 companies
2025-12-26 00:22:20,738 | INFO | 📄 Found file: E:\\EmailTool-V2\Barzaan\email_creator_app\files\automatic_emails_format_created\Batch0_6500__SCRAPPER__27_2025-03-30.csv
2025-12-26 00:22:20,870 | INFO | ✅ Added patterns | File: Batch0_6500__SCRAPPER__27_2025-03-30.csv | Folder: E:\\EmailTool-V2\Barzaan\email_creator_app\files\automatic_emails_format_created
2025-12-26 00:22:20,871 | INFO | 📊 Current database size: 169276 companies
2025-12-26 00:22:20,872 | INFO | 📄 Found file: E:\\EmailTool-V2\Barzaan\email_creator_app\files\automatic_emails_format_created\Batch0_6500__SCRAPPER__27_2025-04-02.csv
2025-12-26 00:22:20,986 | INFO | ✅ Added patterns | File: Batch0_6500__SCRAPPER__27_2025-04-02.csv | Folder: E:\\EmailTool-V2\Barzaan\email_creator_app\files\automatic_emails_format_created
2025-12-26 00:22:20,986 | INFO | 📊 Current database size: 169276 companies
2025-12-26 00:22:20,986 | INFO | 📄 Found file: E:\\EmailTool-V2\Barzaan\email_creator_app\files\automatic_emails_format_created\Batch0_6500__SCRAPPER__28_2025-03-30.csv
2025-12-26 00:22:21,094 | INFO | ✅ Added patterns | File: Batch0_6500__SCRAPPER__28_2025-03-30.csv | Folder: E:\\EmailTool-V2\Barzaan\email_creator_app\files\automatic_emails_format_created
2025-12-26 00:22:21,094 | INFO | 📊 Current database size: 169276 companies
2025-12-26 00:22:21,094 | INFO | 📄 Found file: E:\\EmailTool-V2\Barzaan\email_creator_app\files\automatic_emails_format_created\Batch0_6500__SCRAPPER__28_2025-04-02.csv
2025-12-26 00:22:21,270 | INFO | ✅ Added patterns | File: Batch0_6500__SCRAPPER__28_2025-04-02.csv | Folder: E:\\EmailTool-V2\Barzaan\email_creator_app\files\automatic_emails_format_created
2025-12-26 00:22:21,270 | INFO | 📊 Current database size: 169276 companies
2025-12-26 00:22:21,270 | INFO | 📄 Found file: E:\\EmailTool-V2\Barzaan\email_creator_app\files\automatic_emails_format_created\Batch0_6500__SCRAPPER__29_2025-03-30.csv
2025-12-26 00:22:21,392 | INFO | ✅ Added patterns | File: Batch0_6500__SCRAPPER__29_2025-03-30.csv | Folder: E:\\EmailTool-V2\Barzaan\email_creator_app\files\automatic_emails_format_created
2025-12-26 00:22:21,393 | INFO | 📊 Current database size: 169276 companies
2025-12-26 00:22:21,394 | INFO | 📄 Found file: E:\\EmailTool-V2\Barzaan\email_creator_app\files\automatic_emails_format_created\Batch0_6500__SCRAPPER__29_2025-04-02.csv
2025-12-26 00:22:21,498 | INFO | ✅ Added patterns | File: Batch0_6500__SCRAPPER__29_2025-04-02.csv | Folder: E:\\EmailTool-V2\Barzaan\email_creator_app\files\automatic_emails_format_created
2025-12-26 00:22:21,500 | INFO | 📊 Current database size: 169276 companies
2025-12-26 00:22:21,500 | INFO | 📄 Found file: E:\\EmailTool-V2\Barzaan\email_creator_app\files\automatic_emails_format_created\Batch0_6500__SCRAPPER__2_2025-03-30.csv
2025-12-26 00:22:21,588 | INFO | ✅ Added patterns | File: Batch0_6500__SCRAPPER__2_2025-03-30.csv | Folder: E:\\EmailTool-V2\Barzaan\email_creator_app\files\automatic_emails_format_created
2025-12-26 00:22:21,588 | INFO | 📊 Current database size: 169276 companies
2025-12-26 00:22:21,588 | INFO | 📄 Found file: E:\\EmailTool-V2\Barzaan\email_creator_app\files\automatic_emails_format_created\Batch0_6500__SCRAPPER__2_2025-04-01.csv
2025-12-26 00:22:21,689 | INFO | ✅ Added patterns | File: Batch0_6500__SCRAPPER__2_2025-04-01.csv | Folder: E:\\EmailTool-V2\Barzaan\email_creator_app\files\automatic_emails_format_created
2025-12-26 00:22:21,689 | INFO | 📊 Current database size: 169276 companies
2025-12-26 00:22:21,689 | INFO | 📄 Found file: E:\\EmailTool-V2\Barzaan\email_creator_app\files\automatic_emails_format_created\Batch0_6500__SCRAPPER__30_2025-03-30.csv
2025-12-26 00:22:21,789 | INFO | ✅ Added patterns | File: Batch0_6500__SCRAPPER__30_2025-03-30.csv | Folder: E:\\EmailTool-V2\Barzaan\email_creator_app\files\automatic_emails_format_created
2025-12-26 00:22:21,789 | INFO | 📊 Current database size: 169276 companies
2025-12-26 00:22:21,789 | INFO | 📄 Found file: E:\\EmailTool-V2\Barzaan\email_creator_app\files\automatic_emails_format_created\Batch0_6500__SCRAPPER__30_2025-04-02.csv
2025-12-26 00:22:21,891 | INFO | ✅ Added patterns | File: Batch0_6500__SCRAPPER__30_2025-04-02.csv | Folder: E:\\EmailTool-V2\Barzaan\email_creator_app\files\automatic_emails_format_created
2025-12-26 00:22:21,891 | INFO | 📊 Current database size: 169276 companies
2025-12-26 00:22:21,891 | INFO | 📄 Found file: E:\\EmailTool-V2\Barzaan\email_creator_app\files\automatic_emails_format_created\Batch0_6500__SCRAPPER__31_2025-03-30.csv
2025-12-26 00:22:22,000 | INFO | ✅ Added patterns | File: Batch0_6500__SCRAPPER__31_2025-03-30.csv | Folder: E:\\EmailTool-V2\Barzaan\email_creator_app\files\automatic_emails_format_created
2025-12-26 00:22:22,000 | INFO | 📊 Current database size: 169276 companies
2025-12-26 00:22:22,000 | INFO | 📄 Found file: E:\\EmailTool-V2\Barzaan\email_creator_app\files\automatic_emails_format_created\Batch0_6500__SCRAPPER__31_2025-04-02.csv
2025-12-26 00:22:22,107 | INFO | ✅ Added patterns | File: Batch0_6500__SCRAPPER__31_2025-04-02.csv | Folder: E:\\EmailTool-V2\Barzaan\email_creator_app\files\automatic_emails_format_created
2025-12-26 00:22:22,107 | INFO | 📊 Current database size: 169276 companies
2025-12-26 00:22:22,107 | INFO | 📄 Found file: E:\\EmailTool-V2\Barzaan\email_creator_app\files\automatic_emails_format_created\Batch0_6500__SCRAPPER__32_2025-03-30.csv
2025-12-26 00:22:22,207 | INFO | ✅ Added patterns | File: Batch0_6500__SCRAPPER__32_2025-03-30.csv | Folder: E:\\EmailTool-V2\Barzaan\email_creator_app\files\automatic_emails_format_created
2025-12-26 00:22:22,207 | INFO | 📊 Current database size: 169276 companies
2025-12-26 00:22:22,207 | INFO | 📄 Found file: E:\\EmailTool-V2\Barzaan\email_creator_app\files\automatic_emails_format_created\Batch0_6500__SCRAPPER__32_2025-04-02.csv
2025-12-26 00:22:22,291 | INFO | ✅ Added patterns | File: Batch0_6500__SCRAPPER__32_2025-04-02.csv | Folder: E:\\EmailTool-V2\Barzaan\email_creator_app\files\automatic_emails_format_created
2025-12-26 00:22:22,291 | INFO | 📊 Current database size: 169276 companies
2025-12-26 00:22:22,291 | INFO | 📄 Found file: E:\\EmailTool-V2\Barzaan\email_creator_app\files\automatic_emails_format_created\Batch0_6500__SCRAPPER__33_2025-03-30.csv
2025-12-26 00:22:22,391 | INFO | ✅ Added patterns | File: Batch0_6500__SCRAPPER__33_2025-03-30.csv | Folder: E:\\EmailTool-V2\Barzaan\email_creator_app\files\automatic_emails_format_created
2025-12-26 00:22:22,391 | INFO | 📊 Current database size: 169276 companies
2025-12-26 00:22:22,391 | INFO | 📄 Found file: E:\\EmailTool-V2\Barzaan\email_creator_app\files\automatic_emails_format_created\Batch0_6500__SCRAPPER__33_2025-04-02.csv
2025-12-26 00:22:22,483 | INFO | ✅ Added patterns | File: Batch0_6500__SCRAPPER__33_2025-04-02.csv | Folder: E:\\EmailTool-V2\Barzaan\email_creator_app\files\automatic_emails_format_created
2025-12-26 00:22:22,483 | INFO | 📊 Current database size: 169276 companies
2025-12-26 00:22:22,483 | INFO | 📄 Found file: E:\\EmailTool-V2\Barzaan\email_creator_app\files\automatic_emails_format_created\Batch0_6500__SCRAPPER__34_2025-03-30.csv
2025-12-26 00:22:22,608 | INFO | ✅ Added patterns | File: Batch0_6500__SCRAPPER__34_2025-03-30.csv | Folder: E:\\EmailTool-V2\Barzaan\email_creator_app\files\automatic_emails_format_created
2025-12-26 00:22:22,608 | INFO | 📊 Current database size: 169276 companies
2025-12-26 00:22:22,624 | INFO | 📄 Found file: E:\\EmailTool-V2\Barzaan\email_creator_app\files\automatic_emails_format_created\Batch0_6500__SCRAPPER__34_2025-04-02.csv
2025-12-26 00:22:22,730 | INFO | ✅ Added patterns | File: Batch0_6500__SCRAPPER__34_2025-04-02.csv | Folder: E:\\EmailTool-V2\Barzaan\email_creator_app\files\automatic_emails_format_created
2025-12-26 00:22:22,730 | INFO | 📊 Current database size: 169276 companies
2025-12-26 00:22:22,730 | INFO | 📄 Found file: E:\\EmailTool-V2\Barzaan\email_creator_app\files\automatic_emails_format_created\Batch0_6500__SCRAPPER__35_2025-03-30.csv
2025-12-26 00:22:22,826 | INFO | ✅ Added patterns | File: Batch0_6500__SCRAPPER__35_2025-03-30.csv | Folder: E:\\EmailTool-V2\Barzaan\email_creator_app\files\automatic_emails_format_created
2025-12-26 00:22:22,826 | INFO | 📊 Current database size: 169276 companies
2025-12-26 00:22:22,826 | INFO | 📄 Found file: E:\\EmailTool-V2\Barzaan\email_creator_app\files\automatic_emails_format_created\Batch0_6500__SCRAPPER__35_2025-04-02.csv
2025-12-26 00:22:22,926 | INFO | ✅ Added patterns | File: Batch0_6500__SCRAPPER__35_2025-04-02.csv | Folder: E:\\EmailTool-V2\Barzaan\email_creator_app\files\automatic_emails_format_created
2025-12-26 00:22:22,926 | INFO | 📊 Current database size: 169276 companies
2025-12-26 00:22:22,926 | INFO | 📄 Found file: E:\\EmailTool-V2\Barzaan\email_creator_app\files\automatic_emails_format_created\Batch0_6500__SCRAPPER__36_2025-03-30.csv
2025-12-26 00:22:23,026 | INFO | ✅ Added patterns | File: Batch0_6500__SCRAPPER__36_2025-03-30.csv | Folder: E:\\EmailTool-V2\Barzaan\email_creator_app\files\automatic_emails_format_created
2025-12-26 00:22:23,026 | INFO | 📊 Current database size: 169276 companies
2025-12-26 00:22:23,026 | INFO | 📄 Found file: E:\\EmailTool-V2\Barzaan\email_creator_app\files\automatic_emails_format_created\Batch0_6500__SCRAPPER__36_2025-04-02.csv
2025-12-26 00:22:23,127 | INFO | ✅ Added patterns | File: Batch0_6500__SCRAPPER__36_2025-04-02.csv | Folder: E:\\EmailTool-V2\Barzaan\email_creator_app\files\automatic_emails_format_created
2025-12-26 00:22:23,127 | INFO | 📊 Current database size: 169276 companies
2025-12-26 00:22:23,127 | INFO | 📄 Found file: E:\\EmailTool-V2\Barzaan\email_creator_app\files\automatic_emails_format_created\Batch0_6500__SCRAPPER__37_2025-03-30.csv
2025-12-26 00:22:23,227 | INFO | ✅ Added patterns | File: Batch0_6500__SCRAPPER__37_2025-03-30.csv | Folder: E:\\EmailTool-V2\Barzaan\email_creator_app\files\automatic_emails_format_created
2025-12-26 00:22:23,227 | INFO | 📊 Current database size: 169276 companies
2025-12-26 00:22:23,227 | INFO | 📄 Found file: E:\\EmailTool-V2\Barzaan\email_creator_app\files\automatic_emails_format_created\Batch0_6500__SCRAPPER__37_2025-04-02.csv
2025-12-26 00:22:23,326 | INFO | ✅ Added patterns | File: Batch0_6500__SCRAPPER__37_2025-04-02.csv | Folder: E:\\EmailTool-V2\Barzaan\email_creator_app\files\automatic_emails_format_created
2025-12-26 00:22:23,328 | INFO | 📊 Current database size: 169276 companies
2025-12-26 00:22:23,328 | INFO | 📄 Found file: E:\\EmailTool-V2\Barzaan\email_creator_app\files\automatic_emails_format_created\Batch0_6500__SCRAPPER__38_2025-03-30.csv
2025-12-26 00:22:23,428 | INFO | ✅ Added patterns | File: Batch0_6500__SCRAPPER__38_2025-03-30.csv | Folder: E:\\EmailTool-V2\Barzaan\email_creator_app\files\automatic_emails_format_created
2025-12-26 00:22:23,428 | INFO | 📊 Current database size: 169276 companies
2025-12-26 00:22:23,428 | INFO | 📄 Found file: E:\\EmailTool-V2\Barzaan\email_creator_app\files\automatic_emails_format_created\Batch0_6500__SCRAPPER__38_2025-04-02.csv
2025-12-26 00:22:23,512 | INFO | ✅ Added patterns | File: Batch0_6500__SCRAPPER__38_2025-04-02.csv | Folder: E:\\EmailTool-V2\Barzaan\email_creator_app\files\automatic_emails_format_created
2025-12-26 00:22:23,512 | INFO | 📊 Current database size: 169276 companies
2025-12-26 00:22:23,512 | INFO | 📄 Found file: E:\\EmailTool-V2\Barzaan\email_creator_app\files\automatic_emails_format_created\Batch0_6500__SCRAPPER__39_2025-03-30.csv
2025-12-26 00:22:23,612 | INFO | ✅ Added patterns | File: Batch0_6500__SCRAPPER__39_2025-03-30.csv | Folder: E:\\EmailTool-V2\Barzaan\email_creator_app\files\automatic_emails_format_created
2025-12-26 00:22:23,612 | INFO | 📊 Current database size: 169276 companies
2025-12-26 00:22:23,612 | INFO | 📄 Found file: E:\\EmailTool-V2\Barzaan\email_creator_app\files\automatic_emails_format_created\Batch0_6500__SCRAPPER__39_2025-04-02.csv
2025-12-26 00:22:23,698 | INFO | ✅ Added patterns | File: Batch0_6500__SCRAPPER__39_2025-04-02.csv | Folder: E:\\EmailTool-V2\Barzaan\email_creator_app\files\automatic_emails_format_created
2025-12-26 00:22:23,698 | INFO | 📊 Current database size: 169276 companies
2025-12-26 00:22:23,698 | INFO | 📄 Found file: E:\\EmailTool-V2\Barzaan\email_creator_app\files\automatic_emails_format_created\Batch0_6500__SCRAPPER__3_2025-03-30.csv
2025-12-26 00:22:23,799 | INFO | ✅ Added patterns | File: Batch0_6500__SCRAPPER__3_2025-03-30.csv | Folder: E:\\EmailTool-V2\Barzaan\email_creator_app\files\automatic_emails_format_created
2025-12-26 00:22:23,799 | INFO | 📊 Current database size: 169276 companies
2025-12-26 00:22:23,799 | INFO | 📄 Found file: E:\\EmailTool-V2\Barzaan\email_creator_app\files\automatic_emails_format_created\Batch0_6500__SCRAPPER__3_2025-04-01.csv
2025-12-26 00:22:23,880 | INFO | ✅ Added patterns | File: Batch0_6500__SCRAPPER__3_2025-04-01.csv | Folder: E:\\EmailTool-V2\Barzaan\email_creator_app\files\automatic_emails_format_created
2025-12-26 00:22:23,880 | INFO | 📊 Current database size: 169276 companies
2025-12-26 00:22:23,880 | INFO | 📄 Found file: E:\\EmailTool-V2\Barzaan\email_creator_app\files\automatic_emails_format_created\Batch0_6500__SCRAPPER__40_2025-03-30.csv
2025-12-26 00:22:23,980 | INFO | ✅ Added patterns | File: Batch0_6500__SCRAPPER__40_2025-03-30.csv | Folder: E:\\EmailTool-V2\Barzaan\email_creator_app\files\automatic_emails_format_created
2025-12-26 00:22:23,980 | INFO | 📊 Current database size: 169276 companies
2025-12-26 00:22:23,980 | INFO | 📄 Found file: E:\\EmailTool-V2\Barzaan\email_creator_app\files\automatic_emails_format_created\Batch0_6500__SCRAPPER__40_2025-04-02.csv
2025-12-26 00:22:24,096 | INFO | ✅ Added patterns | File: Batch0_6500__SCRAPPER__40_2025-04-02.csv | Folder: E:\\EmailTool-V2\Barzaan\email_creator_app\files\automatic_emails_format_created
2025-12-26 00:22:24,097 | INFO | 📊 Current database size: 169276 companies
2025-12-26 00:22:24,097 | INFO | 📄 Found file: E:\\EmailTool-V2\Barzaan\email_creator_app\files\automatic_emails_format_created\Batch0_6500__SCRAPPER__41_2025-03-30.csv
2025-12-26 00:22:24,181 | INFO | ✅ Added patterns | File: Batch0_6500__SCRAPPER__41_2025-03-30.csv | Folder: E:\\EmailTool-V2\Barzaan\email_creator_app\files\automatic_emails_format_created
2025-12-26 00:22:24,181 | INFO | 📊 Current database size: 169276 companies
2025-12-26 00:22:24,181 | INFO | 📄 Found file: E:\\EmailTool-V2\Barzaan\email_creator_app\files\automatic_emails_format_created\Batch0_6500__SCRAPPER__41_2025-04-02.csv
2025-12-26 00:22:24,308 | INFO | ✅ Added patterns | File: Batch0_6500__SCRAPPER__41_2025-04-02.csv | Folder: E:\\EmailTool-V2\Barzaan\email_creator_app\files\automatic_emails_format_created
2025-12-26 00:22:24,309 | INFO | 📊 Current database size: 169276 companies
2025-12-26 00:22:24,309 | INFO | 📄 Found file: E:\\EmailTool-V2\Barzaan\email_creator_app\files\automatic_emails_format_created\Batch0_6500__SCRAPPER__42_2025-04-02.csv
2025-12-26 00:22:24,402 | INFO | ✅ Added patterns | File: Batch0_6500__SCRAPPER__42_2025-04-02.csv | Folder: E:\\EmailTool-V2\Barzaan\email_creator_app\files\automatic_emails_format_created
2025-12-26 00:22:24,402 | INFO | 📊 Current database size: 169276 companies
2025-12-26 00:22:24,403 | INFO | 📄 Found file: E:\\EmailTool-V2\Barzaan\email_creator_app\files\automatic_emails_format_created\Batch0_6500__SCRAPPER__43_2025-04-02.csv
2025-12-26 00:22:24,482 | INFO | ✅ Added patterns | File: Batch0_6500__SCRAPPER__43_2025-04-02.csv | Folder: E:\\EmailTool-V2\Barzaan\email_creator_app\files\automatic_emails_format_created
2025-12-26 00:22:24,482 | INFO | 📊 Current database size: 169276 companies
2025-12-26 00:22:24,482 | INFO | 📄 Found file: E:\\EmailTool-V2\Barzaan\email_creator_app\files\automatic_emails_format_created\Batch0_6500__SCRAPPER__44_2025-04-02.csv
2025-12-26 00:22:24,599 | INFO | ✅ Added patterns | File: Batch0_6500__SCRAPPER__44_2025-04-02.csv | Folder: E:\\EmailTool-V2\Barzaan\email_creator_app\files\automatic_emails_format_created
2025-12-26 00:22:24,600 | INFO | 📊 Current database size: 169276 companies
2025-12-26 00:22:24,601 | INFO | 📄 Found file: E:\\EmailTool-V2\Barzaan\email_creator_app\files\automatic_emails_format_created\Batch0_6500__SCRAPPER__45_2025-04-02.csv
2025-12-26 00:22:24,702 | INFO | ✅ Added patterns | File: Batch0_6500__SCRAPPER__45_2025-04-02.csv | Folder: E:\\EmailTool-V2\Barzaan\email_creator_app\files\automatic_emails_format_created
2025-12-26 00:22:24,703 | INFO | 📊 Current database size: 169276 companies
2025-12-26 00:22:24,703 | INFO | 📄 Found file: E:\\EmailTool-V2\Barzaan\email_creator_app\files\automatic_emails_format_created\Batch0_6500__SCRAPPER__46_2025-04-02.csv
2025-12-26 00:22:24,783 | INFO | ✅ Added patterns | File: Batch0_6500__SCRAPPER__46_2025-04-02.csv | Folder: E:\\EmailTool-V2\Barzaan\email_creator_app\files\automatic_emails_format_created
2025-12-26 00:22:24,798 | INFO | 📊 Current database size: 169276 companies
2025-12-26 00:22:24,798 | INFO | 📄 Found file: E:\\EmailTool-V2\Barzaan\email_creator_app\files\automatic_emails_format_created\Batch0_6500__SCRAPPER__47_2025-04-02.csv
2025-12-26 00:22:24,904 | INFO | ✅ Added patterns | File: Batch0_6500__SCRAPPER__47_2025-04-02.csv | Folder: E:\\EmailTool-V2\Barzaan\email_creator_app\files\automatic_emails_format_created
2025-12-26 00:22:24,905 | INFO | 📊 Current database size: 169276 companies
2025-12-26 00:22:24,905 | INFO | 📄 Found file: E:\\EmailTool-V2\Barzaan\email_creator_app\files\automatic_emails_format_created\Batch0_6500__SCRAPPER__48_2025-04-02.csv
2025-12-26 00:22:24,983 | INFO | ✅ Added patterns | File: Batch0_6500__SCRAPPER__48_2025-04-02.csv | Folder: E:\\EmailTool-V2\Barzaan\email_creator_app\files\automatic_emails_format_created
2025-12-26 00:22:24,983 | INFO | 📊 Current database size: 169276 companies
2025-12-26 00:22:24,983 | INFO | 📄 Found file: E:\\EmailTool-V2\Barzaan\email_creator_app\files\automatic_emails_format_created\Batch0_6500__SCRAPPER__49_2025-04-02.csv
2025-12-26 00:22:25,105 | INFO | ✅ Added patterns | File: Batch0_6500__SCRAPPER__49_2025-04-02.csv | Folder: E:\\EmailTool-V2\Barzaan\email_creator_app\files\automatic_emails_format_created
2025-12-26 00:22:25,105 | INFO | 📊 Current database size: 169276 companies
2025-12-26 00:22:25,105 | INFO | 📄 Found file: E:\\EmailTool-V2\Barzaan\email_creator_app\files\automatic_emails_format_created\Batch0_6500__SCRAPPER__4_2025-03-30.csv
2025-12-26 00:22:25,218 | INFO | ✅ Added patterns | File: Batch0_6500__SCRAPPER__4_2025-03-30.csv | Folder: E:\\EmailTool-V2\Barzaan\email_creator_app\files\automatic_emails_format_created
2025-12-26 00:22:25,218 | INFO | 📊 Current database size: 169276 companies
2025-12-26 00:22:25,218 | INFO | 📄 Found file: E:\\EmailTool-V2\Barzaan\email_creator_app\files\automatic_emails_format_created\Batch0_6500__SCRAPPER__4_2025-04-01.csv
2025-12-26 00:22:25,304 | INFO | ✅ Added patterns | File: Batch0_6500__SCRAPPER__4_2025-04-01.csv | Folder: E:\\EmailTool-V2\Barzaan\email_creator_app\files\automatic_emails_format_created
2025-12-26 00:22:25,304 | INFO | 📊 Current database size: 169276 companies
2025-12-26 00:22:25,304 | INFO | 📄 Found file: E:\\EmailTool-V2\Barzaan\email_creator_app\files\automatic_emails_format_created\Batch0_6500__SCRAPPER__50_2025-04-02.csv
2025-12-26 00:22:25,398 | INFO | ✅ Added patterns | File: Batch0_6500__SCRAPPER__50_2025-04-02.csv | Folder: E:\\EmailTool-V2\Barzaan\email_creator_app\files\automatic_emails_format_created
2025-12-26 00:22:25,398 | INFO | 📊 Current database size: 169276 companies
2025-12-26 00:22:25,398 | INFO | 📄 Found file: E:\\EmailTool-V2\Barzaan\email_creator_app\files\automatic_emails_format_created\Batch0_6500__SCRAPPER__51_2025-04-02.csv
2025-12-26 00:22:25,485 | INFO | ✅ Added patterns | File: Batch0_6500__SCRAPPER__51_2025-04-02.csv | Folder: E:\\EmailTool-V2\Barzaan\email_creator_app\files\automatic_emails_format_created
2025-12-26 00:22:25,485 | INFO | 📊 Current database size: 169276 companies
2025-12-26 00:22:25,485 | INFO | 📄 Found file: E:\\EmailTool-V2\Barzaan\email_creator_app\files\automatic_emails_format_created\Batch0_6500__SCRAPPER__52_2025-04-02.csv
2025-12-26 00:22:25,571 | INFO | ✅ Added patterns | File: Batch0_6500__SCRAPPER__52_2025-04-02.csv | Folder: E:\\EmailTool-V2\Barzaan\email_creator_app\files\automatic_emails_format_created
2025-12-26 00:22:25,571 | INFO | 📊 Current database size: 169276 companies
2025-12-26 00:22:25,571 | INFO | 📄 Found file: E:\\EmailTool-V2\Barzaan\email_creator_app\files\automatic_emails_format_created\Batch0_6500__SCRAPPER__53_2025-04-02.csv
2025-12-26 00:22:25,669 | INFO | ✅ Added patterns | File: Batch0_6500__SCRAPPER__53_2025-04-02.csv | Folder: E:\\EmailTool-V2\Barzaan\email_creator_app\files\automatic_emails_format_created
2025-12-26 00:22:25,669 | INFO | 📊 Current database size: 169276 companies
2025-12-26 00:22:25,669 | INFO | 📄 Found file: E:\\EmailTool-V2\Barzaan\email_creator_app\files\automatic_emails_format_created\Batch0_6500__SCRAPPER__54_2025-04-02.csv
2025-12-26 00:22:25,770 | INFO | ✅ Added patterns | File: Batch0_6500__SCRAPPER__54_2025-04-02.csv | Folder: E:\\EmailTool-V2\Barzaan\email_creator_app\files\automatic_emails_format_created
2025-12-26 00:22:25,770 | INFO | 📊 Current database size: 169276 companies
2025-12-26 00:22:25,770 | INFO | 📄 Found file: E:\\EmailTool-V2\Barzaan\email_creator_app\files\automatic_emails_format_created\Batch0_6500__SCRAPPER__55_2025-04-02.csv
2025-12-26 00:22:25,870 | INFO | ✅ Added patterns | File: Batch0_6500__SCRAPPER__55_2025-04-02.csv | Folder: E:\\EmailTool-V2\Barzaan\email_creator_app\files\automatic_emails_format_created
2025-12-26 00:22:25,870 | INFO | 📊 Current database size: 169276 companies
2025-12-26 00:22:25,870 | INFO | 📄 Found file: E:\\EmailTool-V2\Barzaan\email_creator_app\files\automatic_emails_format_created\Batch0_6500__SCRAPPER__56_2025-04-02.csv
2025-12-26 00:22:26,020 | INFO | ✅ Added patterns | File: Batch0_6500__SCRAPPER__56_2025-04-02.csv | Folder: E:\\EmailTool-V2\Barzaan\email_creator_app\files\automatic_emails_format_created
2025-12-26 00:22:26,020 | INFO | 📊 Current database size: 169276 companies
2025-12-26 00:22:26,020 | INFO | 📄 Found file: E:\\EmailTool-V2\Barzaan\email_creator_app\files\automatic_emails_format_created\Batch0_6500__SCRAPPER__5_2025-03-30.csv
2025-12-26 00:22:26,128 | INFO | ✅ Added patterns | File: Batch0_6500__SCRAPPER__5_2025-03-30.csv | Folder: E:\\EmailTool-V2\Barzaan\email_creator_app\files\automatic_emails_format_created
2025-12-26 00:22:26,128 | INFO | 📊 Current database size: 169276 companies
2025-12-26 00:22:26,128 | INFO | 📄 Found file: E:\\EmailTool-V2\Barzaan\email_creator_app\files\automatic_emails_format_created\Batch0_6500__SCRAPPER__5_2025-04-01.csv
2025-12-26 00:22:26,204 | INFO | ✅ Added patterns | File: Batch0_6500__SCRAPPER__5_2025-04-01.csv | Folder: E:\\EmailTool-V2\Barzaan\email_creator_app\files\automatic_emails_format_created
2025-12-26 00:22:26,204 | INFO | 📊 Current database size: 169276 companies
2025-12-26 00:22:26,204 | INFO | 📄 Found file: E:\\EmailTool-V2\Barzaan\email_creator_app\files\automatic_emails_format_created\Batch0_6500__SCRAPPER__6_2025-03-30.csv
2025-12-26 00:22:26,313 | INFO | ✅ Added patterns | File: Batch0_6500__SCRAPPER__6_2025-03-30.csv | Folder: E:\\EmailTool-V2\Barzaan\email_creator_app\files\automatic_emails_format_created
2025-12-26 00:22:26,314 | INFO | 📊 Current database size: 169276 companies
2025-12-26 00:22:26,314 | INFO | 📄 Found file: E:\\EmailTool-V2\Barzaan\email_creator_app\files\automatic_emails_format_created\Batch0_6500__SCRAPPER__6_2025-04-01.csv
2025-12-26 00:22:26,405 | INFO | ✅ Added patterns | File: Batch0_6500__SCRAPPER__6_2025-04-01.csv | Folder: E:\\EmailTool-V2\Barzaan\email_creator_app\files\automatic_emails_format_created
2025-12-26 00:22:26,405 | INFO | 📊 Current database size: 169276 companies
2025-12-26 00:22:26,405 | INFO | 📄 Found file: E:\\EmailTool-V2\Barzaan\email_creator_app\files\automatic_emails_format_created\Batch0_6500__SCRAPPER__7_2025-03-30.csv
2025-12-26 00:22:26,506 | INFO | ✅ Added patterns | File: Batch0_6500__SCRAPPER__7_2025-03-30.csv | Folder: E:\\EmailTool-V2\Barzaan\email_creator_app\files\automatic_emails_format_created
2025-12-26 00:22:26,506 | INFO | 📊 Current database size: 169276 companies
2025-12-26 00:22:26,506 | INFO | 📄 Found file: E:\\EmailTool-V2\Barzaan\email_creator_app\files\automatic_emails_format_created\Batch0_6500__SCRAPPER__7_2025-04-01.csv
2025-12-26 00:22:26,589 | INFO | ✅ Added patterns | File: Batch0_6500__SCRAPPER__7_2025-04-01.csv | Folder: E:\\EmailTool-V2\Barzaan\email_creator_app\files\automatic_emails_format_created
2025-12-26 00:22:26,589 | INFO | 📊 Current database size: 169276 companies
2025-12-26 00:22:26,589 | INFO | 📄 Found file: E:\\EmailTool-V2\Barzaan\email_creator_app\files\automatic_emails_format_created\Batch0_6500__SCRAPPER__8_2025-03-30.csv
2025-12-26 00:22:26,673 | INFO | ✅ Added patterns | File: Batch0_6500__SCRAPPER__8_2025-03-30.csv | Folder: E:\\EmailTool-V2\Barzaan\email_creator_app\files\automatic_emails_format_created
2025-12-26 00:22:26,673 | INFO | 📊 Current database size: 169276 companies
2025-12-26 00:22:26,673 | INFO | 📄 Found file: E:\\EmailTool-V2\Barzaan\email_creator_app\files\automatic_emails_format_created\Batch0_6500__SCRAPPER__8_2025-04-01.csv
2025-12-26 00:22:26,773 | INFO | ✅ Added patterns | File: Batch0_6500__SCRAPPER__8_2025-04-01.csv | Folder: E:\\EmailTool-V2\Barzaan\email_creator_app\files\automatic_emails_format_created
2025-12-26 00:22:26,773 | INFO | 📊 Current database size: 169276 companies
2025-12-26 00:22:26,773 | INFO | 📄 Found file: E:\\EmailTool-V2\Barzaan\email_creator_app\files\automatic_emails_format_created\Batch0_6500__SCRAPPER__9_2025-03-30.csv
2025-12-26 00:22:26,857 | INFO | ✅ Added patterns | File: Batch0_6500__SCRAPPER__9_2025-03-30.csv | Folder: E:\\EmailTool-V2\Barzaan\email_creator_app\files\automatic_emails_format_created
2025-12-26 00:22:26,857 | INFO | 📊 Current database size: 169276 companies
2025-12-26 00:22:26,857 | INFO | 📄 Found file: E:\\EmailTool-V2\Barzaan\email_creator_app\files\automatic_emails_format_created\Batch0_6500__SCRAPPER__9_2025-04-01.csv
2025-12-26 00:22:26,954 | INFO | ✅ Added patterns | File: Batch0_6500__SCRAPPER__9_2025-04-01.csv | Folder: E:\\EmailTool-V2\Barzaan\email_creator_app\files\automatic_emails_format_created
2025-12-26 00:22:26,954 | INFO | 📊 Current database size: 169276 companies
2025-12-26 00:22:26,956 | INFO | 📄 Found file: E:\\EmailTool-V2\Barzaan\email_creator_app\files\automatic_emails_format_created\Batch0_9__SCRAPPER__0_2025-03-30.csv
2025-12-26 00:22:27,041 | INFO | ✅ Added patterns | File: Batch0_9__SCRAPPER__0_2025-03-30.csv | Folder: E:\\EmailTool-V2\Barzaan\email_creator_app\files\automatic_emails_format_created
2025-12-26 00:22:27,041 | INFO | 📊 Current database size: 169276 companies
2025-12-26 00:22:27,041 | INFO | 📄 Found file: E:\\EmailTool-V2\Barzaan\email_creator_app\files\automatic_emails_format_created\Batch0_9__SCRAPPER__1_2025-03-30.csv
2025-12-26 00:22:27,125 | INFO | ✅ Added patterns | File: Batch0_9__SCRAPPER__1_2025-03-30.csv | Folder: E:\\EmailTool-V2\Barzaan\email_creator_app\files\automatic_emails_format_created
2025-12-26 00:22:27,126 | INFO | 📊 Current database size: 169276 companies
2025-12-26 00:22:27,127 | INFO | 📄 Found file: E:\\EmailTool-V2\Barzaan\email_creator_app\files\automatic_emails_format_created\Batch10_20__3__AprSCRAPPER__0_2025-04-04.csv
2025-12-26 00:22:27,208 | INFO | ✅ Added patterns | File: Batch10_20__3__AprSCRAPPER__0_2025-04-04.csv | Folder: E:\\EmailTool-V2\Barzaan\email_creator_app\files\automatic_emails_format_created
2025-12-26 00:22:27,208 | INFO | 📊 Current database size: 169276 companies
2025-12-26 00:22:27,208 | INFO | 📄 Found file: E:\\EmailTool-V2\Barzaan\email_creator_app\files\automatic_emails_format_created\Batch10_20__3__AprSCRAPPER__1_2025-04-04.csv
2025-12-26 00:22:27,297 | INFO | ✅ Added patterns | File: Batch10_20__3__AprSCRAPPER__1_2025-04-04.csv | Folder: E:\\EmailTool-V2\Barzaan\email_creator_app\files\automatic_emails_format_created
2025-12-26 00:22:27,297 | INFO | 📊 Current database size: 169276 companies
2025-12-26 00:22:27,297 | INFO | 📄 Found file: E:\\EmailTool-V2\Barzaan\email_creator_app\files\automatic_emails_format_created\Batch10_20__3__AprSCRAPPER__2_2025-04-04.csv
2025-12-26 00:22:27,383 | INFO | ✅ Added patterns | File: Batch10_20__3__AprSCRAPPER__2_2025-04-04.csv | Folder: E:\\EmailTool-V2\Barzaan\email_creator_app\files\automatic_emails_format_created
2025-12-26 00:22:27,383 | INFO | 📊 Current database size: 169276 companies
2025-12-26 00:22:27,383 | INFO | 📄 Found file: E:\\EmailTool-V2\Barzaan\email_creator_app\files\automatic_emails_format_created\Batch10_20__3__AprSCRAPPER__3_2025-04-04.csv
2025-12-26 00:22:27,481 | INFO | ✅ Added patterns | File: Batch10_20__3__AprSCRAPPER__3_2025-04-04.csv | Folder: E:\\EmailTool-V2\Barzaan\email_creator_app\files\automatic_emails_format_created
2025-12-26 00:22:27,492 | INFO | 📊 Current database size: 169276 companies
2025-12-26 00:22:27,492 | INFO | 📄 Found file: E:\\EmailTool-V2\Barzaan\email_creator_app\files\automatic_emails_format_created\Batch10_20__3__AprSCRAPPER__4_2025-04-04.csv
2025-12-26 00:22:27,580 | INFO | ✅ Added patterns | File: Batch10_20__3__AprSCRAPPER__4_2025-04-04.csv | Folder: E:\\EmailTool-V2\Barzaan\email_creator_app\files\automatic_emails_format_created
2025-12-26 00:22:27,582 | INFO | 📊 Current database size: 169276 companies
2025-12-26 00:22:27,582 | INFO | 📄 Found file: E:\\EmailTool-V2\Barzaan\email_creator_app\files\automatic_emails_format_created\Batch4_8__3__AprSCRAPPER__0_2025-04-04.csv
2025-12-26 00:22:27,660 | INFO | ✅ Added patterns | File: Batch4_8__3__AprSCRAPPER__0_2025-04-04.csv | Folder: E:\\EmailTool-V2\Barzaan\email_creator_app\files\automatic_emails_format_created
2025-12-26 00:22:27,660 | INFO | 📊 Current database size: 169276 companies
2025-12-26 00:22:27,660 | INFO | 📄 Found file: E:\\EmailTool-V2\Barzaan\email_creator_app\files\automatic_emails_format_created\Batch4_8__3__AprSCRAPPER__1_2025-04-04.csv
2025-12-26 00:22:27,745 | INFO | ✅ Added patterns | File: Batch4_8__3__AprSCRAPPER__1_2025-04-04.csv | Folder: E:\\EmailTool-V2\Barzaan\email_creator_app\files\automatic_emails_format_created
2025-12-26 00:22:27,746 | INFO | 📊 Current database size: 169276 companies
2025-12-26 00:22:27,746 | INFO | 📄 Found file: E:\\EmailTool-V2\Barzaan\email_creator_app\files\automatic_emails_format_created\Batch_0_10000_google__2025-04-09.csv
2025-12-26 00:22:27,860 | INFO | ✅ Added patterns | File: Batch_0_10000_google__2025-04-09.csv | Folder: E:\\EmailTool-V2\Barzaan\email_creator_app\files\automatic_emails_format_created
2025-12-26 00:22:27,860 | INFO | 📊 Current database size: 169276 companies
2025-12-26 00:22:27,860 | INFO | 📄 Found file: E:\\EmailTool-V2\Barzaan\email_creator_app\files\automatic_emails_format_created\Batch_0_10000_google__2025-05-15.csv
2025-12-26 00:22:27,977 | INFO | ✅ Added patterns | File: Batch_0_10000_google__2025-05-15.csv | Folder: E:\\EmailTool-V2\Barzaan\email_creator_app\files\automatic_emails_format_created
2025-12-26 00:22:27,977 | INFO | 📊 Current database size: 169276 companies
2025-12-26 00:22:27,977 | INFO | 📄 Found file: E:\\EmailTool-V2\Barzaan\email_creator_app\files\automatic_emails_format_created\Batch_0_10_google__2025-04-07.csv
2025-12-26 00:22:28,061 | INFO | ✅ Added patterns | File: Batch_0_10_google__2025-04-07.csv | Folder: E:\\EmailTool-V2\Barzaan\email_creator_app\files\automatic_emails_format_created
2025-12-26 00:22:28,061 | INFO | 📊 Current database size: 169276 companies
2025-12-26 00:22:28,061 | INFO | 📄 Found file: E:\\EmailTool-V2\Barzaan\email_creator_app\files\automatic_emails_format_created\Batch_0_10_google__3_2025-04-07_final_file.csv
2025-12-26 00:22:28,146 | INFO | ✅ Added patterns | File: Batch_0_10_google__3_2025-04-07_final_file.csv | Folder: E:\\EmailTool-V2\Barzaan\email_creator_app\files\automatic_emails_format_created
2025-12-26 00:22:28,147 | INFO | 📊 Current database size: 169276 companies
2025-12-26 00:22:28,147 | INFO | 📄 Found file: E:\\EmailTool-V2\Barzaan\email_creator_app\files\automatic_emails_format_created\Batch_0_2000_google__2025-04-08.csv
2025-12-26 00:22:28,245 | INFO | ✅ Added patterns | File: Batch_0_2000_google__2025-04-08.csv | Folder: E:\\EmailTool-V2\Barzaan\email_creator_app\files\automatic_emails_format_created
2025-12-26 00:22:28,245 | INFO | 📊 Current database size: 169276 companies
2025-12-26 00:22:28,245 | INFO | 📄 Found file: E:\\EmailTool-V2\Barzaan\email_creator_app\files\automatic_emails_format_created\Batch_0_2500_google__2025-04-04.csv
2025-12-26 00:22:28,348 | INFO | ✅ Added patterns | File: Batch_0_2500_google__2025-04-04.csv | Folder: E:\\EmailTool-V2\Barzaan\email_creator_app\files\automatic_emails_format_created
2025-12-26 00:22:28,348 | INFO | 📊 Current database size: 169276 companies
2025-12-26 00:22:28,348 | INFO | 📄 Found file: E:\\EmailTool-V2\Barzaan\email_creator_app\files\automatic_emails_format_created\Batch_0_2500_google__2025-04-05.csv
2025-12-26 00:22:28,447 | INFO | ✅ Added patterns | File: Batch_0_2500_google__2025-04-05.csv | Folder: E:\\EmailTool-V2\Barzaan\email_creator_app\files\automatic_emails_format_created
2025-12-26 00:22:28,448 | INFO | 📊 Current database size: 169276 companies
2025-12-26 00:22:28,448 | INFO | 📄 Found file: E:\\EmailTool-V2\Barzaan\email_creator_app\files\automatic_emails_format_created\Batch_0_2500_google__2025-04-06.csv
2025-12-26 00:22:28,565 | INFO | ✅ Added patterns | File: Batch_0_2500_google__2025-04-06.csv | Folder: E:\\EmailTool-V2\Barzaan\email_creator_app\files\automatic_emails_format_created
2025-12-26 00:22:28,565 | INFO | 📊 Current database size: 169276 companies
2025-12-26 00:22:28,565 | INFO | 📄 Found file: E:\\EmailTool-V2\Barzaan\email_creator_app\files\automatic_emails_format_created\Batch_0_2500_google__28_2025-04-05_final_file.csv
2025-12-26 00:22:28,663 | INFO | ✅ Added patterns | File: Batch_0_2500_google__28_2025-04-05_final_file.csv | Folder: E:\\EmailTool-V2\Barzaan\email_creator_app\files\automatic_emails_format_created
2025-12-26 00:22:28,663 | INFO | 📊 Current database size: 169276 companies
2025-12-26 00:22:28,663 | INFO | 📄 Found file: E:\\EmailTool-V2\Barzaan\email_creator_app\files\automatic_emails_format_created\Batch_0_2500_google__28_2025-04-06_final_file.csv
2025-12-26 00:22:28,770 | INFO | ✅ Added patterns | File: Batch_0_2500_google__28_2025-04-06_final_file.csv | Folder: E:\\EmailTool-V2\Barzaan\email_creator_app\files\automatic_emails_format_created
2025-12-26 00:22:28,772 | INFO | 📊 Current database size: 169276 companies
2025-12-26 00:22:28,772 | INFO | 📄 Found file: E:\\EmailTool-V2\Barzaan\email_creator_app\files\automatic_emails_format_created\Batch_0_5866_google__2025-04-08.csv
2025-12-26 00:22:28,889 | INFO | ✅ Added patterns | File: Batch_0_5866_google__2025-04-08.csv | Folder: E:\\EmailTool-V2\Barzaan\email_creator_app\files\automatic_emails_format_created
2025-12-26 00:22:28,889 | INFO | 📊 Current database size: 169276 companies
2025-12-26 00:22:28,889 | INFO | 📄 Found file: E:\\EmailTool-V2\Barzaan\email_creator_app\files\automatic_emails_format_created\Batch_0_60_google__2025-04-07.csv
2025-12-26 00:22:29,018 | INFO | ✅ Added patterns | File: Batch_0_60_google__2025-04-07.csv | Folder: E:\\EmailTool-V2\Barzaan\email_creator_app\files\automatic_emails_format_created
2025-12-26 00:22:29,018 | INFO | 📊 Current database size: 169276 companies
2025-12-26 00:22:29,018 | INFO | 📄 Found file: E:\\EmailTool-V2\Barzaan\email_creator_app\files\automatic_emails_format_created\Batch_0_6937_google__2025-04-08 - Copy.csv
2025-12-26 00:22:29,125 | INFO | ✅ Added patterns | File: Batch_0_6937_google__2025-04-08 - Copy.csv | Folder: E:\\EmailTool-V2\Barzaan\email_creator_app\files\automatic_emails_format_created
2025-12-26 00:22:29,125 | INFO | 📊 Current database size: 169276 companies
2025-12-26 00:22:29,125 | INFO | 📄 Found file: E:\\EmailTool-V2\Barzaan\email_creator_app\files\automatic_emails_format_created\Batch_0_6937_google__2025-04-08.csv
2025-12-26 00:22:29,215 | INFO | ✅ Added patterns | File: Batch_0_6937_google__2025-04-08.csv | Folder: E:\\EmailTool-V2\Barzaan\email_creator_app\files\automatic_emails_format_created
2025-12-26 00:22:29,215 | INFO | 📊 Current database size: 169276 companies
2025-12-26 00:22:29,215 | INFO | 📄 Found file: E:\\EmailTool-V2\Barzaan\email_creator_app\files\automatic_emails_format_created\Batch_0_6943_google__2025-04-08.csv
2025-12-26 00:22:29,307 | INFO | ✅ Added patterns | File: Batch_0_6943_google__2025-04-08.csv | Folder: E:\\EmailTool-V2\Barzaan\email_creator_app\files\automatic_emails_format_created
2025-12-26 00:22:29,307 | INFO | 📊 Current database size: 169276 companies
2025-12-26 00:22:29,309 | INFO | 📄 Found file: E:\\EmailTool-V2\Barzaan\email_creator_app\files\automatic_emails_format_created\Batch_0_6951_google__2025-04-08.csv
2025-12-26 00:22:29,382 | INFO | ✅ Added patterns | File: Batch_0_6951_google__2025-04-08.csv | Folder: E:\\EmailTool-V2\Barzaan\email_creator_app\files\automatic_emails_format_created
2025-12-26 00:22:29,382 | INFO | 📊 Current database size: 169276 companies
2025-12-26 00:22:29,382 | INFO | 📄 Found file: E:\\EmailTool-V2\Barzaan\email_creator_app\files\automatic_emails_format_created\Batch_0_6955_google__2025-04-08.csv
2025-12-26 00:22:29,468 | INFO | ✅ Added patterns | File: Batch_0_6955_google__2025-04-08.csv | Folder: E:\\EmailTool-V2\Barzaan\email_creator_app\files\automatic_emails_format_created
2025-12-26 00:22:29,468 | INFO | 📊 Current database size: 169276 companies
2025-12-26 00:22:29,468 | INFO | 📄 Found file: E:\\EmailTool-V2\Barzaan\email_creator_app\files\automatic_emails_format_created\Batch_0_80_google__2025-04-04.csv
2025-12-26 00:22:29,568 | INFO | ✅ Added patterns | File: Batch_0_80_google__2025-04-04.csv | Folder: E:\\EmailTool-V2\Barzaan\email_creator_app\files\automatic_emails_format_created
2025-12-26 00:22:29,568 | INFO | 📊 Current database size: 169276 companies
2025-12-26 00:22:29,568 | INFO | 📄 Found file: E:\\EmailTool-V2\Barzaan\email_creator_app\files\automatic_emails_format_created\Batch_0_80_google__3_2025-04-04_final_file.csv
2025-12-26 00:22:29,650 | INFO | ✅ Added patterns | File: Batch_0_80_google__3_2025-04-04_final_file.csv | Folder: E:\\EmailTool-V2\Barzaan\email_creator_app\files\automatic_emails_format_created
2025-12-26 00:22:29,650 | INFO | 📊 Current database size: 169276 companies
2025-12-26 00:22:29,650 | INFO | 📄 Found file: E:\\EmailTool-V2\Barzaan\email_creator_app\files\automatic_emails_format_created\Batch_10_15_google__2025-04-08.csv
2025-12-26 00:22:29,733 | INFO | ✅ Added patterns | File: Batch_10_15_google__2025-04-08.csv | Folder: E:\\EmailTool-V2\Barzaan\email_creator_app\files\automatic_emails_format_created
2025-12-26 00:22:29,733 | INFO | 📊 Current database size: 169276 companies
2025-12-26 00:22:29,733 | INFO | 📄 Found file: E:\\EmailTool-V2\Barzaan\email_creator_app\files\automatic_emails_format_created\Batch_10_15_google__2_2025-04-08_final_file.csv
2025-12-26 00:22:29,819 | INFO | ✅ Added patterns | File: Batch_10_15_google__2_2025-04-08_final_file.csv | Folder: E:\\EmailTool-V2\Barzaan\email_creator_app\files\automatic_emails_format_created
2025-12-26 00:22:29,819 | INFO | 📊 Current database size: 169276 companies
2025-12-26 00:22:29,821 | INFO | 📄 Found file: E:\\EmailTool-V2\Barzaan\email_creator_app\files\automatic_emails_format_created\Batch_10_20_google__2025-04-07.csv
2025-12-26 00:22:29,909 | INFO | ✅ Added patterns | File: Batch_10_20_google__2025-04-07.csv | Folder: E:\\EmailTool-V2\Barzaan\email_creator_app\files\automatic_emails_format_created
2025-12-26 00:22:29,909 | INFO | 📊 Current database size: 169276 companies
2025-12-26 00:22:29,909 | INFO | 📄 Found file: E:\\EmailTool-V2\Barzaan\email_creator_app\files\automatic_emails_format_created\Batch_2500_5000_google__2025-04-05.csv
2025-12-26 00:22:30,009 | INFO | ✅ Added patterns | File: Batch_2500_5000_google__2025-04-05.csv | Folder: E:\\EmailTool-V2\Barzaan\email_creator_app\files\automatic_emails_format_created
2025-12-26 00:22:30,011 | INFO | 📊 Current database size: 169276 companies
2025-12-26 00:22:30,011 | INFO | 📄 Found file: E:\\EmailTool-V2\Barzaan\email_creator_app\files\automatic_emails_format_created\Batch_2500_5000_google__2025-04-06.csv
2025-12-26 00:22:30,101 | INFO | ✅ Added patterns | File: Batch_2500_5000_google__2025-04-06.csv | Folder: E:\\EmailTool-V2\Barzaan\email_creator_app\files\automatic_emails_format_created
2025-12-26 00:22:30,101 | INFO | 📊 Current database size: 169276 companies
2025-12-26 00:22:30,101 | INFO | 📄 Found file: E:\\EmailTool-V2\Barzaan\email_creator_app\files\automatic_emails_format_created\Batch_2500_5000_google__2025-04-07.csv
2025-12-26 00:22:30,214 | INFO | ✅ Added patterns | File: Batch_2500_5000_google__2025-04-07.csv | Folder: E:\\EmailTool-V2\Barzaan\email_creator_app\files\automatic_emails_format_created
2025-12-26 00:22:30,214 | INFO | 📊 Current database size: 169276 companies
2025-12-26 00:22:30,214 | INFO | 📄 Found file: E:\\EmailTool-V2\Barzaan\email_creator_app\files\automatic_emails_format_created\Batch_2500_5000_google__28_2025-04-07_final_file.csv
2025-12-26 00:22:30,306 | INFO | ✅ Added patterns | File: Batch_2500_5000_google__28_2025-04-07_final_file.csv | Folder: E:\\EmailTool-V2\Barzaan\email_creator_app\files\automatic_emails_format_created
2025-12-26 00:22:30,306 | INFO | 📊 Current database size: 169276 companies
2025-12-26 00:22:30,306 | INFO | 📄 Found file: E:\\EmailTool-V2\Barzaan\email_creator_app\files\automatic_emails_format_created\Batch_5000_7500_google__2025-04-07.csv
2025-12-26 00:22:30,419 | INFO | ✅ Added patterns | File: Batch_5000_7500_google__2025-04-07.csv | Folder: E:\\EmailTool-V2\Barzaan\email_creator_app\files\automatic_emails_format_created
2025-12-26 00:22:30,419 | INFO | 📊 Current database size: 169276 companies
2025-12-26 00:22:30,419 | INFO | 📄 Found file: E:\\EmailTool-V2\Barzaan\email_creator_app\files\automatic_emails_format_created\Batch_5_10_google__2025-04-08.csv
2025-12-26 00:22:30,538 | INFO | ✅ Added patterns | File: Batch_5_10_google__2025-04-08.csv | Folder: E:\\EmailTool-V2\Barzaan\email_creator_app\files\automatic_emails_format_created
2025-12-26 00:22:30,538 | INFO | 📊 Current database size: 169276 companies
2025-12-26 00:22:30,538 | INFO | 📄 Found file: E:\\EmailTool-V2\Barzaan\email_creator_app\files\automatic_emails_format_created\Batch_5_10_google__2_2025-04-08_final_file.csv
2025-12-26 00:22:30,622 | INFO | ✅ Added patterns | File: Batch_5_10_google__2_2025-04-08_final_file.csv | Folder: E:\\EmailTool-V2\Barzaan\email_creator_app\files\automatic_emails_format_created
2025-12-26 00:22:30,623 | INFO | 📊 Current database size: 169276 companies
2025-12-26 00:22:30,624 | INFO | 📄 Found file: E:\\EmailTool-V2\Barzaan\email_creator_app\files\automatic_emails_format_created\Batch_80_160_google__2025-04-04.csv
2025-12-26 00:22:30,706 | INFO | ✅ Added patterns | File: Batch_80_160_google__2025-04-04.csv | Folder: E:\\EmailTool-V2\Barzaan\email_creator_app\files\automatic_emails_format_created
2025-12-26 00:22:30,706 | INFO | 📊 Current database size: 169276 companies
2025-12-26 00:22:30,706 | INFO | 📄 Found file: E:\\EmailTool-V2\Barzaan\email_creator_app\files\automatic_emails_format_created\Batch_80_160_google__3_2025-04-04_final_file.csv
2025-12-26 00:22:30,791 | INFO | ✅ Added patterns | File: Batch_80_160_google__3_2025-04-04_final_file.csv | Folder: E:\\EmailTool-V2\Barzaan\email_creator_app\files\automatic_emails_format_created
2025-12-26 00:22:30,791 | INFO | 📊 Current database size: 169276 companies
2025-12-26 00:22:30,791 | INFO | 📄 Found file: E:\\EmailTool-V2\Barzaan\email_creator_app\files\automatic_emails_format_created\CA-ND-8Jul-For creation_missing_file.csv
2025-12-26 00:22:31,013 | INFO | ✅ Added patterns | File: CA-ND-8Jul-For creation_missing_file.csv | Folder: E:\\EmailTool-V2\Barzaan\email_creator_app\files\automatic_emails_format_created
2025-12-26 00:22:31,013 | INFO | 📊 Current database size: 169276 companies
2025-12-26 00:22:31,013 | INFO | 📄 Found file: E:\\EmailTool-V2\Barzaan\email_creator_app\files\automatic_emails_format_created\CA-ND-8Jul-For creation_missing_missing_file.csv
2025-12-26 00:22:31,102 | INFO | ✅ Added patterns | File: CA-ND-8Jul-For creation_missing_missing_file.csv | Folder: E:\\EmailTool-V2\Barzaan\email_creator_app\files\automatic_emails_format_created
2025-12-26 00:22:31,104 | INFO | 📊 Current database size: 169276 companies
2025-12-26 00:22:31,104 | INFO | 📄 Found file: E:\\EmailTool-V2\Barzaan\email_creator_app\files\automatic_emails_format_created\CA-ND-8Jul-For creation_missing_new_tool_missing_file.csv
2025-12-26 00:22:31,519 | INFO | ✅ Added patterns | File: CA-ND-8Jul-For creation_missing_new_tool_missing_file.csv | Folder: E:\\EmailTool-V2\Barzaan\email_creator_app\files\automatic_emails_format_created
2025-12-26 00:22:31,521 | INFO | 📊 Current database size: 169276 companies
2025-12-26 00:22:31,523 | INFO | 📄 Found file: E:\\EmailTool-V2\Barzaan\email_creator_app\files\automatic_emails_format_created\CA-ND-8Jul-For creation__new_tool_missing_file.csv
2025-12-26 00:22:31,609 | INFO | ✅ Added patterns | File: CA-ND-8Jul-For creation__new_tool_missing_file.csv | Folder: E:\\EmailTool-V2\Barzaan\email_creator_app\files\automatic_emails_format_created
2025-12-26 00:22:31,609 | INFO | 📊 Current database size: 169276 companies
2025-12-26 00:22:31,609 | INFO | 📄 Found file: E:\\EmailTool-V2\Barzaan\email_creator_app\files\automatic_emails_format_created\Canada-ND-21Aug-For Creation_missing_file.csv
2025-12-26 00:22:32,125 | INFO | ✅ Added patterns | File: Canada-ND-21Aug-For Creation_missing_file.csv | Folder: E:\\EmailTool-V2\Barzaan\email_creator_app\files\automatic_emails_format_created
2025-12-26 00:22:32,125 | INFO | 📊 Current database size: 169276 companies
2025-12-26 00:22:32,125 | INFO | 📄 Found file: E:\\EmailTool-V2\Barzaan\email_creator_app\files\automatic_emails_format_created\Canada-ND-28Aug-For Creation_missing_file.csv
2025-12-26 00:22:32,666 | INFO | ✅ Added patterns | File: Canada-ND-28Aug-For Creation_missing_file.csv | Folder: E:\\EmailTool-V2\Barzaan\email_creator_app\files\automatic_emails_format_created
2025-12-26 00:22:32,666 | INFO | 📊 Current database size: 169276 companies
2025-12-26 00:22:32,666 | INFO | 📄 Found file: E:\\EmailTool-V2\Barzaan\email_creator_app\files\automatic_emails_format_created\combined_unique.csv
2025-12-26 00:22:32,794 | INFO | ✅ Added patterns | File: combined_unique.csv | Folder: E:\\EmailTool-V2\Barzaan\email_creator_app\files\automatic_emails_format_created
2025-12-26 00:22:32,794 | INFO | 📊 Current database size: 169276 companies
2025-12-26 00:22:32,794 | INFO | 📄 Found file: E:\\EmailTool-V2\Barzaan\email_creator_app\files\automatic_emails_format_created\EW-City-ND-24Ma_3apr_generated_emails_output.csv
2025-12-26 00:22:33,417 | INFO | ✅ Added patterns | File: EW-City-ND-24Ma_3apr_generated_emails_output.csv | Folder: E:\\EmailTool-V2\Barzaan\email_creator_app\files\automatic_emails_format_created
2025-12-26 00:22:33,417 | INFO | 📊 Current database size: 169295 companies
2025-12-26 00:22:33,417 | INFO | 📄 Found file: E:\\EmailTool-V2\Barzaan\email_creator_app\files\automatic_emails_format_created\EW-City-ND-24Ma_Missing_file2025-03-24 16-38-22_file.csv
2025-12-26 00:22:33,574 | INFO | ✅ Added patterns | File: EW-City-ND-24Ma_Missing_file2025-03-24 16-38-22_file.csv | Folder: E:\\EmailTool-V2\Barzaan\email_creator_app\files\automatic_emails_format_created
2025-12-26 00:22:33,574 | INFO | 📊 Current database size: 169295 companies
2025-12-26 00:22:33,574 | INFO | 📄 Found file: E:\\EmailTool-V2\Barzaan\email_creator_app\files\automatic_emails_format_created\EW-City-ND_missing_file_5April_generated_emails_output.csv
2025-12-26 00:22:35,954 | INFO | ✅ Added patterns | File: EW-City-ND_missing_file_5April_generated_emails_output.csv | Folder: E:\\EmailTool-V2\Barzaan\email_creator_app\files\automatic_emails_format_created
2025-12-26 00:22:35,955 | INFO | 📊 Current database size: 170767 companies
2025-12-26 00:22:35,955 | INFO | 📄 Found file: E:\\EmailTool-V2\Barzaan\email_creator_app\files\automatic_emails_format_created\EW-ND-16Jun-For creation_July 3, 2025_new_tool_missing_new_tool_missing_file.csv
2025-12-26 00:22:36,110 | INFO | ✅ Added patterns | File: EW-ND-16Jun-For creation_July 3, 2025_new_tool_missing_new_tool_missing_file.csv | Folder: E:\\EmailTool-V2\Barzaan\email_creator_app\files\automatic_emails_format_created
2025-12-26 00:22:36,110 | INFO | 📊 Current database size: 170767 companies
2025-12-26 00:22:36,112 | INFO | 📄 Found file: E:\\EmailTool-V2\Barzaan\email_creator_app\files\automatic_emails_format_created\EW-ND-16Jun-For creation_June 29, 2025_file.csv
2025-12-26 00:22:36,254 | INFO | ✅ Added patterns | File: EW-ND-16Jun-For creation_June 29, 2025_file.csv | Folder: E:\\EmailTool-V2\Barzaan\email_creator_app\files\automatic_emails_format_created
2025-12-26 00:22:36,255 | INFO | 📊 Current database size: 170767 companies
2025-12-26 00:22:36,256 | INFO | 📄 Found file: E:\\EmailTool-V2\Barzaan\email_creator_app\files\automatic_emails_format_created\EW-ND-16Jun-For creation_June 30, 2025_new_tool_missing_file.csv
2025-12-26 00:22:36,400 | INFO | ✅ Added patterns | File: EW-ND-16Jun-For creation_June 30, 2025_new_tool_missing_file.csv | Folder: E:\\EmailTool-V2\Barzaan\email_creator_app\files\automatic_emails_format_created
2025-12-26 00:22:36,402 | INFO | 📊 Current database size: 170767 companies
2025-12-26 00:22:36,402 | INFO | 📄 Found file: E:\\EmailTool-V2\Barzaan\email_creator_app\files\automatic_emails_format_created\EW-ND-16Jun-For creation_missing_file.csv
2025-12-26 00:22:37,143 | INFO | ✅ Added patterns | File: EW-ND-16Jun-For creation_missing_file.csv | Folder: E:\\EmailTool-V2\Barzaan\email_creator_app\files\automatic_emails_format_created
2025-12-26 00:22:37,143 | INFO | 📊 Current database size: 170767 companies
2025-12-26 00:22:37,143 | INFO | 📄 Found file: E:\\EmailTool-V2\Barzaan\email_creator_app\files\automatic_emails_format_created\EW-ND-16Jun-For creation_missing_new_tool_missing_file.csv
2025-12-26 00:22:37,256 | INFO | ✅ Added patterns | File: EW-ND-16Jun-For creation_missing_new_tool_missing_file.csv | Folder: E:\\EmailTool-V2\Barzaan\email_creator_app\files\automatic_emails_format_created
2025-12-26 00:22:37,258 | INFO | 📊 Current database size: 170767 companies
2025-12-26 00:22:37,259 | INFO | 📄 Found file: E:\\EmailTool-V2\Barzaan\email_creator_app\files\automatic_emails_format_created\EW-ND-16Jun-For creation_missing_new_tool_missing_new_tool_missing_file.csv
2025-12-26 00:22:37,433 | INFO | ✅ Added patterns | File: EW-ND-16Jun-For creation_missing_new_tool_missing_new_tool_missing_file.csv | Folder: E:\\EmailTool-V2\Barzaan\email_creator_app\files\automatic_emails_format_created
2025-12-26 00:22:37,433 | INFO | 📊 Current database size: 170767 companies
2025-12-26 00:22:37,435 | INFO | 📄 Found file: E:\\EmailTool-V2\Barzaan\email_creator_app\files\automatic_emails_format_created\EW-ND-16Jun-For creation_missing_new_tool_missing_new_tool_missing_new_tool_missing_file.csv
2025-12-26 00:22:37,663 | INFO | ✅ Added patterns | File: EW-ND-16Jun-For creation_missing_new_tool_missing_new_tool_missing_new_tool_missing_file.csv | Folder: E:\\EmailTool-V2\Barzaan\email_creator_app\files\automatic_emails_format_created
2025-12-26 00:22:37,663 | INFO | 📊 Current database size: 170767 companies
2025-12-26 00:22:37,665 | INFO | 📄 Found file: E:\\EmailTool-V2\Barzaan\email_creator_app\files\automatic_emails_format_created\EW-ND-28Apr-For_Missing_file2025-04-28 12-25-26_file.csv
2025-12-26 00:22:37,979 | INFO | ✅ Added patterns | File: EW-ND-28Apr-For_Missing_file2025-04-28 12-25-26_file.csv | Folder: E:\\EmailTool-V2\Barzaan\email_creator_app\files\automatic_emails_format_created
2025-12-26 00:22:37,979 | INFO | 📊 Current database size: 170767 companies
2025-12-26 00:22:37,979 | INFO | 📄 Found file: E:\\EmailTool-V2\Barzaan\email_creator_app\files\automatic_emails_format_created\EW-ND-30Jun-For creation_missing_file.csv
2025-12-26 00:22:38,380 | INFO | ✅ Added patterns | File: EW-ND-30Jun-For creation_missing_file.csv | Folder: E:\\EmailTool-V2\Barzaan\email_creator_app\files\automatic_emails_format_created
2025-12-26 00:22:38,380 | INFO | 📊 Current database size: 170767 companies
2025-12-26 00:22:38,390 | INFO | 📄 Found file: E:\\EmailTool-V2\Barzaan\email_creator_app\files\automatic_emails_format_created\Formatted_file__Missing_13june_file.csv
2025-12-26 00:22:38,836 | INFO | ✅ Added patterns | File: Formatted_file__Missing_13june_file.csv | Folder: E:\\EmailTool-V2\Barzaan\email_creator_app\files\automatic_emails_format_created
2025-12-26 00:22:38,836 | INFO | 📊 Current database size: 170767 companies
2025-12-26 00:22:38,836 | INFO | 📄 Found file: E:\\EmailTool-V2\Barzaan\email_creator_app\files\automatic_emails_format_created\Formatted_file__Missing_13june_new_tool_missing_file.csv
2025-12-26 00:22:38,935 | INFO | ✅ Added patterns | File: Formatted_file__Missing_13june_new_tool_missing_file.csv | Folder: E:\\EmailTool-V2\Barzaan\email_creator_app\files\automatic_emails_format_created
2025-12-26 00:22:38,935 | INFO | 📊 Current database size: 170767 companies
2025-12-26 00:22:38,935 | INFO | 📄 Found file: E:\\EmailTool-V2\Barzaan\email_creator_app\files\automatic_emails_format_created\Missin Canada file_file.csv
2025-12-26 00:22:39,076 | INFO | ✅ Added patterns | File: Missin Canada file_file.csv | Folder: E:\\EmailTool-V2\Barzaan\email_creator_app\files\automatic_emails_format_created
2025-12-26 00:22:39,078 | INFO | 📊 Current database size: 170767 companies
2025-12-26 00:22:39,078 | INFO | 📄 Found file: E:\\EmailTool-V2\Barzaan\email_creator_app\files\automatic_emails_format_created\US-ND-19Aug-For Creation_missing_file.csv
2025-12-26 00:22:39,872 | INFO | ✅ Added patterns | File: US-ND-19Aug-For Creation_missing_file.csv | Folder: E:\\EmailTool-V2\Barzaan\email_creator_app\files\automatic_emails_format_created
2025-12-26 00:22:39,872 | INFO | 📊 Current database size: 170767 companies
2025-12-26 00:22:39,872 | INFO | 📄 Found file: E:\\EmailTool-V2\Barzaan\email_creator_app\files\automatic_emails_format_created\US-ND-21Jul-For creation_missing_file.csv
2025-12-26 00:22:40,254 | INFO | ✅ Added patterns | File: US-ND-21Jul-For creation_missing_file.csv | Folder: E:\\EmailTool-V2\Barzaan\email_creator_app\files\automatic_emails_format_created
2025-12-26 00:22:40,254 | INFO | 📊 Current database size: 170767 companies
2025-12-26 00:22:40,254 | INFO | 📄 Found file: E:\\EmailTool-V2\Barzaan\email_creator_app\files\automatic_emails_format_created\US-ND-8Aug-For Creation_missing_file.csv
2025-12-26 00:22:40,862 | INFO | ✅ Added patterns | File: US-ND-8Aug-For Creation_missing_file.csv | Folder: E:\\EmailTool-V2\Barzaan\email_creator_app\files\automatic_emails_format_created
2025-12-26 00:22:40,862 | INFO | 📊 Current database size: 170767 companies
2025-12-26 00:22:40,862 | INFO | 📄 Found file: E:\\EmailTool-V2\Barzaan\email_creator_app\files\automatic_emails_format_created\USA-ND-28Aug-For Creation_missing_file.csv
2025-12-26 00:22:41,044 | INFO | ✅ Added patterns | File: USA-ND-28Aug-For Creation_missing_file.csv | Folder: E:\\EmailTool-V2\Barzaan\email_creator_app\files\automatic_emails_format_created
2025-12-26 00:22:41,044 | INFO | 📊 Current database size: 170767 companies
2025-12-26 00:22:41,045 | INFO | 📄 Found file: E:\\EmailTool-V2\Barzaan\email_creator_app\files\automatic_emails_format_created\USA-ND-PMP-11Aug-For Creation_missing_file.csv
2025-12-26 00:22:41,511 | INFO | ✅ Added patterns | File: USA-ND-PMP-11Aug-For Creation_missing_file.csv | Folder: E:\\EmailTool-V2\Barzaan\email_creator_app\files\automatic_emails_format_created
2025-12-26 00:22:41,511 | INFO | 📊 Current database size: 170767 companies
2025-12-26 00:22:41,575 | INFO | 📄 Found file: E:\\EmailTool-V2\Barzaan\email_creator_app\files\created_emails\9L May 31 Formatted File_old_tool_output.csv
2025-12-26 00:23:31,116 | INFO | ✅ Added patterns | File: 9L May 31 Formatted File_old_tool_output.csv | Folder: E:\\EmailTool-V2\Barzaan\email_creator_app\files\created_emails
2025-12-26 00:23:31,116 | INFO | 📊 Current database size: 246378 companies
2025-12-26 00:23:31,116 | INFO | 📄 Found file: E:\\EmailTool-V2\Barzaan\email_creator_app\files\created_emails\9L May 31 Formatted File_old_tool_output_new_tool_output.csv
2025-12-26 00:23:51,589 | INFO | ✅ Added patterns | File: 9L May 31 Formatted File_old_tool_output_new_tool_output.csv | Folder: E:\\EmailTool-V2\Barzaan\email_creator_app\files\created_emails
2025-12-26 00:23:51,589 | INFO | 📊 Current database size: 246379 companies
2025-12-26 00:23:51,590 | INFO | 📄 Found file: E:\\EmailTool-V2\Barzaan\email_creator_app\files\created_emails\Austin, Tx seggrigation_1_output.csv
2025-12-26 00:23:57,525 | INFO | ✅ Added patterns | File: Austin, Tx seggrigation_1_output.csv | Folder: E:\\EmailTool-V2\Barzaan\email_creator_app\files\created_emails
2025-12-26 00:23:57,525 | INFO | 📊 Current database size: 246379 companies
2025-12-26 00:23:57,525 | INFO | 📄 Found file: E:\\EmailTool-V2\Barzaan\email_creator_app\files\created_emails\Baltimore, MD-PMP-109446_missing_output -may be wring.csv
2025-12-26 00:24:04,249 | INFO | ✅ Added patterns | File: Baltimore, MD-PMP-109446_missing_output -may be wring.csv | Folder: E:\\EmailTool-V2\Barzaan\email_creator_app\files\created_emails
2025-12-26 00:24:04,249 | INFO | 📊 Current database size: 246383 companies
2025-12-26 00:24:04,249 | INFO | 📄 Found file: E:\\EmailTool-V2\Barzaan\email_creator_app\files\created_emails\Baltimore, MD-PMP-109446_missing_output.csv
2025-12-26 00:24:12,026 | INFO | ✅ Added patterns | File: Baltimore, MD-PMP-109446_missing_output.csv | Folder: E:\\EmailTool-V2\Barzaan\email_creator_app\files\created_emails
2025-12-26 00:24:12,026 | INFO | 📊 Current database size: 246384 companies
2025-12-26 00:24:12,026 | INFO | 📄 Found file: E:\\EmailTool-V2\Barzaan\email_creator_app\files\created_emails\Boise, ID Seggrigation 2018_output.csv
2025-12-26 00:24:13,715 | INFO | ✅ Added patterns | File: Boise, ID Seggrigation 2018_output.csv | Folder: E:\\EmailTool-V2\Barzaan\email_creator_app\files\created_emails
2025-12-26 00:24:13,715 | INFO | 📊 Current database size: 246384 companies
2025-12-26 00:24:13,715 | INFO | 📄 Found file: E:\\EmailTool-V2\Barzaan\email_creator_app\files\created_emails\CA-ND-8Jul-For creation_missing_new_tool_missing_new_tool_output.csv
2025-12-26 00:24:15,407 | INFO | ✅ Added patterns | File: CA-ND-8Jul-For creation_missing_new_tool_missing_new_tool_output.csv | Folder: E:\\EmailTool-V2\Barzaan\email_creator_app\files\created_emails
2025-12-26 00:24:15,407 | INFO | 📊 Current database size: 253389 companies
2025-12-26 00:24:15,407 | INFO | 📄 Found file: E:\\EmailTool-V2\Barzaan\email_creator_app\files\created_emails\CA-ND-8Jul-For creation_missing_new_tool_output.csv
2025-12-26 00:24:15,522 | INFO | ✅ Added patterns | File: CA-ND-8Jul-For creation_missing_new_tool_output.csv | Folder: E:\\EmailTool-V2\Barzaan\email_creator_app\files\created_emails
2025-12-26 00:24:15,522 | INFO | 📊 Current database size: 253389 companies
2025-12-26 00:24:15,522 | INFO | 📄 Found file: E:\\EmailTool-V2\Barzaan\email_creator_app\files\created_emails\CA-ND-8Jul-For creation_missing_old_tool_output.csv
2025-12-26 00:24:17,324 | INFO | ✅ Added patterns | File: CA-ND-8Jul-For creation_missing_old_tool_output.csv | Folder: E:\\EmailTool-V2\Barzaan\email_creator_app\files\created_emails
2025-12-26 00:24:17,326 | INFO | 📊 Current database size: 253991 companies
2025-12-26 00:24:17,326 | INFO | 📄 Found file: E:\\EmailTool-V2\Barzaan\email_creator_app\files\created_emails\CA-ND-8Jul-For creation_new_tool_output.csv
2025-12-26 00:24:19,588 | INFO | ✅ Added patterns | File: CA-ND-8Jul-For creation_new_tool_output.csv | Folder: E:\\EmailTool-V2\Barzaan\email_creator_app\files\created_emails
2025-12-26 00:24:19,588 | INFO | 📊 Current database size: 254318 companies
2025-12-26 00:24:19,588 | INFO | 📄 Found file: E:\\EmailTool-V2\Barzaan\email_creator_app\files\created_emails\CA-ND-8Jul-For creation_old_tool_output.csv
2025-12-26 00:24:23,550 | INFO | ✅ Added patterns | File: CA-ND-8Jul-For creation_old_tool_output.csv | Folder: E:\\EmailTool-V2\Barzaan\email_creator_app\files\created_emails
2025-12-26 00:24:23,550 | INFO | 📊 Current database size: 257333 companies
2025-12-26 00:24:23,550 | INFO | 📄 Found file: E:\\EmailTool-V2\Barzaan\email_creator_app\files\created_emails\Calgary, AB-174000_new_tool_missing_new_tool_output.csv
2025-12-26 00:24:31,895 | INFO | ✅ Added patterns | File: Calgary, AB-174000_new_tool_missing_new_tool_output.csv | Folder: E:\\EmailTool-V2\Barzaan\email_creator_app\files\created_emails
2025-12-26 00:24:31,895 | INFO | 📊 Current database size: 257394 companies
2025-12-26 00:24:31,895 | INFO | 📄 Found file: E:\\EmailTool-V2\Barzaan\email_creator_app\files\created_emails\Canada ND-23Sep- For creation_old_tool_output.csv
2025-12-26 00:24:41,262 | INFO | ✅ Added patterns | File: Canada ND-23Sep- For creation_old_tool_output.csv | Folder: E:\\EmailTool-V2\Barzaan\email_creator_app\files\created_emails
2025-12-26 00:24:41,262 | INFO | 📊 Current database size: 268198 companies
2025-12-26 00:24:41,262 | INFO | 📄 Found file: E:\\EmailTool-V2\Barzaan\email_creator_app\files\created_emails\Canada-ND-06Oct- For Creation_old_tool_output.csv
2025-12-26 00:24:50,199 | INFO | ✅ Added patterns | File: Canada-ND-06Oct- For Creation_old_tool_output.csv | Folder: E:\\EmailTool-V2\Barzaan\email_creator_app\files\created_emails
2025-12-26 00:24:50,199 | INFO | 📊 Current database size: 273813 companies
2025-12-26 00:24:50,199 | INFO | 📄 Found file: E:\\EmailTool-V2\Barzaan\email_creator_app\files\created_emails\Canada-ND-09Sep- For creation_old_tool_output.csv
2025-12-26 00:24:55,320 | INFO | ✅ Added patterns | File: Canada-ND-09Sep- For creation_old_tool_output.csv | Folder: E:\\EmailTool-V2\Barzaan\email_creator_app\files\created_emails
2025-12-26 00:24:55,320 | INFO | 📊 Current database size: 276073 companies
2025-12-26 00:24:55,320 | INFO | 📄 Found file: E:\\EmailTool-V2\Barzaan\email_creator_app\files\created_emails\Canada-ND-18nov-For Creation_old_tool_output.csv
2025-12-26 00:25:16,854 | INFO | ✅ Added patterns | File: Canada-ND-18nov-For Creation_old_tool_output.csv | Folder: E:\\EmailTool-V2\Barzaan\email_creator_app\files\created_emails
2025-12-26 00:25:16,854 | INFO | 📊 Current database size: 283477 companies
2025-12-26 00:25:16,854 | INFO | 📄 Found file: E:\\EmailTool-V2\Barzaan\email_creator_app\files\created_emails\Canada-ND-21Aug-For Creation_missing_new_tool_output.csv
2025-12-26 00:25:17,843 | INFO | ✅ Added patterns | File: Canada-ND-21Aug-For Creation_missing_new_tool_output.csv | Folder: E:\\EmailTool-V2\Barzaan\email_creator_app\files\created_emails
2025-12-26 00:25:17,843 | INFO | 📊 Current database size: 283480 companies
2025-12-26 00:25:17,843 | INFO | 📄 Found file: E:\\EmailTool-V2\Barzaan\email_creator_app\files\created_emails\Canada-ND-21Aug-For Creation_old_tool_output.csv
2025-12-26 00:25:21,985 | INFO | ✅ Added patterns | File: Canada-ND-21Aug-For Creation_old_tool_output.csv | Folder: E:\\EmailTool-V2\Barzaan\email_creator_app\files\created_emails
2025-12-26 00:25:21,985 | INFO | 📊 Current database size: 283679 companies
2025-12-26 00:25:21,988 | INFO | 📄 Found file: E:\\EmailTool-V2\Barzaan\email_creator_app\files\created_emails\Canada-ND-28Aug-For Creation_missing_new_tool_output.csv
2025-12-26 00:25:23,694 | INFO | ✅ Added patterns | File: Canada-ND-28Aug-For Creation_missing_new_tool_output.csv | Folder: E:\\EmailTool-V2\Barzaan\email_creator_app\files\created_emails
2025-12-26 00:25:23,694 | INFO | 📊 Current database size: 285128 companies
2025-12-26 00:25:23,694 | INFO | 📄 Found file: E:\\EmailTool-V2\Barzaan\email_creator_app\files\created_emails\Canada-ND-28Aug-For Creation_missing_old_tool_output.csv
2025-12-26 00:25:25,618 | INFO | ✅ Added patterns | File: Canada-ND-28Aug-For Creation_missing_old_tool_output.csv | Folder: E:\\EmailTool-V2\Barzaan\email_creator_app\files\created_emails
2025-12-26 00:25:25,618 | INFO | 📊 Current database size: 285444 companies
2025-12-26 00:25:25,618 | INFO | 📄 Found file: E:\\EmailTool-V2\Barzaan\email_creator_app\files\created_emails\Canada-ND-28Aug-For Creation_old_tool_output.csv
2025-12-26 00:25:30,450 | INFO | ✅ Added patterns | File: Canada-ND-28Aug-For Creation_old_tool_output.csv | Folder: E:\\EmailTool-V2\Barzaan\email_creator_app\files\created_emails
2025-12-26 00:25:30,451 | INFO | 📊 Current database size: 285797 companies
2025-12-26 00:25:30,451 | INFO | 📄 Found file: E:\\EmailTool-V2\Barzaan\email_creator_app\files\created_emails\CANADA-ND-7-Aug- For Creation_old_tool_output.csv
2025-12-26 00:25:36,893 | INFO | ✅ Added patterns | File: CANADA-ND-7-Aug- For Creation_old_tool_output.csv | Folder: E:\\EmailTool-V2\Barzaan\email_creator_app\files\created_emails
2025-12-26 00:25:36,893 | INFO | 📊 Current database size: 286153 companies
2025-12-26 00:25:36,893 | INFO | 📄 Found file: E:\\EmailTool-V2\Barzaan\email_creator_app\files\created_emails\Colorado Springs, CO Seggrigation __output.csv
2025-12-26 00:25:39,048 | INFO | ✅ Added patterns | File: Colorado Springs, CO Seggrigation __output.csv | Folder: E:\\EmailTool-V2\Barzaan\email_creator_app\files\created_emails
2025-12-26 00:25:39,048 | INFO | 📊 Current database size: 286153 companies
2025-12-26 00:25:39,048 | INFO | 📄 Found file: E:\\EmailTool-V2\Barzaan\email_creator_app\files\created_emails\Colorado_output.csv
2025-12-26 00:25:40,639 | INFO | ✅ Added patterns | File: Colorado_output.csv | Folder: E:\\EmailTool-V2\Barzaan\email_creator_app\files\created_emails
2025-12-26 00:25:40,639 | INFO | 📊 Current database size: 286153 companies
2025-12-26 00:25:40,639 | INFO | 📄 Found file: E:\\EmailTool-V2\Barzaan\email_creator_app\files\created_emails\combined_email_output.csv
2025-12-26 00:25:40,775 | INFO | ✅ Added patterns | File: combined_email_output.csv | Folder: E:\\EmailTool-V2\Barzaan\email_creator_app\files\created_emails
2025-12-26 00:25:40,775 | INFO | 📊 Current database size: 286153 companies
2025-12-26 00:25:40,775 | INFO | 📄 Found file: E:\\EmailTool-V2\Barzaan\email_creator_app\files\created_emails\complete_output.csv
2025-12-26 00:25:41,859 | INFO | ✅ Added patterns | File: complete_output.csv | Folder: E:\\EmailTool-V2\Barzaan\email_creator_app\files\created_emails
2025-12-26 00:25:41,860 | INFO | 📊 Current database size: 286153 companies
2025-12-26 00:25:41,860 | INFO | 📄 Found file: E:\\EmailTool-V2\Barzaan\email_creator_app\files\created_emails\EW-City-ND-24Ma_Missing_file2025-03-24 16-38-22_1april.csv
2025-12-26 00:25:42,872 | INFO | ✅ Added patterns | File: EW-City-ND-24Ma_Missing_file2025-03-24 16-38-22_1april.csv | Folder: E:\\EmailTool-V2\Barzaan\email_creator_app\files\created_emails
2025-12-26 00:25:42,872 | INFO | 📊 Current database size: 286153 companies
2025-12-26 00:25:42,872 | INFO | 📄 Found file: E:\\EmailTool-V2\Barzaan\email_creator_app\files\created_emails\EW-City-ND-24Ma_Missing_file2025-03-24 16-38-22_output.csv
2025-12-26 00:25:44,032 | INFO | ✅ Added patterns | File: EW-City-ND-24Ma_Missing_file2025-03-24 16-38-22_output.csv | Folder: E:\\EmailTool-V2\Barzaan\email_creator_app\files\created_emails
2025-12-26 00:25:44,032 | INFO | 📊 Current database size: 287165 companies
2025-12-26 00:25:44,032 | INFO | 📄 Found file: E:\\EmailTool-V2\Barzaan\email_creator_app\files\created_emails\EW-City-ND_missing_file_5April_output.csv
2025-12-26 00:25:45,158 | INFO | ✅ Added patterns | File: EW-City-ND_missing_file_5April_output.csv | Folder: E:\\EmailTool-V2\Barzaan\email_creator_app\files\created_emails
2025-12-26 00:25:45,158 | INFO | 📊 Current database size: 287401 companies
2025-12-26 00:25:45,158 | INFO | 📄 Found file: E:\\EmailTool-V2\Barzaan\email_creator_app\files\created_emails\EW-ND-16Jun-For creation_July 3, 2025_new_tool_missing_new_tool_missing_new_tool_output.csv
2025-12-26 00:25:46,214 | INFO | ✅ Added patterns | File: EW-ND-16Jun-For creation_July 3, 2025_new_tool_missing_new_tool_missing_new_tool_output.csv | Folder: E:\\EmailTool-V2\Barzaan\email_creator_app\files\created_emails
2025-12-26 00:25:46,216 | INFO | 📊 Current database size: 287600 companies
2025-12-26 00:25:46,216 | INFO | 📄 Found file: E:\\EmailTool-V2\Barzaan\email_creator_app\files\created_emails\EW-ND-16Jun-For creation_June 29, 2025_new_tool_output.csv
2025-12-26 00:25:46,374 | INFO | ✅ Added patterns | File: EW-ND-16Jun-For creation_June 29, 2025_new_tool_output.csv | Folder: E:\\EmailTool-V2\Barzaan\email_creator_app\files\created_emails
2025-12-26 00:25:46,374 | INFO | 📊 Current database size: 287600 companies
2025-12-26 00:25:46,374 | INFO | 📄 Found file: E:\\EmailTool-V2\Barzaan\email_creator_app\files\created_emails\EW-ND-16Jun-For creation_June 30, 2025_new_tool_missing_new_tool_output.csv
2025-12-26 00:25:47,427 | INFO | ✅ Added patterns | File: EW-ND-16Jun-For creation_June 30, 2025_new_tool_missing_new_tool_output.csv | Folder: E:\\EmailTool-V2\Barzaan\email_creator_app\files\created_emails
2025-12-26 00:25:47,427 | INFO | 📊 Current database size: 287693 companies
2025-12-26 00:25:47,427 | INFO | 📄 Found file: E:\\EmailTool-V2\Barzaan\email_creator_app\files\created_emails\EW-ND-16Jun-For creation_missing_new_tool_missing_new_tool_missing_new_tool_missing_new_tool_output.csv
2025-12-26 00:25:48,618 | INFO | ✅ Added patterns | File: EW-ND-16Jun-For creation_missing_new_tool_missing_new_tool_missing_new_tool_missing_new_tool_output.csv | Folder: E:\\EmailTool-V2\Barzaan\email_creator_app\files\created_emails
2025-12-26 00:25:48,618 | INFO | 📊 Current database size: 289337 companies
2025-12-26 00:25:48,618 | INFO | 📄 Found file: E:\\EmailTool-V2\Barzaan\email_creator_app\files\created_emails\EW-ND-16Jun-For creation_missing_new_tool_missing_new_tool_missing_new_tool_output.csv
2025-12-26 00:25:49,669 | INFO | ✅ Added patterns | File: EW-ND-16Jun-For creation_missing_new_tool_missing_new_tool_missing_new_tool_output.csv | Folder: E:\\EmailTool-V2\Barzaan\email_creator_app\files\created_emails
2025-12-26 00:25:49,669 | INFO | 📊 Current database size: 289444 companies
2025-12-26 00:25:49,669 | INFO | 📄 Found file: E:\\EmailTool-V2\Barzaan\email_creator_app\files\created_emails\EW-ND-16Jun-For creation_missing_new_tool_missing_new_tool_output.csv
2025-12-26 00:25:50,973 | INFO | ✅ Added patterns | File: EW-ND-16Jun-For creation_missing_new_tool_missing_new_tool_output.csv | Folder: E:\\EmailTool-V2\Barzaan\email_creator_app\files\created_emails
2025-12-26 00:25:50,973 | INFO | 📊 Current database size: 292508 companies
2025-12-26 00:25:50,973 | INFO | 📄 Found file: E:\\EmailTool-V2\Barzaan\email_creator_app\files\created_emails\EW-ND-16Jun-For creation_missing_new_tool_output.csv
2025-12-26 00:25:52,612 | INFO | ✅ Added patterns | File: EW-ND-16Jun-For creation_missing_new_tool_output.csv | Folder: E:\\EmailTool-V2\Barzaan\email_creator_app\files\created_emails
2025-12-26 00:25:52,612 | INFO | 📊 Current database size: 297591 companies
2025-12-26 00:25:52,612 | INFO | 📄 Found file: E:\\EmailTool-V2\Barzaan\email_creator_app\files\created_emails\EW-ND-16Jun-For creation_missing_old_tool_output.csv
2025-12-26 00:25:54,723 | INFO | ✅ Added patterns | File: EW-ND-16Jun-For creation_missing_old_tool_output.csv | Folder: E:\\EmailTool-V2\Barzaan\email_creator_app\files\created_emails
2025-12-26 00:25:54,723 | INFO | 📊 Current database size: 298328 companies
2025-12-26 00:25:54,724 | INFO | 📄 Found file: E:\\EmailTool-V2\Barzaan\email_creator_app\files\created_emails\EW-ND-16Jun-For creation_old_tool_output.csv
2025-12-26 00:26:18,219 | INFO | ✅ Added patterns | File: EW-ND-16Jun-For creation_old_tool_output.csv | Folder: E:\\EmailTool-V2\Barzaan\email_creator_app\files\created_emails
2025-12-26 00:26:18,219 | INFO | 📊 Current database size: 328222 companies
2025-12-26 00:26:18,219 | INFO | 📄 Found file: E:\\EmailTool-V2\Barzaan\email_creator_app\files\created_emails\EW-ND-28Apr-For_Missing_file2025-04-28 12-25-26_new_tool_output.csv
2025-12-26 00:26:19,907 | INFO | ✅ Added patterns | File: EW-ND-28Apr-For_Missing_file2025-04-28 12-25-26_new_tool_output.csv | Folder: E:\\EmailTool-V2\Barzaan\email_creator_app\files\created_emails
2025-12-26 00:26:19,908 | INFO | 📊 Current database size: 331878 companies
2025-12-26 00:26:19,908 | INFO | 📄 Found file: E:\\EmailTool-V2\Barzaan\email_creator_app\files\created_emails\EW-ND-30Jun-For creation_missing_new_tool_output.csv
2025-12-26 00:26:21,447 | INFO | ✅ Added patterns | File: EW-ND-30Jun-For creation_missing_new_tool_output.csv | Folder: E:\\EmailTool-V2\Barzaan\email_creator_app\files\created_emails
2025-12-26 00:26:21,447 | INFO | 📊 Current database size: 335702 companies
2025-12-26 00:26:21,447 | INFO | 📄 Found file: E:\\EmailTool-V2\Barzaan\email_creator_app\files\created_emails\EW-ND-30Jun-For creation_old_tool_output.csv
2025-12-26 00:26:38,578 | INFO | ✅ Added patterns | File: EW-ND-30Jun-For creation_old_tool_output.csv | Folder: E:\\EmailTool-V2\Barzaan\email_creator_app\files\created_emails
2025-12-26 00:26:38,578 | INFO | 📊 Current database size: 356004 companies
2025-12-26 00:26:38,578 | INFO | 📄 Found file: E:\\EmailTool-V2\Barzaan\email_creator_app\files\created_emails\EW-ND-PM-7Apr-For creation_oldtool_output.csv
2025-12-26 00:26:54,711 | INFO | ✅ Added patterns | File: EW-ND-PM-7Apr-For creation_oldtool_output.csv | Folder: E:\\EmailTool-V2\Barzaan\email_creator_app\files\created_emails
2025-12-26 00:26:54,712 | INFO | 📊 Current database size: 372336 companies
2025-12-26 00:26:54,713 | INFO | 📄 Found file: E:\\EmailTool-V2\Barzaan\email_creator_app\files\created_emails\EW-NDPM-13May-For creation_old_tool_output.csv
2025-12-26 00:27:04,247 | INFO | ✅ Added patterns | File: EW-NDPM-13May-For creation_old_tool_output.csv | Folder: E:\\EmailTool-V2\Barzaan\email_creator_app\files\created_emails
2025-12-26 00:27:04,247 | INFO | 📊 Current database size: 379612 companies
2025-12-26 00:27:04,247 | INFO | 📄 Found file: E:\\EmailTool-V2\Barzaan\email_creator_app\files\created_emails\EW-NDPM-29May-For creation_old_tool_output.csv
2025-12-26 00:27:16,289 | INFO | ✅ Added patterns | File: EW-NDPM-29May-For creation_old_tool_output.csv | Folder: E:\\EmailTool-V2\Barzaan\email_creator_app\files\created_emails
2025-12-26 00:27:16,289 | INFO | 📊 Current database size: 390308 companies
2025-12-26 00:27:16,289 | INFO | 📄 Found file: E:\\EmailTool-V2\Barzaan\email_creator_app\files\created_emails\EW-NDPM-6May-For Creation_missing_old_tool_output.csv
2025-12-26 00:27:18,096 | INFO | ✅ Added patterns | File: EW-NDPM-6May-For Creation_missing_old_tool_output.csv | Folder: E:\\EmailTool-V2\Barzaan\email_creator_app\files\created_emails
2025-12-26 00:27:18,096 | INFO | 📊 Current database size: 393206 companies
2025-12-26 00:27:18,096 | INFO | 📄 Found file: E:\\EmailTool-V2\Barzaan\email_creator_app\files\created_emails\EW-NDPM-6May-For Creation_old_tool_output.csv
2025-12-26 00:27:25,973 | INFO | ✅ Added patterns | File: EW-NDPM-6May-For Creation_old_tool_output.csv | Folder: E:\\EmailTool-V2\Barzaan\email_creator_app\files\created_emails
2025-12-26 00:27:25,973 | INFO | 📊 Current database size: 397888 companies
2025-12-26 00:27:25,973 | INFO | 📄 Found file: E:\\EmailTool-V2\Barzaan\email_creator_app\files\created_emails\EW-NDPM_12june_missing_new_tool_output.csv
2025-12-26 00:27:27,538 | INFO | ✅ Added patterns | File: EW-NDPM_12june_missing_new_tool_output.csv | Folder: E:\\EmailTool-V2\Barzaan\email_creator_app\files\created_emails
2025-12-26 00:27:27,538 | INFO | 📊 Current database size: 399019 companies
2025-12-26 00:27:27,540 | INFO | 📄 Found file: E:\\EmailTool-V2\Barzaan\email_creator_app\files\created_emails\EW_NDPM_29July_new_tool_output.csv
2025-12-26 00:27:30,941 | INFO | ✅ Added patterns | File: EW_NDPM_29July_new_tool_output.csv | Folder: E:\\EmailTool-V2\Barzaan\email_creator_app\files\created_emails
2025-12-26 00:27:30,941 | INFO | 📊 Current database size: 413545 companies
2025-12-26 00:27:30,941 | INFO | 📄 Found file: E:\\EmailTool-V2\Barzaan\email_creator_app\files\created_emails\feb-1_Missing_file2025-02-16 23-58-04_old_tool_output.csv
2025-12-26 00:27:31,147 | INFO | ✅ Added patterns | File: feb-1_Missing_file2025-02-16 23-58-04_old_tool_output.csv | Folder: E:\\EmailTool-V2\Barzaan\email_creator_app\files\created_emails
2025-12-26 00:27:31,147 | INFO | 📊 Current database size: 413545 companies
2025-12-26 00:27:31,147 | INFO | 📄 Found file: E:\\EmailTool-V2\Barzaan\email_creator_app\files\created_emails\Formatted_file__Missing_13june_new_tool_output.csv
2025-12-26 00:27:34,353 | INFO | ✅ Added patterns | File: Formatted_file__Missing_13june_new_tool_output.csv | Folder: E:\\EmailTool-V2\Barzaan\email_creator_app\files\created_emails
2025-12-26 00:27:34,368 | INFO | 📊 Current database size: 425079 companies
2025-12-26 00:27:34,368 | INFO | 📄 Found file: E:\\EmailTool-V2\Barzaan\email_creator_app\files\created_emails\Fresno, CA-10000 - Copy_output.csv
2025-12-26 00:27:36,698 | INFO | ✅ Added patterns | File: Fresno, CA-10000 - Copy_output.csv | Folder: E:\\EmailTool-V2\Barzaan\email_creator_app\files\created_emails
2025-12-26 00:27:36,698 | INFO | 📊 Current database size: 425079 companies
2025-12-26 00:27:36,698 | INFO | 📄 Found file: E:\\EmailTool-V2\Barzaan\email_creator_app\files\created_emails\Fresno, CA-10000_output.csv
2025-12-26 00:27:38,133 | INFO | ✅ Added patterns | File: Fresno, CA-10000_output.csv | Folder: E:\\EmailTool-V2\Barzaan\email_creator_app\files\created_emails
2025-12-26 00:27:38,133 | INFO | 📊 Current database size: 425079 companies
2025-12-26 00:27:38,133 | INFO | 📄 Found file: E:\\EmailTool-V2\Barzaan\email_creator_app\files\created_emails\Fresno, CA-test_output.csv
2025-12-26 00:27:39,671 | INFO | ✅ Added patterns | File: Fresno, CA-test_output.csv | Folder: E:\\EmailTool-V2\Barzaan\email_creator_app\files\created_emails
2025-12-26 00:27:39,671 | INFO | 📊 Current database size: 425079 companies
2025-12-26 00:27:39,687 | INFO | 📄 Found file: E:\\EmailTool-V2\Barzaan\email_creator_app\files\created_emails\May Formatted File1_old_tool_output.csv
2025-12-26 00:27:56,609 | INFO | ✅ Added patterns | File: May Formatted File1_old_tool_output.csv | Folder: E:\\EmailTool-V2\Barzaan\email_creator_app\files\created_emails
2025-12-26 00:27:56,610 | INFO | 📊 Current database size: 440583 companies
2025-12-26 00:27:56,611 | INFO | 📄 Found file: E:\\EmailTool-V2\Barzaan\email_creator_app\files\created_emails\Missin Canada file_new_tool_output.csv
2025-12-26 00:27:58,153 | INFO | ✅ Added patterns | File: Missin Canada file_new_tool_output.csv | Folder: E:\\EmailTool-V2\Barzaan\email_creator_app\files\created_emails
2025-12-26 00:27:58,153 | INFO | 📊 Current database size: 440583 companies
2025-12-26 00:27:58,153 | INFO | 📄 Found file: E:\\EmailTool-V2\Barzaan\email_creator_app\files\created_emails\new_old_tool_output.csv
2025-12-26 00:28:31,523 | INFO | ✅ Added patterns | File: new_old_tool_output.csv | Folder: E:\\EmailTool-V2\Barzaan\email_creator_app\files\created_emails
2025-12-26 00:28:31,523 | INFO | 📊 Current database size: 464644 companies
2025-12-26 00:28:31,524 | INFO | 📄 Found file: E:\\EmailTool-V2\Barzaan\email_creator_app\files\created_emails\UK-ND-15Jul-For creation_old_tool_output.csv
2025-12-26 00:28:33,795 | INFO | ✅ Added patterns | File: UK-ND-15Jul-For creation_old_tool_output.csv | Folder: E:\\EmailTool-V2\Barzaan\email_creator_app\files\created_emails
2025-12-26 00:28:33,795 | INFO | 📊 Current database size: 465041 companies
2025-12-26 00:28:33,795 | INFO | 📄 Found file: E:\\EmailTool-V2\Barzaan\email_creator_app\files\created_emails\UK-ND-28Aug-For Creation_old_tool_output.csv
2025-12-26 00:28:38,040 | INFO | ✅ Added patterns | File: UK-ND-28Aug-For Creation_old_tool_output.csv | Folder: E:\\EmailTool-V2\Barzaan\email_creator_app\files\created_emails
2025-12-26 00:28:38,040 | INFO | 📊 Current database size: 465727 companies
2025-12-26 00:28:38,040 | INFO | 📄 Found file: E:\\EmailTool-V2\Barzaan\email_creator_app\files\created_emails\UK-ND-7Aug- FOr creation_old_tool_output.csv
2025-12-26 00:28:44,215 | INFO | ✅ Added patterns | File: UK-ND-7Aug- FOr creation_old_tool_output.csv | Folder: E:\\EmailTool-V2\Barzaan\email_creator_app\files\created_emails
2025-12-26 00:28:44,215 | INFO | 📊 Current database size: 466606 companies
2025-12-26 00:28:44,215 | INFO | 📄 Found file: E:\\EmailTool-V2\Barzaan\email_creator_app\files\created_emails\US-ND-01Dec- For creation_old_tool_output.csv
2025-12-26 00:29:06,767 | INFO | ✅ Added patterns | File: US-ND-01Dec- For creation_old_tool_output.csv | Folder: E:\\EmailTool-V2\Barzaan\email_creator_app\files\created_emails
2025-12-26 00:29:06,767 | INFO | 📊 Current database size: 490849 companies
2025-12-26 00:29:06,767 | INFO | 📄 Found file: E:\\EmailTool-V2\Barzaan\email_creator_app\files\created_emails\US-ND-18NOV-For creation_old_tool_output.csv
2025-12-26 00:29:39,602 | INFO | ✅ Added patterns | File: US-ND-18NOV-For creation_old_tool_output.csv | Folder: E:\\EmailTool-V2\Barzaan\email_creator_app\files\created_emails
2025-12-26 00:29:39,604 | INFO | 📊 Current database size: 513680 companies
2025-12-26 00:29:39,604 | INFO | 📄 Found file: E:\\EmailTool-V2\Barzaan\email_creator_app\files\created_emails\US-ND-19Aug-For Creation_missing_new_tool_output.csv
2025-12-26 00:29:42,436 | INFO | ✅ Added patterns | File: US-ND-19Aug-For Creation_missing_new_tool_output.csv | Folder: E:\\EmailTool-V2\Barzaan\email_creator_app\files\created_emails
2025-12-26 00:29:42,451 | INFO | 📊 Current database size: 518317 companies
2025-12-26 00:29:42,452 | INFO | 📄 Found file: E:\\EmailTool-V2\Barzaan\email_creator_app\files\created_emails\US-ND-19Aug-For Creation_missing_old_tool_output.csv
2025-12-26 00:29:45,480 | INFO | ✅ Added patterns | File: US-ND-19Aug-For Creation_missing_old_tool_output.csv | Folder: E:\\EmailTool-V2\Barzaan\email_creator_app\files\created_emails
2025-12-26 00:29:45,480 | INFO | 📊 Current database size: 519329 companies
2025-12-26 00:29:45,480 | INFO | 📄 Found file: E:\\EmailTool-V2\Barzaan\email_creator_app\files\created_emails\US-ND-19Aug-For Creation_old_tool_output.csv
2025-12-26 00:29:57,020 | INFO | ✅ Added patterns | File: US-ND-19Aug-For Creation_old_tool_output.csv | Folder: E:\\EmailTool-V2\Barzaan\email_creator_app\files\created_emails
2025-12-26 00:29:57,020 | INFO | 📊 Current database size: 522052 companies
2025-12-26 00:29:57,020 | INFO | 📄 Found file: E:\\EmailTool-V2\Barzaan\email_creator_app\files\created_emails\US-ND-21Jul-For creation_missing_new_tool_output.csv
2025-12-26 00:29:59,423 | INFO | ✅ Added patterns | File: US-ND-21Jul-For creation_missing_new_tool_output.csv | Folder: E:\\EmailTool-V2\Barzaan\email_creator_app\files\created_emails
2025-12-26 00:29:59,425 | INFO | 📊 Current database size: 523266 companies
2025-12-26 00:29:59,425 | INFO | 📄 Found file: E:\\EmailTool-V2\Barzaan\email_creator_app\files\created_emails\US-ND-21Jul-For creation_old_tool_output.csv
2025-12-26 00:30:16,825 | INFO | ✅ Added patterns | File: US-ND-21Jul-For creation_old_tool_output.csv | Folder: E:\\EmailTool-V2\Barzaan\email_creator_app\files\created_emails
2025-12-26 00:30:16,825 | INFO | 📊 Current database size: 525910 companies
2025-12-26 00:30:16,825 | INFO | 📄 Found file: E:\\EmailTool-V2\Barzaan\email_creator_app\files\created_emails\US-ND-23Sep- For Creation_old_tool_output.csv
2025-12-26 00:30:40,057 | INFO | ✅ Added patterns | File: US-ND-23Sep- For Creation_old_tool_output.csv | Folder: E:\\EmailTool-V2\Barzaan\email_creator_app\files\created_emails
2025-12-26 00:30:40,057 | INFO | 📊 Current database size: 535317 companies
2025-12-26 00:30:40,071 | INFO | 📄 Found file: E:\\EmailTool-V2\Barzaan\email_creator_app\files\created_emails\US-ND-8Aug-For Creation_missing_new_tool_output.csv
2025-12-26 00:30:42,698 | INFO | ✅ Added patterns | File: US-ND-8Aug-For Creation_missing_new_tool_output.csv | Folder: E:\\EmailTool-V2\Barzaan\email_creator_app\files\created_emails
2025-12-26 00:30:42,699 | INFO | 📊 Current database size: 537631 companies
2025-12-26 00:30:42,700 | INFO | 📄 Found file: E:\\EmailTool-V2\Barzaan\email_creator_app\files\created_emails\US-ND-8Aug-For Creation_missing_old_tool_output.csv
2025-12-26 00:30:45,567 | INFO | ✅ Added patterns | File: US-ND-8Aug-For Creation_missing_old_tool_output.csv | Folder: E:\\EmailTool-V2\Barzaan\email_creator_app\files\created_emails
2025-12-26 00:30:45,569 | INFO | 📊 Current database size: 538160 companies
2025-12-26 00:30:45,571 | INFO | 📄 Found file: E:\\EmailTool-V2\Barzaan\email_creator_app\files\created_emails\US-ND-8Aug-For Creation_old_tool_output.csv
2025-12-26 00:30:56,629 | INFO | ✅ Added patterns | File: US-ND-8Aug-For Creation_old_tool_output.csv | Folder: E:\\EmailTool-V2\Barzaan\email_creator_app\files\created_emails
2025-12-26 00:30:56,629 | INFO | 📊 Current database size: 540071 companies
2025-12-26 00:30:56,629 | INFO | 📄 Found file: E:\\EmailTool-V2\Barzaan\email_creator_app\files\created_emails\USA-ND-06Oct- For Creation_old_tool_output.csv
2025-12-26 00:31:14,960 | INFO | ✅ Added patterns | File: USA-ND-06Oct- For Creation_old_tool_output.csv | Folder: E:\\EmailTool-V2\Barzaan\email_creator_app\files\created_emails
2025-12-26 00:31:14,960 | INFO | 📊 Current database size: 547848 companies
2025-12-26 00:31:14,960 | INFO | 📄 Found file: E:\\EmailTool-V2\Barzaan\email_creator_app\files\created_emails\USA-ND-28Aug-For Creation_missing_new_tool_output.csv
2025-12-26 00:31:16,987 | INFO | ✅ Added patterns | File: USA-ND-28Aug-For Creation_missing_new_tool_output.csv | Folder: E:\\EmailTool-V2\Barzaan\email_creator_app\files\created_emails
2025-12-26 00:31:16,987 | INFO | 📊 Current database size: 547848 companies
2025-12-26 00:31:16,987 | INFO | 📄 Found file: E:\\EmailTool-V2\Barzaan\email_creator_app\files\created_emails\USA-ND-28Aug-For Creation_old_tool_output.csv
2025-12-26 00:31:28,742 | INFO | ✅ Added patterns | File: USA-ND-28Aug-For Creation_old_tool_output.csv | Folder: E:\\EmailTool-V2\Barzaan\email_creator_app\files\created_emails
2025-12-26 00:31:28,742 | INFO | 📊 Current database size: 552713 companies
2025-12-26 00:31:28,757 | INFO | 📄 Found file: E:\\EmailTool-V2\Barzaan\email_creator_app\files\created_emails\USA-ND-29Jul-For Creation_old_tool_output.csv
2025-12-26 00:31:39,530 | INFO | ✅ Added patterns | File: USA-ND-29Jul-For Creation_old_tool_output.csv | Folder: E:\\EmailTool-V2\Barzaan\email_creator_app\files\created_emails
2025-12-26 00:31:39,530 | INFO | 📊 Current database size: 554343 companies
2025-12-26 00:31:39,530 | INFO | 📄 Found file: E:\\EmailTool-V2\Barzaan\email_creator_app\files\created_emails\USA-ND-9Sep- For creation_old_tool_output.csv
2025-12-26 00:31:49,164 | INFO | ✅ Added patterns | File: USA-ND-9Sep- For creation_old_tool_output.csv | Folder: E:\\EmailTool-V2\Barzaan\email_creator_app\files\created_emails
2025-12-26 00:31:49,180 | INFO | 📊 Current database size: 557157 companies
2025-12-26 00:31:49,180 | INFO | 📄 Found file: E:\\EmailTool-V2\Barzaan\email_creator_app\files\created_emails\USA-ND-PMP-11Aug-For Creation_missing_new_tool_output.csv
2025-12-26 00:31:51,823 | INFO | ✅ Added patterns | File: USA-ND-PMP-11Aug-For Creation_missing_new_tool_output.csv | Folder: E:\\EmailTool-V2\Barzaan\email_creator_app\files\created_emails
2025-12-26 00:31:51,823 | INFO | 📊 Current database size: 560226 companies
2025-12-26 00:31:51,823 | INFO | 📄 Found file: E:\\EmailTool-V2\Barzaan\email_creator_app\files\created_emails\USA-ND-PMP-11Aug-For Creation_missing_old_tool_output.csv
2025-12-26 00:31:54,614 | INFO | ✅ Added patterns | File: USA-ND-PMP-11Aug-For Creation_missing_old_tool_output.csv | Folder: E:\\EmailTool-V2\Barzaan\email_creator_app\files\created_emails
2025-12-26 00:31:54,616 | INFO | 📊 Current database size: 560860 companies
2025-12-26 00:31:54,616 | INFO | 📄 Found file: E:\\EmailTool-V2\Barzaan\email_creator_app\files\created_emails\USA-ND-PMP-11Aug-For Creation_old_tool_output.csv
2025-12-26 00:32:03,130 | INFO | ✅ Added patterns | File: USA-ND-PMP-11Aug-For Creation_old_tool_output.csv | Folder: E:\\EmailTool-V2\Barzaan\email_creator_app\files\created_emails
2025-12-26 00:32:03,130 | INFO | 📊 Current database size: 562020 companies
2025-12-26 00:32:03,234 | INFO | 📄 Found file: E:\\EmailTool-V2\Barzaan\email_creator_app\files\database_output_files\$R05EUON_2025-03-23_output.csv
2025-12-26 00:32:03,584 | INFO | ✅ Added patterns | File: $R05EUON_2025-03-23_output.csv | Folder: E:\\EmailTool-V2\Barzaan\email_creator_app\files\database_output_files
2025-12-26 00:32:03,586 | INFO | 📊 Current database size: 562020 companies
2025-12-26 00:32:03,586 | INFO | 📄 Found file: E:\\EmailTool-V2\Barzaan\email_creator_app\files\database_output_files\$R0EXF9N_2025-03-23_output.csv
2025-12-26 00:32:03,891 | INFO | ✅ Added patterns | File: $R0EXF9N_2025-03-23_output.csv | Folder: E:\\EmailTool-V2\Barzaan\email_creator_app\files\database_output_files
2025-12-26 00:32:03,891 | INFO | 📊 Current database size: 562020 companies
2025-12-26 00:32:03,891 | INFO | 📄 Found file: E:\\EmailTool-V2\Barzaan\email_creator_app\files\database_output_files\$R0MY6ZY_2025-03-23_output.csv
2025-12-26 00:32:04,250 | INFO | ✅ Added patterns | File: $R0MY6ZY_2025-03-23_output.csv | Folder: E:\\EmailTool-V2\Barzaan\email_creator_app\files\database_output_files
2025-12-26 00:32:04,250 | INFO | 📊 Current database size: 562020 companies
2025-12-26 00:32:04,250 | INFO | 📄 Found file: E:\\EmailTool-V2\Barzaan\email_creator_app\files\database_output_files\$R1HN0GM_2025-03-23_output.csv
2025-12-26 00:32:04,886 | INFO | ✅ Added patterns | File: $R1HN0GM_2025-03-23_output.csv | Folder: E:\\EmailTool-V2\Barzaan\email_creator_app\files\database_output_files
2025-12-26 00:32:04,886 | INFO | 📊 Current database size: 562020 companies
2025-12-26 00:32:04,886 | INFO | 📄 Found file: E:\\EmailTool-V2\Barzaan\email_creator_app\files\database_output_files\$R26DJJ3_2025-03-23_output.csv
2025-12-26 00:32:05,454 | INFO | ✅ Added patterns | File: $R26DJJ3_2025-03-23_output.csv | Folder: E:\\EmailTool-V2\Barzaan\email_creator_app\files\database_output_files
2025-12-26 00:32:05,454 | INFO | 📊 Current database size: 562020 companies
2025-12-26 00:32:05,460 | INFO | 📄 Found file: E:\\EmailTool-V2\Barzaan\email_creator_app\files\database_output_files\$R2X6IVX_2025-03-23_output.csv
2025-12-26 00:32:05,789 | INFO | ✅ Added patterns | File: $R2X6IVX_2025-03-23_output.csv | Folder: E:\\EmailTool-V2\Barzaan\email_creator_app\files\database_output_files
2025-12-26 00:32:05,804 | INFO | 📊 Current database size: 562020 companies
2025-12-26 00:32:05,805 | INFO | 📄 Found file: E:\\EmailTool-V2\Barzaan\email_creator_app\files\database_output_files\$R4GG16Y_2025-03-23_output.csv
2025-12-26 00:32:06,179 | INFO | ✅ Added patterns | File: $R4GG16Y_2025-03-23_output.csv | Folder: E:\\EmailTool-V2\Barzaan\email_creator_app\files\database_output_files
2025-12-26 00:32:06,179 | INFO | 📊 Current database size: 562020 companies
2025-12-26 00:32:06,179 | INFO | 📄 Found file: E:\\EmailTool-V2\Barzaan\email_creator_app\files\database_output_files\$R4JVKA8_2025-03-23_output.csv
2025-12-26 00:32:07,127 | INFO | ✅ Added patterns | File: $R4JVKA8_2025-03-23_output.csv | Folder: E:\\EmailTool-V2\Barzaan\email_creator_app\files\database_output_files
2025-12-26 00:32:07,127 | INFO | 📊 Current database size: 562020 companies
2025-12-26 00:32:07,127 | INFO | 📄 Found file: E:\\EmailTool-V2\Barzaan\email_creator_app\files\database_output_files\$R7LLFU5_2025-03-23_output.csv
2025-12-26 00:32:07,691 | INFO | ✅ Added patterns | File: $R7LLFU5_2025-03-23_output.csv | Folder: E:\\EmailTool-V2\Barzaan\email_creator_app\files\database_output_files
2025-12-26 00:32:07,691 | INFO | 📊 Current database size: 562020 companies
2025-12-26 00:32:07,691 | INFO | 📄 Found file: E:\\EmailTool-V2\Barzaan\email_creator_app\files\database_output_files\$R8FZH1C_2025-03-23_output.csv
2025-12-26 00:32:08,083 | INFO | ✅ Added patterns | File: $R8FZH1C_2025-03-23_output.csv | Folder: E:\\EmailTool-V2\Barzaan\email_creator_app\files\database_output_files
2025-12-26 00:32:08,083 | INFO | 📊 Current database size: 562020 companies
2025-12-26 00:32:08,083 | INFO | 📄 Found file: E:\\EmailTool-V2\Barzaan\email_creator_app\files\database_output_files\$RAEO6MG_2025-03-23_output.csv
2025-12-26 00:32:08,465 | INFO | ✅ Added patterns | File: $RAEO6MG_2025-03-23_output.csv | Folder: E:\\EmailTool-V2\Barzaan\email_creator_app\files\database_output_files
2025-12-26 00:32:08,465 | INFO | 📊 Current database size: 562020 companies
2025-12-26 00:32:08,465 | INFO | 📄 Found file: E:\\EmailTool-V2\Barzaan\email_creator_app\files\database_output_files\$RARK9QT_2025-03-23_output.csv
2025-12-26 00:32:09,151 | INFO | ✅ Added patterns | File: $RARK9QT_2025-03-23_output.csv | Folder: E:\\EmailTool-V2\Barzaan\email_creator_app\files\database_output_files
2025-12-26 00:32:09,153 | INFO | 📊 Current database size: 562020 companies
2025-12-26 00:32:09,153 | INFO | 📄 Found file: E:\\EmailTool-V2\Barzaan\email_creator_app\files\database_output_files\$RC6UO3L_2025-03-23_output.csv
2025-12-26 00:32:09,585 | INFO | ✅ Added patterns | File: $RC6UO3L_2025-03-23_output.csv | Folder: E:\\EmailTool-V2\Barzaan\email_creator_app\files\database_output_files
2025-12-26 00:32:09,585 | INFO | 📊 Current database size: 562020 companies
2025-12-26 00:32:09,585 | INFO | 📄 Found file: E:\\EmailTool-V2\Barzaan\email_creator_app\files\database_output_files\$RC6UUHM_2025-03-23_output.csv
2025-12-26 00:32:10,331 | INFO | ✅ Added patterns | File: $RC6UUHM_2025-03-23_output.csv | Folder: E:\\EmailTool-V2\Barzaan\email_creator_app\files\database_output_files
2025-12-26 00:32:10,331 | INFO | 📊 Current database size: 562020 companies
2025-12-26 00:32:10,331 | INFO | 📄 Found file: E:\\EmailTool-V2\Barzaan\email_creator_app\files\database_output_files\$RC92FEE_2025-03-23_output.csv
2025-12-26 00:32:10,756 | INFO | ✅ Added patterns | File: $RC92FEE_2025-03-23_output.csv | Folder: E:\\EmailTool-V2\Barzaan\email_creator_app\files\database_output_files
2025-12-26 00:32:10,756 | INFO | 📊 Current database size: 562020 companies
2025-12-26 00:32:10,756 | INFO | 📄 Found file: E:\\EmailTool-V2\Barzaan\email_creator_app\files\database_output_files\$RD6AW80_2025-03-23_output.csv
2025-12-26 00:32:11,358 | INFO | ✅ Added patterns | File: $RD6AW80_2025-03-23_output.csv | Folder: E:\\EmailTool-V2\Barzaan\email_creator_app\files\database_output_files
2025-12-26 00:32:11,358 | INFO | 📊 Current database size: 562020 companies
2025-12-26 00:32:11,358 | INFO | 📄 Found file: E:\\EmailTool-V2\Barzaan\email_creator_app\files\database_output_files\$RDFLM2F_2025-03-23_output.csv
2025-12-26 00:32:11,893 | INFO | ✅ Added patterns | File: $RDFLM2F_2025-03-23_output.csv | Folder: E:\\EmailTool-V2\Barzaan\email_creator_app\files\database_output_files
2025-12-26 00:32:11,900 | INFO | 📊 Current database size: 562020 companies
2025-12-26 00:32:11,900 | INFO | 📄 Found file: E:\\EmailTool-V2\Barzaan\email_creator_app\files\database_output_files\$REUX0O7_2025-03-23_output.csv
2025-12-26 00:32:12,362 | INFO | ✅ Added patterns | File: $REUX0O7_2025-03-23_output.csv | Folder: E:\\EmailTool-V2\Barzaan\email_creator_app\files\database_output_files
2025-12-26 00:32:12,362 | INFO | 📊 Current database size: 562020 companies
2025-12-26 00:32:12,362 | INFO | 📄 Found file: E:\\EmailTool-V2\Barzaan\email_creator_app\files\database_output_files\$RFL95DQ_2025-03-23_output.csv
2025-12-26 00:32:12,727 | INFO | ✅ Added patterns | File: $RFL95DQ_2025-03-23_output.csv | Folder: E:\\EmailTool-V2\Barzaan\email_creator_app\files\database_output_files
2025-12-26 00:32:12,727 | INFO | 📊 Current database size: 562020 companies
2025-12-26 00:32:12,728 | INFO | 📄 Found file: E:\\EmailTool-V2\Barzaan\email_creator_app\files\database_output_files\$RHUL7XI_2025-03-23_output.csv
2025-12-26 00:32:13,316 | INFO | ✅ Added patterns | File: $RHUL7XI_2025-03-23_output.csv | Folder: E:\\EmailTool-V2\Barzaan\email_creator_app\files\database_output_files
2025-12-26 00:32:13,316 | INFO | 📊 Current database size: 562020 companies
2025-12-26 00:32:13,316 | INFO | 📄 Found file: E:\\EmailTool-V2\Barzaan\email_creator_app\files\database_output_files\$RIKJK46_2025-03-23_output.csv
2025-12-26 00:32:13,899 | INFO | ✅ Added patterns | File: $RIKJK46_2025-03-23_output.csv | Folder: E:\\EmailTool-V2\Barzaan\email_creator_app\files\database_output_files
2025-12-26 00:32:13,901 | INFO | 📊 Current database size: 562020 companies
2025-12-26 00:32:13,901 | INFO | 📄 Found file: E:\\EmailTool-V2\Barzaan\email_creator_app\files\database_output_files\$RISRKB1_2025-03-23_output.csv
2025-12-26 00:32:14,521 | INFO | ✅ Added patterns | File: $RISRKB1_2025-03-23_output.csv | Folder: E:\\EmailTool-V2\Barzaan\email_creator_app\files\database_output_files
2025-12-26 00:32:14,521 | INFO | 📊 Current database size: 562020 companies
2025-12-26 00:32:14,521 | INFO | 📄 Found file: E:\\EmailTool-V2\Barzaan\email_creator_app\files\database_output_files\$RJJVMWC_2025-03-23_output.csv
2025-12-26 00:32:14,854 | INFO | ✅ Added patterns | File: $RJJVMWC_2025-03-23_output.csv | Folder: E:\\EmailTool-V2\Barzaan\email_creator_app\files\database_output_files
2025-12-26 00:32:14,854 | INFO | 📊 Current database size: 562020 companies
2025-12-26 00:32:14,854 | INFO | 📄 Found file: E:\\EmailTool-V2\Barzaan\email_creator_app\files\database_output_files\$RK0NH2S_2025-03-23_output.csv
2025-12-26 00:32:15,439 | INFO | ✅ Added patterns | File: $RK0NH2S_2025-03-23_output.csv | Folder: E:\\EmailTool-V2\Barzaan\email_creator_app\files\database_output_files
2025-12-26 00:32:15,439 | INFO | 📊 Current database size: 562020 companies
2025-12-26 00:32:15,439 | INFO | 📄 Found file: E:\\EmailTool-V2\Barzaan\email_creator_app\files\database_output_files\$RKTACXV_2025-03-23_output.csv
2025-12-26 00:32:15,991 | INFO | ✅ Added patterns | File: $RKTACXV_2025-03-23_output.csv | Folder: E:\\EmailTool-V2\Barzaan\email_creator_app\files\database_output_files
2025-12-26 00:32:15,991 | INFO | 📊 Current database size: 562020 companies
2025-12-26 00:32:15,991 | INFO | 📄 Found file: E:\\EmailTool-V2\Barzaan\email_creator_app\files\database_output_files\$RO228V1_2025-03-23_output.csv
2025-12-26 00:32:16,376 | INFO | ✅ Added patterns | File: $RO228V1_2025-03-23_output.csv | Folder: E:\\EmailTool-V2\Barzaan\email_creator_app\files\database_output_files
2025-12-26 00:32:16,376 | INFO | 📊 Current database size: 562020 companies
2025-12-26 00:32:16,376 | INFO | 📄 Found file: E:\\EmailTool-V2\Barzaan\email_creator_app\files\database_output_files\$RO2FH6C_2025-03-23_output.csv
2025-12-26 00:32:16,713 | INFO | ✅ Added patterns | File: $RO2FH6C_2025-03-23_output.csv | Folder: E:\\EmailTool-V2\Barzaan\email_creator_app\files\database_output_files
2025-12-26 00:32:16,713 | INFO | 📊 Current database size: 562020 companies
2025-12-26 00:32:16,713 | INFO | 📄 Found file: E:\\EmailTool-V2\Barzaan\email_creator_app\files\database_output_files\$ROMZT84_2025-03-23_output.csv
2025-12-26 00:32:17,733 | INFO | ✅ Added patterns | File: $ROMZT84_2025-03-23_output.csv | Folder: E:\\EmailTool-V2\Barzaan\email_creator_app\files\database_output_files
2025-12-26 00:32:17,733 | INFO | 📊 Current database size: 562020 companies
2025-12-26 00:32:17,733 | INFO | 📄 Found file: E:\\EmailTool-V2\Barzaan\email_creator_app\files\database_output_files\$RONL92S_2025-03-23_output.csv
2025-12-26 00:32:18,132 | INFO | ✅ Added patterns | File: $RONL92S_2025-03-23_output.csv | Folder: E:\\EmailTool-V2\Barzaan\email_creator_app\files\database_output_files
2025-12-26 00:32:18,133 | INFO | 📊 Current database size: 562020 companies
2025-12-26 00:32:18,134 | INFO | 📄 Found file: E:\\EmailTool-V2\Barzaan\email_creator_app\files\database_output_files\$RRD3J2B_2025-03-23_output.csv
2025-12-26 00:32:18,617 | INFO | ✅ Added patterns | File: $RRD3J2B_2025-03-23_output.csv | Folder: E:\\EmailTool-V2\Barzaan\email_creator_app\files\database_output_files
2025-12-26 00:32:18,617 | INFO | 📊 Current database size: 562020 companies
2025-12-26 00:32:18,617 | INFO | 📄 Found file: E:\\EmailTool-V2\Barzaan\email_creator_app\files\database_output_files\$RRLNWHO_2025-03-23_output.csv
2025-12-26 00:32:19,085 | INFO | ✅ Added patterns | File: $RRLNWHO_2025-03-23_output.csv | Folder: E:\\EmailTool-V2\Barzaan\email_creator_app\files\database_output_files
2025-12-26 00:32:19,085 | INFO | 📊 Current database size: 562020 companies
2025-12-26 00:32:19,085 | INFO | 📄 Found file: E:\\EmailTool-V2\Barzaan\email_creator_app\files\database_output_files\$RTIJPWX_2025-03-23_output.csv
2025-12-26 00:32:19,503 | INFO | ✅ Added patterns | File: $RTIJPWX_2025-03-23_output.csv | Folder: E:\\EmailTool-V2\Barzaan\email_creator_app\files\database_output_files
2025-12-26 00:32:19,504 | INFO | 📊 Current database size: 562020 companies
2025-12-26 00:32:19,504 | INFO | 📄 Found file: E:\\EmailTool-V2\Barzaan\email_creator_app\files\database_output_files\$RTX03ZJ_2025-03-23_output.csv
2025-12-26 00:32:19,788 | INFO | ✅ Added patterns | File: $RTX03ZJ_2025-03-23_output.csv | Folder: E:\\EmailTool-V2\Barzaan\email_creator_app\files\database_output_files
2025-12-26 00:32:19,788 | INFO | 📊 Current database size: 562020 companies
2025-12-26 00:32:19,788 | INFO | 📄 Found file: E:\\EmailTool-V2\Barzaan\email_creator_app\files\database_output_files\$RW342Y9_2025-03-23_output.csv
2025-12-26 00:32:20,138 | INFO | ✅ Added patterns | File: $RW342Y9_2025-03-23_output.csv | Folder: E:\\EmailTool-V2\Barzaan\email_creator_app\files\database_output_files
2025-12-26 00:32:20,139 | INFO | 📊 Current database size: 562020 companies
2025-12-26 00:32:20,139 | INFO | 📄 Found file: E:\\EmailTool-V2\Barzaan\email_creator_app\files\database_output_files\$RWWWPDG_2025-03-23_output.csv
2025-12-26 00:32:20,641 | INFO | ✅ Added patterns | File: $RWWWPDG_2025-03-23_output.csv | Folder: E:\\EmailTool-V2\Barzaan\email_creator_app\files\database_output_files
2025-12-26 00:32:20,641 | INFO | 📊 Current database size: 562020 companies
2025-12-26 00:32:20,650 | INFO | 📄 Found file: E:\\EmailTool-V2\Barzaan\email_creator_app\files\database_output_files\$RWYTUCG_2025-03-23_output.csv
2025-12-26 00:32:21,212 | INFO | ✅ Added patterns | File: $RWYTUCG_2025-03-23_output.csv | Folder: E:\\EmailTool-V2\Barzaan\email_creator_app\files\database_output_files
2025-12-26 00:32:21,212 | INFO | 📊 Current database size: 562020 companies
2025-12-26 00:32:21,212 | INFO | 📄 Found file: E:\\EmailTool-V2\Barzaan\email_creator_app\files\database_output_files\$RYE5KBJ_2025-03-23_output.csv
2025-12-26 00:32:21,875 | INFO | ✅ Added patterns | File: $RYE5KBJ_2025-03-23_output.csv | Folder: E:\\EmailTool-V2\Barzaan\email_creator_app\files\database_output_files
2025-12-26 00:32:21,875 | INFO | 📊 Current database size: 562020 companies
2025-12-26 00:32:21,877 | INFO | 📄 Found file: E:\\EmailTool-V2\Barzaan\email_creator_app\files\database_output_files\$RYR9G5L_2025-03-23_output.csv
2025-12-26 00:32:22,263 | INFO | ✅ Added patterns | File: $RYR9G5L_2025-03-23_output.csv | Folder: E:\\EmailTool-V2\Barzaan\email_creator_app\files\database_output_files
2025-12-26 00:32:22,263 | INFO | 📊 Current database size: 562020 companies
2025-12-26 00:32:22,263 | INFO | 📄 Found file: E:\\EmailTool-V2\Barzaan\email_creator_app\files\database_output_files\$RYZMB6G_2025-03-23_output.csv
2025-12-26 00:32:23,116 | INFO | ✅ Added patterns | File: $RYZMB6G_2025-03-23_output.csv | Folder: E:\\EmailTool-V2\Barzaan\email_creator_app\files\database_output_files
2025-12-26 00:32:23,116 | INFO | 📊 Current database size: 562020 companies
2025-12-26 00:32:23,116 | INFO | 📄 Found file: E:\\EmailTool-V2\Barzaan\email_creator_app\files\database_output_files\$RZ4GJSK_2025-03-23_output.csv
2025-12-26 00:32:23,668 | INFO | ✅ Added patterns | File: $RZ4GJSK_2025-03-23_output.csv | Folder: E:\\EmailTool-V2\Barzaan\email_creator_app\files\database_output_files
2025-12-26 00:32:23,668 | INFO | 📊 Current database size: 562020 companies
2025-12-26 00:32:23,668 | INFO | 📄 Found file: E:\\EmailTool-V2\Barzaan\email_creator_app\files\database_output_files\$RZQXGB3_2025-03-23_output.csv
2025-12-26 00:32:23,969 | INFO | ✅ Added patterns | File: $RZQXGB3_2025-03-23_output.csv | Folder: E:\\EmailTool-V2\Barzaan\email_creator_app\files\database_output_files
2025-12-26 00:32:23,969 | INFO | 📊 Current database size: 562020 companies
2025-12-26 00:32:23,969 | INFO | 📄 Found file: E:\\EmailTool-V2\Barzaan\email_creator_app\files\database_output_files\19-Sep-2023 20_10_23_2025-03-23_output.csv
2025-12-26 00:32:25,692 | INFO | ✅ Added patterns | File: 19-Sep-2023 20_10_23_2025-03-23_output.csv | Folder: E:\\EmailTool-V2\Barzaan\email_creator_app\files\database_output_files
2025-12-26 00:32:25,692 | INFO | 📊 Current database size: 562020 companies
2025-12-26 00:32:25,692 | INFO | 📄 Found file: E:\\EmailTool-V2\Barzaan\email_creator_app\files\database_output_files\19-Sep-2023 20_11_58_2025-03-23_output.csv
2025-12-26 00:32:27,314 | INFO | ✅ Added patterns | File: 19-Sep-2023 20_11_58_2025-03-23_output.csv | Folder: E:\\EmailTool-V2\Barzaan\email_creator_app\files\database_output_files
2025-12-26 00:32:27,314 | INFO | 📊 Current database size: 562020 companies
2025-12-26 00:32:27,314 | INFO | 📄 Found file: E:\\EmailTool-V2\Barzaan\email_creator_app\files\database_output_files\19-Sep-2023 20_13_39_2025-03-23_output.csv
2025-12-26 00:32:28,953 | INFO | ✅ Added patterns | File: 19-Sep-2023 20_13_39_2025-03-23_output.csv | Folder: E:\\EmailTool-V2\Barzaan\email_creator_app\files\database_output_files
2025-12-26 00:32:28,953 | INFO | 📊 Current database size: 562020 companies
2025-12-26 00:32:28,953 | INFO | 📄 Found file: E:\\EmailTool-V2\Barzaan\email_creator_app\files\database_output_files\19-Sep-2023 20_15_34_2025-03-23_output.csv
2025-12-26 00:32:30,578 | INFO | ✅ Added patterns | File: 19-Sep-2023 20_15_34_2025-03-23_output.csv | Folder: E:\\EmailTool-V2\Barzaan\email_creator_app\files\database_output_files
2025-12-26 00:32:30,578 | INFO | 📊 Current database size: 562020 companies
2025-12-26 00:32:30,580 | INFO | 📄 Found file: E:\\EmailTool-V2\Barzaan\email_creator_app\files\database_output_files\19-Sep-2023 20_17_12_2025-03-23_output.csv
2025-12-26 00:32:32,181 | INFO | ✅ Added patterns | File: 19-Sep-2023 20_17_12_2025-03-23_output.csv | Folder: E:\\EmailTool-V2\Barzaan\email_creator_app\files\database_output_files
2025-12-26 00:32:32,181 | INFO | 📊 Current database size: 562020 companies
2025-12-26 00:32:32,181 | INFO | 📄 Found file: E:\\EmailTool-V2\Barzaan\email_creator_app\files\database_output_files\19-Sep-2023 20_18_54_2025-03-23_output.csv
2025-12-26 00:32:33,787 | INFO | ✅ Added patterns | File: 19-Sep-2023 20_18_54_2025-03-23_output.csv | Folder: E:\\EmailTool-V2\Barzaan\email_creator_app\files\database_output_files
2025-12-26 00:32:33,787 | INFO | 📊 Current database size: 562020 companies
2025-12-26 00:32:33,787 | INFO | 📄 Found file: E:\\EmailTool-V2\Barzaan\email_creator_app\files\database_output_files\19-Sep-2023 20_20_51_2025-03-23_output.csv
2025-12-26 00:32:35,443 | INFO | ✅ Added patterns | File: 19-Sep-2023 20_20_51_2025-03-23_output.csv | Folder: E:\\EmailTool-V2\Barzaan\email_creator_app\files\database_output_files
2025-12-26 00:32:35,443 | INFO | 📊 Current database size: 562020 companies
2025-12-26 00:32:35,443 | INFO | 📄 Found file: E:\\EmailTool-V2\Barzaan\email_creator_app\files\database_output_files\19-Sep-2023 20_24_14_2025-03-23_output.csv
2025-12-26 00:32:37,048 | INFO | ✅ Added patterns | File: 19-Sep-2023 20_24_14_2025-03-23_output.csv | Folder: E:\\EmailTool-V2\Barzaan\email_creator_app\files\database_output_files
2025-12-26 00:32:37,048 | INFO | 📊 Current database size: 562020 companies
2025-12-26 00:32:37,048 | INFO | 📄 Found file: E:\\EmailTool-V2\Barzaan\email_creator_app\files\database_output_files\19-Sep-2023 20_26_02_2025-03-23_output.csv
2025-12-26 00:32:38,690 | INFO | ✅ Added patterns | File: 19-Sep-2023 20_26_02_2025-03-23_output.csv | Folder: E:\\EmailTool-V2\Barzaan\email_creator_app\files\database_output_files
2025-12-26 00:32:38,690 | INFO | 📊 Current database size: 562020 companies
2025-12-26 00:32:38,690 | INFO | 📄 Found file: E:\\EmailTool-V2\Barzaan\email_creator_app\files\database_output_files\19-Sep-2023 20_28_32_2025-03-23_output.csv
2025-12-26 00:32:39,858 | INFO | ✅ Added patterns | File: 19-Sep-2023 20_28_32_2025-03-23_output.csv | Folder: E:\\EmailTool-V2\Barzaan\email_creator_app\files\database_output_files
2025-12-26 00:32:39,858 | INFO | 📊 Current database size: 562020 companies
2025-12-26 00:32:39,858 | INFO | 📄 Found file: E:\\EmailTool-V2\Barzaan\email_creator_app\files\database_output_files\19-Sep-2023 20_29_53_2025-03-23_output.csv
2025-12-26 00:32:41,531 | INFO | ✅ Added patterns | File: 19-Sep-2023 20_29_53_2025-03-23_output.csv | Folder: E:\\EmailTool-V2\Barzaan\email_creator_app\files\database_output_files
2025-12-26 00:32:41,546 | INFO | 📊 Current database size: 562020 companies
2025-12-26 00:32:41,546 | INFO | 📄 Found file: E:\\EmailTool-V2\Barzaan\email_creator_app\files\database_output_files\19-Sep-2023 20_31_21_2025-03-23_output.csv
2025-12-26 00:32:43,170 | INFO | ✅ Added patterns | File: 19-Sep-2023 20_31_21_2025-03-23_output.csv | Folder: E:\\EmailTool-V2\Barzaan\email_creator_app\files\database_output_files
2025-12-26 00:32:43,170 | INFO | 📊 Current database size: 562020 companies
2025-12-26 00:32:43,170 | INFO | 📄 Found file: E:\\EmailTool-V2\Barzaan\email_creator_app\files\database_output_files\19-Sep-2023 20_34_02_2025-03-23_output.csv
2025-12-26 00:32:44,826 | INFO | ✅ Added patterns | File: 19-Sep-2023 20_34_02_2025-03-23_output.csv | Folder: E:\\EmailTool-V2\Barzaan\email_creator_app\files\database_output_files
2025-12-26 00:32:44,826 | INFO | 📊 Current database size: 562020 companies
2025-12-26 00:32:44,826 | INFO | 📄 Found file: E:\\EmailTool-V2\Barzaan\email_creator_app\files\database_output_files\19-Sep-2023 20_40_50_2025-03-23_output.csv
2025-12-26 00:32:46,451 | INFO | ✅ Added patterns | File: 19-Sep-2023 20_40_50_2025-03-23_output.csv | Folder: E:\\EmailTool-V2\Barzaan\email_creator_app\files\database_output_files
2025-12-26 00:32:46,451 | INFO | 📊 Current database size: 562020 companies
2025-12-26 00:32:46,451 | INFO | 📄 Found file: E:\\EmailTool-V2\Barzaan\email_creator_app\files\database_output_files\19-Sep-2023 20_42_33_2025-03-23_output.csv
2025-12-26 00:32:48,154 | INFO | ✅ Added patterns | File: 19-Sep-2023 20_42_33_2025-03-23_output.csv | Folder: E:\\EmailTool-V2\Barzaan\email_creator_app\files\database_output_files
2025-12-26 00:32:48,154 | INFO | 📊 Current database size: 562020 companies
2025-12-26 00:32:48,154 | INFO | 📄 Found file: E:\\EmailTool-V2\Barzaan\email_creator_app\files\database_output_files\19-Sep-2023 20_44_14_2025-03-23_output.csv
2025-12-26 00:32:49,810 | INFO | ✅ Added patterns | File: 19-Sep-2023 20_44_14_2025-03-23_output.csv | Folder: E:\\EmailTool-V2\Barzaan\email_creator_app\files\database_output_files
2025-12-26 00:32:49,810 | INFO | 📊 Current database size: 562020 companies
2025-12-26 00:32:49,810 | INFO | 📄 Found file: E:\\EmailTool-V2\Barzaan\email_creator_app\files\database_output_files\19-Sep-2023 20_47_40_2025-03-23_output.csv
2025-12-26 00:32:51,449 | INFO | ✅ Added patterns | File: 19-Sep-2023 20_47_40_2025-03-23_output.csv | Folder: E:\\EmailTool-V2\Barzaan\email_creator_app\files\database_output_files
2025-12-26 00:32:51,449 | INFO | 📊 Current database size: 562020 companies
2025-12-26 00:32:51,449 | INFO | 📄 Found file: E:\\EmailTool-V2\Barzaan\email_creator_app\files\database_output_files\19-Sep-2023 20_49_26_2025-03-23_output.csv
2025-12-26 00:32:53,038 | INFO | ✅ Added patterns | File: 19-Sep-2023 20_49_26_2025-03-23_output.csv | Folder: E:\\EmailTool-V2\Barzaan\email_creator_app\files\database_output_files
2025-12-26 00:32:53,038 | INFO | 📊 Current database size: 562020 companies
2025-12-26 00:32:53,038 | INFO | 📄 Found file: E:\\EmailTool-V2\Barzaan\email_creator_app\files\database_output_files\19-Sep-2023 20_51_18_2025-03-23_output.csv
2025-12-26 00:32:54,713 | INFO | ✅ Added patterns | File: 19-Sep-2023 20_51_18_2025-03-23_output.csv | Folder: E:\\EmailTool-V2\Barzaan\email_creator_app\files\database_output_files
2025-12-26 00:32:54,713 | INFO | 📊 Current database size: 562020 companies
2025-12-26 00:32:54,713 | INFO | 📄 Found file: E:\\EmailTool-V2\Barzaan\email_creator_app\files\database_output_files\19-Sep-2023 20_53_19_2025-03-23_output.csv
2025-12-26 00:32:56,392 | INFO | ✅ Added patterns | File: 19-Sep-2023 20_53_19_2025-03-23_output.csv | Folder: E:\\EmailTool-V2\Barzaan\email_creator_app\files\database_output_files
2025-12-26 00:32:56,392 | INFO | 📊 Current database size: 562020 companies
2025-12-26 00:32:56,392 | INFO | 📄 Found file: E:\\EmailTool-V2\Barzaan\email_creator_app\files\database_output_files\19-Sep-2023 20_55_51_2025-03-23_output.csv
2025-12-26 00:32:58,089 | INFO | ✅ Added patterns | File: 19-Sep-2023 20_55_51_2025-03-23_output.csv | Folder: E:\\EmailTool-V2\Barzaan\email_creator_app\files\database_output_files
2025-12-26 00:32:58,089 | INFO | 📊 Current database size: 562020 companies
2025-12-26 00:32:58,089 | INFO | 📄 Found file: E:\\EmailTool-V2\Barzaan\email_creator_app\files\database_output_files\19-Sep-2023 20_59_43_2025-03-23_output.csv
2025-12-26 00:32:59,795 | INFO | ✅ Added patterns | File: 19-Sep-2023 20_59_43_2025-03-23_output.csv | Folder: E:\\EmailTool-V2\Barzaan\email_creator_app\files\database_output_files
2025-12-26 00:32:59,795 | INFO | 📊 Current database size: 562020 companies
2025-12-26 00:32:59,795 | INFO | 📄 Found file: E:\\EmailTool-V2\Barzaan\email_creator_app\files\database_output_files\19-Sep-2023 21_01_44_2025-03-23_output.csv
2025-12-26 00:33:01,487 | INFO | ✅ Added patterns | File: 19-Sep-2023 21_01_44_2025-03-23_output.csv | Folder: E:\\EmailTool-V2\Barzaan\email_creator_app\files\database_output_files
2025-12-26 00:33:01,487 | INFO | 📊 Current database size: 562020 companies
2025-12-26 00:33:01,487 | INFO | 📄 Found file: E:\\EmailTool-V2\Barzaan\email_creator_app\files\database_output_files\19-Sep-2023 21_04_12_2025-03-23_output.csv
2025-12-26 00:33:03,207 | INFO | ✅ Added patterns | File: 19-Sep-2023 21_04_12_2025-03-23_output.csv | Folder: E:\\EmailTool-V2\Barzaan\email_creator_app\files\database_output_files
2025-12-26 00:33:03,207 | INFO | 📊 Current database size: 562020 companies
2025-12-26 00:33:03,207 | INFO | 📄 Found file: E:\\EmailTool-V2\Barzaan\email_creator_app\files\database_output_files\19-Sep-2023 21_06_28_2025-03-23_output.csv
2025-12-26 00:33:04,895 | INFO | ✅ Added patterns | File: 19-Sep-2023 21_06_28_2025-03-23_output.csv | Folder: E:\\EmailTool-V2\Barzaan\email_creator_app\files\database_output_files
2025-12-26 00:33:04,896 | INFO | 📊 Current database size: 562020 companies
2025-12-26 00:33:04,896 | INFO | 📄 Found file: E:\\EmailTool-V2\Barzaan\email_creator_app\files\database_output_files\19-Sep-2023 21_08_51_2025-03-23_output.csv
2025-12-26 00:33:06,602 | INFO | ✅ Added patterns | File: 19-Sep-2023 21_08_51_2025-03-23_output.csv | Folder: E:\\EmailTool-V2\Barzaan\email_creator_app\files\database_output_files
2025-12-26 00:33:06,602 | INFO | 📊 Current database size: 562020 companies
2025-12-26 00:33:06,602 | INFO | 📄 Found file: E:\\EmailTool-V2\Barzaan\email_creator_app\files\database_output_files\19-Sep-2023 21_11_22_2025-03-23_output.csv
2025-12-26 00:33:07,973 | INFO | ✅ Added patterns | File: 19-Sep-2023 21_11_22_2025-03-23_output.csv | Folder: E:\\EmailTool-V2\Barzaan\email_creator_app\files\database_output_files
2025-12-26 00:33:07,989 | INFO | 📊 Current database size: 562020 companies
2025-12-26 00:33:07,989 | INFO | 📄 Found file: E:\\EmailTool-V2\Barzaan\email_creator_app\files\database_output_files\19-Sep-2023 21_13_32_2025-03-23_output.csv
2025-12-26 00:33:09,680 | INFO | ✅ Added patterns | File: 19-Sep-2023 21_13_32_2025-03-23_output.csv | Folder: E:\\EmailTool-V2\Barzaan\email_creator_app\files\database_output_files
2025-12-26 00:33:09,680 | INFO | 📊 Current database size: 562020 companies
2025-12-26 00:33:09,695 | INFO | 📄 Found file: E:\\EmailTool-V2\Barzaan\email_creator_app\files\database_output_files\19-Sep-2023 21_15_13_2025-03-23_output.csv
2025-12-26 00:33:11,371 | INFO | ✅ Added patterns | File: 19-Sep-2023 21_15_13_2025-03-23_output.csv | Folder: E:\\EmailTool-V2\Barzaan\email_creator_app\files\database_output_files
2025-12-26 00:33:11,371 | INFO | 📊 Current database size: 562020 companies
2025-12-26 00:33:11,371 | INFO | 📄 Found file: E:\\EmailTool-V2\Barzaan\email_creator_app\files\database_output_files\19-Sep-2023 21_16_58_2025-03-23_output.csv
2025-12-26 00:33:13,225 | INFO | ✅ Added patterns | File: 19-Sep-2023 21_16_58_2025-03-23_output.csv | Folder: E:\\EmailTool-V2\Barzaan\email_creator_app\files\database_output_files
2025-12-26 00:33:13,225 | INFO | 📊 Current database size: 562020 companies
2025-12-26 00:33:13,225 | INFO | 📄 Found file: E:\\EmailTool-V2\Barzaan\email_creator_app\files\database_output_files\19-Sep-2023 21_18_59_2025-03-23_output.csv
2025-12-26 00:33:15,015 | INFO | ✅ Added patterns | File: 19-Sep-2023 21_18_59_2025-03-23_output.csv | Folder: E:\\EmailTool-V2\Barzaan\email_creator_app\files\database_output_files
2025-12-26 00:33:15,015 | INFO | 📊 Current database size: 562020 companies
2025-12-26 00:33:15,015 | INFO | 📄 Found file: E:\\EmailTool-V2\Barzaan\email_creator_app\files\database_output_files\19-Sep-2023 21_21_24_2025-03-23_output.csv
2025-12-26 00:33:16,721 | INFO | ✅ Added patterns | File: 19-Sep-2023 21_21_24_2025-03-23_output.csv | Folder: E:\\EmailTool-V2\Barzaan\email_creator_app\files\database_output_files
2025-12-26 00:33:16,721 | INFO | 📊 Current database size: 562020 companies
2025-12-26 00:33:16,721 | INFO | 📄 Found file: E:\\EmailTool-V2\Barzaan\email_creator_app\files\database_output_files\19-Sep-2023 21_24_49_2025-03-23_output.csv
2025-12-26 00:33:18,667 | INFO | ✅ Added patterns | File: 19-Sep-2023 21_24_49_2025-03-23_output.csv | Folder: E:\\EmailTool-V2\Barzaan\email_creator_app\files\database_output_files
2025-12-26 00:33:18,667 | INFO | 📊 Current database size: 562020 companies
2025-12-26 00:33:18,667 | INFO | 📄 Found file: E:\\EmailTool-V2\Barzaan\email_creator_app\files\database_output_files\19-Sep-2023 21_26_59_2025-03-23_output.csv
2025-12-26 00:33:20,501 | INFO | ✅ Added patterns | File: 19-Sep-2023 21_26_59_2025-03-23_output.csv | Folder: E:\\EmailTool-V2\Barzaan\email_creator_app\files\database_output_files
2025-12-26 00:33:20,501 | INFO | 📊 Current database size: 562020 companies
2025-12-26 00:33:20,501 | INFO | 📄 Found file: E:\\EmailTool-V2\Barzaan\email_creator_app\files\database_output_files\19-Sep-2023 21_29_10_2025-03-23_output.csv
2025-12-26 00:33:21,404 | INFO | ✅ Added patterns | File: 19-Sep-2023 21_29_10_2025-03-23_output.csv | Folder: E:\\EmailTool-V2\Barzaan\email_creator_app\files\database_output_files
2025-12-26 00:33:21,404 | INFO | 📊 Current database size: 562020 companies
2025-12-26 00:33:21,404 | INFO | 📄 Found file: E:\\EmailTool-V2\Barzaan\email_creator_app\files\database_output_files\Albuquerque&Tulsa Seggrigation_2025-03-23_output.csv
2025-12-26 00:33:21,755 | INFO | ✅ Added patterns | File: Albuquerque&Tulsa Seggrigation_2025-03-23_output.csv | Folder: E:\\EmailTool-V2\Barzaan\email_creator_app\files\database_output_files
2025-12-26 00:33:21,755 | INFO | 📊 Current database size: 562020 companies
2025-12-26 00:33:21,755 | INFO | 📄 Found file: E:\\EmailTool-V2\Barzaan\email_creator_app\files\database_output_files\Albuquerque, NM-81000_2025-03-23_output.csv
2025-12-26 00:33:22,207 | INFO | ✅ Added patterns | File: Albuquerque, NM-81000_2025-03-23_output.csv | Folder: E:\\EmailTool-V2\Barzaan\email_creator_app\files\database_output_files
2025-12-26 00:33:22,207 | INFO | 📊 Current database size: 562020 companies
2025-12-26 00:33:22,207 | INFO | 📄 Found file: E:\\EmailTool-V2\Barzaan\email_creator_app\files\database_output_files\Atlanta, GA-B2B-44874_2025-03-23_output.csv
2025-12-26 00:33:22,625 | INFO | ✅ Added patterns | File: Atlanta, GA-B2B-44874_2025-03-23_output.csv | Folder: E:\\EmailTool-V2\Barzaan\email_creator_app\files\database_output_files
2025-12-26 00:33:22,625 | INFO | 📊 Current database size: 562020 companies
2025-12-26 00:33:22,625 | INFO | 📄 Found file: E:\\EmailTool-V2\Barzaan\email_creator_app\files\database_output_files\Atlanta, GA-B2B-44874_2025-03-29_output.csv
2025-12-26 00:33:22,996 | INFO | ✅ Added patterns | File: Atlanta, GA-B2B-44874_2025-03-29_output.csv | Folder: E:\\EmailTool-V2\Barzaan\email_creator_app\files\database_output_files
2025-12-26 00:33:22,996 | INFO | 📊 Current database size: 562020 companies
2025-12-26 00:33:22,996 | INFO | 📄 Found file: E:\\EmailTool-V2\Barzaan\email_creator_app\files\database_output_files\Atlanta, GA-LSSGB-137575_2025-03-23_output.csv
2025-12-26 00:33:23,545 | INFO | ✅ Added patterns | File: Atlanta, GA-LSSGB-137575_2025-03-23_output.csv | Folder: E:\\EmailTool-V2\Barzaan\email_creator_app\files\database_output_files
2025-12-26 00:33:23,561 | INFO | 📊 Current database size: 562020 companies
2025-12-26 00:33:23,562 | INFO | 📄 Found file: E:\\EmailTool-V2\Barzaan\email_creator_app\files\database_output_files\Atlanta, GA-LSSGB-137575_2025-03-29_output.csv
2025-12-26 00:33:24,108 | INFO | ✅ Added patterns | File: Atlanta, GA-LSSGB-137575_2025-03-29_output.csv | Folder: E:\\EmailTool-V2\Barzaan\email_creator_app\files\database_output_files
2025-12-26 00:33:24,108 | INFO | 📊 Current database size: 562020 companies
2025-12-26 00:33:24,109 | INFO | 📄 Found file: E:\\EmailTool-V2\Barzaan\email_creator_app\files\database_output_files\Atlanta, GA-PMP-176938_2025-03-23_output.csv
2025-12-26 00:33:24,785 | INFO | ✅ Added patterns | File: Atlanta, GA-PMP-176938_2025-03-23_output.csv | Folder: E:\\EmailTool-V2\Barzaan\email_creator_app\files\database_output_files
2025-12-26 00:33:24,785 | INFO | 📊 Current database size: 562020 companies
2025-12-26 00:33:24,785 | INFO | 📄 Found file: E:\\EmailTool-V2\Barzaan\email_creator_app\files\database_output_files\Austin, Tx seggrigation_1_2025-03-29_output.csv
2025-12-26 00:33:25,201 | INFO | ✅ Added patterns | File: Austin, Tx seggrigation_1_2025-03-29_output.csv | Folder: E:\\EmailTool-V2\Barzaan\email_creator_app\files\database_output_files
2025-12-26 00:33:25,201 | INFO | 📊 Current database size: 562020 companies
2025-12-26 00:33:25,201 | INFO | 📄 Found file: E:\\EmailTool-V2\Barzaan\email_creator_app\files\database_output_files\Austin, TX-250000_2025-03-23_output.csv
2025-12-26 00:33:25,954 | INFO | ✅ Added patterns | File: Austin, TX-250000_2025-03-23_output.csv | Folder: E:\\EmailTool-V2\Barzaan\email_creator_app\files\database_output_files
2025-12-26 00:33:25,955 | INFO | 📊 Current database size: 562020 companies
2025-12-26 00:33:25,956 | INFO | 📄 Found file: E:\\EmailTool-V2\Barzaan\email_creator_app\files\database_output_files\Baltimore, MD-B2B-23152_2025-03-23_output.csv
2025-12-26 00:33:26,321 | INFO | ✅ Added patterns | File: Baltimore, MD-B2B-23152_2025-03-23_output.csv | Folder: E:\\EmailTool-V2\Barzaan\email_creator_app\files\database_output_files
2025-12-26 00:33:26,321 | INFO | 📊 Current database size: 562020 companies
2025-12-26 00:33:26,321 | INFO | 📄 Found file: E:\\EmailTool-V2\Barzaan\email_creator_app\files\database_output_files\Baltimore, MD-PMP-109446_2025-03-23_output.csv
2025-12-26 00:33:26,854 | INFO | ✅ Added patterns | File: Baltimore, MD-PMP-109446_2025-03-23_output.csv | Folder: E:\\EmailTool-V2\Barzaan\email_creator_app\files\database_output_files
2025-12-26 00:33:26,855 | INFO | 📊 Current database size: 562020 companies
2025-12-26 00:33:26,855 | INFO | 📄 Found file: E:\\EmailTool-V2\Barzaan\email_creator_app\files\database_output_files\Birmingham, AL-PMP-98164_2025-03-23_output.csv
2025-12-26 00:33:27,375 | INFO | ✅ Added patterns | File: Birmingham, AL-PMP-98164_2025-03-23_output.csv | Folder: E:\\EmailTool-V2\Barzaan\email_creator_app\files\database_output_files
2025-12-26 00:33:27,375 | INFO | 📊 Current database size: 562020 companies
2025-12-26 00:33:27,375 | INFO | 📄 Found file: E:\\EmailTool-V2\Barzaan\email_creator_app\files\database_output_files\Boise, ID Seggrigation 2018_2025-03-23_output.csv
2025-12-26 00:33:27,726 | INFO | ✅ Added patterns | File: Boise, ID Seggrigation 2018_2025-03-23_output.csv | Folder: E:\\EmailTool-V2\Barzaan\email_creator_app\files\database_output_files
2025-12-26 00:33:27,726 | INFO | 📊 Current database size: 562020 companies
2025-12-26 00:33:27,726 | INFO | 📄 Found file: E:\\EmailTool-V2\Barzaan\email_creator_app\files\database_output_files\Boise, ID Seggrigation 2018_2025-04-02_output.csv
2025-12-26 00:33:28,102 | INFO | ✅ Added patterns | File: Boise, ID Seggrigation 2018_2025-04-02_output.csv | Folder: E:\\EmailTool-V2\Barzaan\email_creator_app\files\database_output_files
2025-12-26 00:33:28,104 | INFO | 📊 Current database size: 562020 companies
2025-12-26 00:33:28,104 | INFO | 📄 Found file: E:\\EmailTool-V2\Barzaan\email_creator_app\files\database_output_files\Boise, ID Seggrigation 2018_2025-04-03_output.csv
2025-12-26 00:33:28,446 | INFO | ✅ Added patterns | File: Boise, ID Seggrigation 2018_2025-04-03_output.csv | Folder: E:\\EmailTool-V2\Barzaan\email_creator_app\files\database_output_files
2025-12-26 00:33:28,446 | INFO | 📊 Current database size: 562020 companies
2025-12-26 00:33:28,446 | INFO | 📄 Found file: E:\\EmailTool-V2\Barzaan\email_creator_app\files\database_output_files\Boise, ID-56000_2025-03-23_output.csv
2025-12-26 00:33:28,880 | INFO | ✅ Added patterns | File: Boise, ID-56000_2025-03-23_output.csv | Folder: E:\\EmailTool-V2\Barzaan\email_creator_app\files\database_output_files
2025-12-26 00:33:28,880 | INFO | 📊 Current database size: 562020 companies
2025-12-26 00:33:28,896 | INFO | 📄 Found file: E:\\EmailTool-V2\Barzaan\email_creator_app\files\database_output_files\Boston, MA-110132_2025-03-23_output.csv
2025-12-26 00:33:29,382 | INFO | ✅ Added patterns | File: Boston, MA-110132_2025-03-23_output.csv | Folder: E:\\EmailTool-V2\Barzaan\email_creator_app\files\database_output_files
2025-12-26 00:33:29,382 | INFO | 📊 Current database size: 562020 companies
2025-12-26 00:33:29,382 | INFO | 📄 Found file: E:\\EmailTool-V2\Barzaan\email_creator_app\files\database_output_files\Boston, MA-B2B-21443_2025-03-23_output.csv
2025-12-26 00:33:29,750 | INFO | ✅ Added patterns | File: Boston, MA-B2B-21443_2025-03-23_output.csv | Folder: E:\\EmailTool-V2\Barzaan\email_creator_app\files\database_output_files
2025-12-26 00:33:29,750 | INFO | 📊 Current database size: 562020 companies
2025-12-26 00:33:29,750 | INFO | 📄 Found file: E:\\EmailTool-V2\Barzaan\email_creator_app\files\database_output_files\Boston, MA-PMP-78586_2025-03-23_output.csv
2025-12-26 00:33:30,185 | INFO | ✅ Added patterns | File: Boston, MA-PMP-78586_2025-03-23_output.csv | Folder: E:\\EmailTool-V2\Barzaan\email_creator_app\files\database_output_files
2025-12-26 00:33:30,185 | INFO | 📊 Current database size: 562020 companies
2025-12-26 00:33:30,185 | INFO | 📄 Found file: E:\\EmailTool-V2\Barzaan\email_creator_app\files\database_output_files\Buffalo, NY-PMP-15804_2025-03-23_output.csv
2025-12-26 00:33:30,536 | INFO | ✅ Added patterns | File: Buffalo, NY-PMP-15804_2025-03-23_output.csv | Folder: E:\\EmailTool-V2\Barzaan\email_creator_app\files\database_output_files
2025-12-26 00:33:30,536 | INFO | 📊 Current database size: 562020 companies
2025-12-26 00:33:30,536 | INFO | 📄 Found file: E:\\EmailTool-V2\Barzaan\email_creator_app\files\database_output_files\Calgary file 2_2025-03-23_output.csv
2025-12-26 00:33:31,172 | INFO | ✅ Added patterns | File: Calgary file 2_2025-03-23_output.csv | Folder: E:\\EmailTool-V2\Barzaan\email_creator_app\files\database_output_files
2025-12-26 00:33:31,172 | INFO | 📊 Current database size: 562020 companies
2025-12-26 00:33:31,172 | INFO | 📄 Found file: E:\\EmailTool-V2\Barzaan\email_creator_app\files\database_output_files\Calgary file_2025-03-23_output.csv
2025-12-26 00:33:31,757 | INFO | ✅ Added patterns | File: Calgary file_2025-03-23_output.csv | Folder: E:\\EmailTool-V2\Barzaan\email_creator_app\files\database_output_files
2025-12-26 00:33:31,757 | INFO | 📊 Current database size: 562020 companies
2025-12-26 00:33:31,757 | INFO | 📄 Found file: E:\\EmailTool-V2\Barzaan\email_creator_app\files\database_output_files\Calgary, AB-174000 (1)_2025-03-23_output.csv
2025-12-26 00:33:32,359 | INFO | ✅ Added patterns | File: Calgary, AB-174000 (1)_2025-03-23_output.csv | Folder: E:\\EmailTool-V2\Barzaan\email_creator_app\files\database_output_files
2025-12-26 00:33:32,375 | INFO | 📊 Current database size: 562020 companies
2025-12-26 00:33:32,376 | INFO | 📄 Found file: E:\\EmailTool-V2\Barzaan\email_creator_app\files\database_output_files\Calgary, AB-174000_2025-03-23_output.csv
2025-12-26 00:33:32,961 | INFO | ✅ Added patterns | File: Calgary, AB-174000_2025-03-23_output.csv | Folder: E:\\EmailTool-V2\Barzaan\email_creator_app\files\database_output_files
2025-12-26 00:33:32,961 | INFO | 📊 Current database size: 562020 companies
2025-12-26 00:33:32,961 | INFO | 📄 Found file: E:\\EmailTool-V2\Barzaan\email_creator_app\files\database_output_files\Charlotte, NC-110000_2025-03-23_output.csv
2025-12-26 00:33:33,510 | INFO | ✅ Added patterns | File: Charlotte, NC-110000_2025-03-23_output.csv | Folder: E:\\EmailTool-V2\Barzaan\email_creator_app\files\database_output_files
2025-12-26 00:33:33,510 | INFO | 📊 Current database size: 562020 companies
2025-12-26 00:33:33,510 | INFO | 📄 Found file: E:\\EmailTool-V2\Barzaan\email_creator_app\files\database_output_files\Charlotte, NC-B2B-16773_2025-03-23_output.csv
2025-12-26 00:33:33,814 | INFO | ✅ Added patterns | File: Charlotte, NC-B2B-16773_2025-03-23_output.csv | Folder: E:\\EmailTool-V2\Barzaan\email_creator_app\files\database_output_files
2025-12-26 00:33:33,814 | INFO | 📊 Current database size: 562020 companies
2025-12-26 00:33:33,814 | INFO | 📄 Found file: E:\\EmailTool-V2\Barzaan\email_creator_app\files\database_output_files\Charlotte, NC-LSSGB-58056_2025-03-23_output.csv
2025-12-26 00:33:34,216 | INFO | ✅ Added patterns | File: Charlotte, NC-LSSGB-58056_2025-03-23_output.csv | Folder: E:\\EmailTool-V2\Barzaan\email_creator_app\files\database_output_files
2025-12-26 00:33:34,216 | INFO | 📊 Current database size: 562020 companies
2025-12-26 00:33:34,216 | INFO | 📄 Found file: E:\\EmailTool-V2\Barzaan\email_creator_app\files\database_output_files\Charlotte, NC-PMP-70752 uploaded to tool_2025-03-23_output.csv
2025-12-26 00:33:34,667 | INFO | ✅ Added patterns | File: Charlotte, NC-PMP-70752 uploaded to tool_2025-03-23_output.csv | Folder: E:\\EmailTool-V2\Barzaan\email_creator_app\files\database_output_files
2025-12-26 00:33:34,667 | INFO | 📊 Current database size: 562020 companies
2025-12-26 00:33:34,667 | INFO | 📄 Found file: E:\\EmailTool-V2\Barzaan\email_creator_app\files\database_output_files\Chicago, IL-77000_2025-03-23_output.csv
2025-12-26 00:33:35,152 | INFO | ✅ Added patterns | File: Chicago, IL-77000_2025-03-23_output.csv | Folder: E:\\EmailTool-V2\Barzaan\email_creator_app\files\database_output_files
2025-12-26 00:33:35,152 | INFO | 📊 Current database size: 562020 companies
2025-12-26 00:33:35,152 | INFO | 📄 Found file: E:\\EmailTool-V2\Barzaan\email_creator_app\files\database_output_files\Chicago, IL-B2B-50394_2025-03-23_output.csv
2025-12-26 00:33:35,604 | INFO | ✅ Added patterns | File: Chicago, IL-B2B-50394_2025-03-23_output.csv | Folder: E:\\EmailTool-V2\Barzaan\email_creator_app\files\database_output_files
2025-12-26 00:33:35,604 | INFO | 📊 Current database size: 562020 companies
2025-12-26 00:33:35,604 | INFO | 📄 Found file: E:\\EmailTool-V2\Barzaan\email_creator_app\files\database_output_files\Chicago, IL-LSSGB-140529_2025-03-23_output.csv
2025-12-26 00:33:36,189 | INFO | ✅ Added patterns | File: Chicago, IL-LSSGB-140529_2025-03-23_output.csv | Folder: E:\\EmailTool-V2\Barzaan\email_creator_app\files\database_output_files
2025-12-26 00:33:36,189 | INFO | 📊 Current database size: 562020 companies
2025-12-26 00:33:36,189 | INFO | 📄 Found file: E:\\EmailTool-V2\Barzaan\email_creator_app\files\database_output_files\Chicago, IL-PMP-200132_2025-03-23_output.csv
2025-12-26 00:33:36,892 | INFO | ✅ Added patterns | File: Chicago, IL-PMP-200132_2025-03-23_output.csv | Folder: E:\\EmailTool-V2\Barzaan\email_creator_app\files\database_output_files
2025-12-26 00:33:36,892 | INFO | 📊 Current database size: 562020 companies
2025-12-26 00:33:36,892 | INFO | 📄 Found file: E:\\EmailTool-V2\Barzaan\email_creator_app\files\database_output_files\Cleveland, OH-224000-Y_2025-03-23_output.csv
2025-12-26 00:33:37,611 | INFO | ✅ Added patterns | File: Cleveland, OH-224000-Y_2025-03-23_output.csv | Folder: E:\\EmailTool-V2\Barzaan\email_creator_app\files\database_output_files
2025-12-26 00:33:37,611 | INFO | 📊 Current database size: 562020 companies
2025-12-26 00:33:37,611 | INFO | 📄 Found file: E:\\EmailTool-V2\Barzaan\email_creator_app\files\database_output_files\Colorado Springs, CO Seggrigation _ - Copy_2025-03-23_output.csv
2025-12-26 00:33:37,946 | INFO | ✅ Added patterns | File: Colorado Springs, CO Seggrigation _ - Copy_2025-03-23_output.csv | Folder: E:\\EmailTool-V2\Barzaan\email_creator_app\files\database_output_files
2025-12-26 00:33:37,946 | INFO | 📊 Current database size: 562020 companies
2025-12-26 00:33:37,946 | INFO | 📄 Found file: E:\\EmailTool-V2\Barzaan\email_creator_app\files\database_output_files\Colorado Springs, CO Seggrigation __2025-03-23_output.csv
2025-12-26 00:33:38,266 | INFO | ✅ Added patterns | File: Colorado Springs, CO Seggrigation __2025-03-23_output.csv | Folder: E:\\EmailTool-V2\Barzaan\email_creator_app\files\database_output_files
2025-12-26 00:33:38,266 | INFO | 📊 Current database size: 562020 companies
2025-12-26 00:33:38,266 | INFO | 📄 Found file: E:\\EmailTool-V2\Barzaan\email_creator_app\files\database_output_files\Colorado Springs, CO Seggrigation __2025-03-29_output.csv
2025-12-26 00:33:38,599 | INFO | ✅ Added patterns | File: Colorado Springs, CO Seggrigation __2025-03-29_output.csv | Folder: E:\\EmailTool-V2\Barzaan\email_creator_app\files\database_output_files
2025-12-26 00:33:38,600 | INFO | 📊 Current database size: 562020 companies
2025-12-26 00:33:38,600 | INFO | 📄 Found file: E:\\EmailTool-V2\Barzaan\email_creator_app\files\database_output_files\Colorado Springs, CO Seggrigation __2025-04-02_output.csv
2025-12-26 00:33:38,949 | INFO | ✅ Added patterns | File: Colorado Springs, CO Seggrigation __2025-04-02_output.csv | Folder: E:\\EmailTool-V2\Barzaan\email_creator_app\files\database_output_files
2025-12-26 00:33:38,949 | INFO | 📊 Current database size: 562020 companies
2025-12-26 00:33:38,949 | INFO | 📄 Found file: E:\\EmailTool-V2\Barzaan\email_creator_app\files\database_output_files\Colorado Springs, CO Seggrigation __2025-04-03_output.csv
2025-12-26 00:33:39,300 | INFO | ✅ Added patterns | File: Colorado Springs, CO Seggrigation __2025-04-03_output.csv | Folder: E:\\EmailTool-V2\Barzaan\email_creator_app\files\database_output_files
2025-12-26 00:33:39,300 | INFO | 📊 Current database size: 562020 companies
2025-12-26 00:33:39,300 | INFO | 📄 Found file: E:\\EmailTool-V2\Barzaan\email_creator_app\files\database_output_files\Colorado_2025-03-23_output.csv
2025-12-26 00:33:39,639 | INFO | ✅ Added patterns | File: Colorado_2025-03-23_output.csv | Folder: E:\\EmailTool-V2\Barzaan\email_creator_app\files\database_output_files
2025-12-26 00:33:39,639 | INFO | 📊 Current database size: 562020 companies
2025-12-26 00:33:39,639 | INFO | 📄 Found file: E:\\EmailTool-V2\Barzaan\email_creator_app\files\database_output_files\Colorado_2025-04-02_output.csv
2025-12-26 00:33:39,953 | INFO | ✅ Added patterns | File: Colorado_2025-04-02_output.csv | Folder: E:\\EmailTool-V2\Barzaan\email_creator_app\files\database_output_files
2025-12-26 00:33:39,953 | INFO | 📊 Current database size: 562020 companies
2025-12-26 00:33:39,968 | INFO | 📄 Found file: E:\\EmailTool-V2\Barzaan\email_creator_app\files\database_output_files\complete_2025-03-23_output.csv
2025-12-26 00:33:40,254 | INFO | ✅ Added patterns | File: complete_2025-03-23_output.csv | Folder: E:\\EmailTool-V2\Barzaan\email_creator_app\files\database_output_files
2025-12-26 00:33:40,254 | INFO | 📊 Current database size: 562020 companies
2025-12-26 00:33:40,254 | INFO | 📄 Found file: E:\\EmailTool-V2\Barzaan\email_creator_app\files\database_output_files\complete_2025-04-02_output.csv
2025-12-26 00:33:40,521 | INFO | ✅ Added patterns | File: complete_2025-04-02_output.csv | Folder: E:\\EmailTool-V2\Barzaan\email_creator_app\files\database_output_files
2025-12-26 00:33:40,538 | INFO | 📊 Current database size: 562020 companies
2025-12-26 00:33:40,538 | INFO | 📄 Found file: E:\\EmailTool-V2\Barzaan\email_creator_app\files\database_output_files\Dallas, TX Seggrigation_1_2025-03-23_output.csv
2025-12-26 00:33:41,257 | INFO | ✅ Added patterns | File: Dallas, TX Seggrigation_1_2025-03-23_output.csv | Folder: E:\\EmailTool-V2\Barzaan\email_creator_app\files\database_output_files
2025-12-26 00:33:41,257 | INFO | 📊 Current database size: 562020 companies
2025-12-26 00:33:41,273 | INFO | 📄 Found file: E:\\EmailTool-V2\Barzaan\email_creator_app\files\database_output_files\Dallas, TX Seggrigation_2018_2025-03-23_output.csv
2025-12-26 00:33:42,260 | INFO | ✅ Added patterns | File: Dallas, TX Seggrigation_2018_2025-03-23_output.csv | Folder: E:\\EmailTool-V2\Barzaan\email_creator_app\files\database_output_files
2025-12-26 00:33:42,261 | INFO | 📊 Current database size: 562020 companies
2025-12-26 00:33:42,261 | INFO | 📄 Found file: E:\\EmailTool-V2\Barzaan\email_creator_app\files\database_output_files\Dallas, TX-420000_2025-03-23_output.csv
2025-12-26 00:33:43,205 | INFO | ✅ Added patterns | File: Dallas, TX-420000_2025-03-23_output.csv | Folder: E:\\EmailTool-V2\Barzaan\email_creator_app\files\database_output_files
2025-12-26 00:33:43,206 | INFO | 📊 Current database size: 562020 companies
2025-12-26 00:33:43,206 | INFO | 📄 Found file: E:\\EmailTool-V2\Barzaan\email_creator_app\files\database_output_files\Denver,  CO Seggrigation_1_2025-03-23_output.csv
2025-12-26 00:33:43,565 | INFO | ✅ Added patterns | File: Denver,  CO Seggrigation_1_2025-03-23_output.csv | Folder: E:\\EmailTool-V2\Barzaan\email_creator_app\files\database_output_files
2025-12-26 00:33:43,565 | INFO | 📊 Current database size: 562020 companies
2025-12-26 00:33:43,565 | INFO | 📄 Found file: E:\\EmailTool-V2\Barzaan\email_creator_app\files\database_output_files\Denver, CO Seggrigation _  Done_2025-03-23_output.csv
2025-12-26 00:33:44,192 | INFO | ✅ Added patterns | File: Denver, CO Seggrigation _  Done_2025-03-23_output.csv | Folder: E:\\EmailTool-V2\Barzaan\email_creator_app\files\database_output_files
2025-12-26 00:33:44,192 | INFO | 📊 Current database size: 562020 companies
2025-12-26 00:33:44,192 | INFO | 📄 Found file: E:\\EmailTool-V2\Barzaan\email_creator_app\files\database_output_files\Des Moines, IA-PMP-57376_2025-03-23_output.csv
2025-12-26 00:33:44,586 | INFO | ✅ Added patterns | File: Des Moines, IA-PMP-57376_2025-03-23_output.csv | Folder: E:\\EmailTool-V2\Barzaan\email_creator_app\files\database_output_files
2025-12-26 00:33:44,586 | INFO | 📊 Current database size: 562020 companies
2025-12-26 00:33:44,586 | INFO | 📄 Found file: E:\\EmailTool-V2\Barzaan\email_creator_app\files\database_output_files\Detroit, MI-135000_2025-03-23_output.csv
2025-12-26 00:33:45,204 | INFO | ✅ Added patterns | File: Detroit, MI-135000_2025-03-23_output.csv | Folder: E:\\EmailTool-V2\Barzaan\email_creator_app\files\database_output_files
2025-12-26 00:33:45,204 | INFO | 📊 Current database size: 562020 companies
2025-12-26 00:33:45,204 | INFO | 📄 Found file: E:\\EmailTool-V2\Barzaan\email_creator_app\files\database_output_files\Edmonton, AB-93000 (1)_2025-03-23_output.csv
2025-12-26 00:33:45,689 | INFO | ✅ Added patterns | File: Edmonton, AB-93000 (1)_2025-03-23_output.csv | Folder: E:\\EmailTool-V2\Barzaan\email_creator_app\files\database_output_files
2025-12-26 00:33:45,689 | INFO | 📊 Current database size: 562020 companies
2025-12-26 00:33:45,689 | INFO | 📄 Found file: E:\\EmailTool-V2\Barzaan\email_creator_app\files\database_output_files\Edmonton, AB-93000_2025-03-23_output.csv
2025-12-26 00:33:46,141 | INFO | ✅ Added patterns | File: Edmonton, AB-93000_2025-03-23_output.csv | Folder: E:\\EmailTool-V2\Barzaan\email_creator_app\files\database_output_files
2025-12-26 00:33:46,141 | INFO | 📊 Current database size: 562020 companies
2025-12-26 00:33:46,141 | INFO | 📄 Found file: E:\\EmailTool-V2\Barzaan\email_creator_app\files\database_output_files\Eugene, OR-37000_2025-03-23_output.csv
2025-12-26 00:33:46,542 | INFO | ✅ Added patterns | File: Eugene, OR-37000_2025-03-23_output.csv | Folder: E:\\EmailTool-V2\Barzaan\email_creator_app\files\database_output_files
2025-12-26 00:33:46,542 | INFO | 📊 Current database size: 562020 companies
2025-12-26 00:33:46,542 | INFO | 📄 Found file: E:\\EmailTool-V2\Barzaan\email_creator_app\files\database_output_files\EW-City-ND-24Ma_Missing_file2025-03-24 16-38-22_new_tool_output_2025-06-09_output.csv
2025-12-26 00:33:46,860 | INFO | ✅ Added patterns | File: EW-City-ND-24Ma_Missing_file2025-03-24 16-38-22_new_tool_output_2025-06-09_output.csv | Folder: E:\\EmailTool-V2\Barzaan\email_creator_app\files\database_output_files
2025-12-26 00:33:46,860 | INFO | 📊 Current database size: 562020 companies
2025-12-26 00:33:46,860 | INFO | 📄 Found file: E:\\EmailTool-V2\Barzaan\email_creator_app\files\database_output_files\EW-City-ND-24Ma_Missing_file2025-03-24 16-38-22_new_tool_output_2025-06-10_output.csv
2025-12-26 00:33:47,178 | INFO | ✅ Added patterns | File: EW-City-ND-24Ma_Missing_file2025-03-24 16-38-22_new_tool_output_2025-06-10_output.csv | Folder: E:\\EmailTool-V2\Barzaan\email_creator_app\files\database_output_files
2025-12-26 00:33:47,178 | INFO | 📊 Current database size: 562020 companies
2025-12-26 00:33:47,194 | INFO | 📄 Found file: E:\\EmailTool-V2\Barzaan\email_creator_app\files\database_output_files\EW-City-ND_missing_file_5Apr_new_tool_output_2025-06-09_output.csv
2025-12-26 00:33:47,568 | INFO | ✅ Added patterns | File: EW-City-ND_missing_file_5Apr_new_tool_output_2025-06-09_output.csv | Folder: E:\\EmailTool-V2\Barzaan\email_creator_app\files\database_output_files
2025-12-26 00:33:47,568 | INFO | 📊 Current database size: 562020 companies
2025-12-26 00:33:47,568 | INFO | 📄 Found file: E:\\EmailTool-V2\Barzaan\email_creator_app\files\database_output_files\EW-City-ND_missing_file_5Apr_new_tool_output_2025-06-10_output.csv
2025-12-26 00:33:47,898 | INFO | ✅ Added patterns | File: EW-City-ND_missing_file_5Apr_new_tool_output_2025-06-10_output.csv | Folder: E:\\EmailTool-V2\Barzaan\email_creator_app\files\database_output_files
2025-12-26 00:33:47,899 | INFO | 📊 Current database size: 562020 companies
2025-12-26 00:33:47,899 | INFO | 📄 Found file: E:\\EmailTool-V2\Barzaan\email_creator_app\files\database_output_files\EW-ND-PM-7Apr-For creation_new_tool_output_2025-06-09_output.csv
2025-12-26 00:33:48,368 | INFO | ✅ Added patterns | File: EW-ND-PM-7Apr-For creation_new_tool_output_2025-06-09_output.csv | Folder: E:\\EmailTool-V2\Barzaan\email_creator_app\files\database_output_files
2025-12-26 00:33:48,368 | INFO | 📊 Current database size: 562020 companies
2025-12-26 00:33:48,368 | INFO | 📄 Found file: E:\\EmailTool-V2\Barzaan\email_creator_app\files\database_output_files\EW-ND-PM-7Apr-For creation_new_tool_output_2025-06-10_output.csv
2025-12-26 00:33:48,784 | INFO | ✅ Added patterns | File: EW-ND-PM-7Apr-For creation_new_tool_output_2025-06-10_output.csv | Folder: E:\\EmailTool-V2\Barzaan\email_creator_app\files\database_output_files
2025-12-26 00:33:48,784 | INFO | 📊 Current database size: 562020 companies
2025-12-26 00:33:48,784 | INFO | 📄 Found file: E:\\EmailTool-V2\Barzaan\email_creator_app\files\database_output_files\EW-NDPM-13May_new_tool_output_2025-06-09_output.csv
2025-12-26 00:33:49,215 | INFO | ✅ Added patterns | File: EW-NDPM-13May_new_tool_output_2025-06-09_output.csv | Folder: E:\\EmailTool-V2\Barzaan\email_creator_app\files\database_output_files
2025-12-26 00:33:49,215 | INFO | 📊 Current database size: 562020 companies
2025-12-26 00:33:49,217 | INFO | 📄 Found file: E:\\EmailTool-V2\Barzaan\email_creator_app\files\database_output_files\EW-NDPM-13May_new_tool_output_2025-06-10_output.csv
2025-12-26 00:33:49,553 | INFO | ✅ Added patterns | File: EW-NDPM-13May_new_tool_output_2025-06-10_output.csv | Folder: E:\\EmailTool-V2\Barzaan\email_creator_app\files\database_output_files
2025-12-26 00:33:49,553 | INFO | 📊 Current database size: 562020 companies
2025-12-26 00:33:49,553 | INFO | 📄 Found file: E:\\EmailTool-V2\Barzaan\email_creator_app\files\database_output_files\EW-NDPM-29May-For creation_missing_new_tool_output_2025-06-09_output.csv
2025-12-26 00:33:49,921 | INFO | ✅ Added patterns | File: EW-NDPM-29May-For creation_missing_new_tool_output_2025-06-09_output.csv | Folder: E:\\EmailTool-V2\Barzaan\email_creator_app\files\database_output_files
2025-12-26 00:33:49,921 | INFO | 📊 Current database size: 562020 companies
2025-12-26 00:33:49,921 | INFO | 📄 Found file: E:\\EmailTool-V2\Barzaan\email_creator_app\files\database_output_files\EW-NDPM-29May-For creation_missing_new_tool_output_2025-06-10_output.csv
2025-12-26 00:33:50,255 | INFO | ✅ Added patterns | File: EW-NDPM-29May-For creation_missing_new_tool_output_2025-06-10_output.csv | Folder: E:\\EmailTool-V2\Barzaan\email_creator_app\files\database_output_files
2025-12-26 00:33:50,255 | INFO | 📊 Current database size: 562020 companies
2025-12-26 00:33:50,255 | INFO | 📄 Found file: E:\\EmailTool-V2\Barzaan\email_creator_app\files\database_output_files\EW-NDPM-6May-For Creation_new_tool_output_2025-06-09_output.csv
2025-12-26 00:33:50,640 | INFO | ✅ Added patterns | File: EW-NDPM-6May-For Creation_new_tool_output_2025-06-09_output.csv | Folder: E:\\EmailTool-V2\Barzaan\email_creator_app\files\database_output_files
2025-12-26 00:33:50,640 | INFO | 📊 Current database size: 562020 companies
2025-12-26 00:33:50,640 | INFO | 📄 Found file: E:\\EmailTool-V2\Barzaan\email_creator_app\files\database_output_files\EW-NDPM-6May-For Creation_new_tool_output_2025-06-10_output.csv
2025-12-26 00:33:50,991 | INFO | ✅ Added patterns | File: EW-NDPM-6May-For Creation_new_tool_output_2025-06-10_output.csv | Folder: E:\\EmailTool-V2\Barzaan\email_creator_app\files\database_output_files
2025-12-26 00:33:50,991 | INFO | 📊 Current database size: 562020 companies
2025-12-26 00:33:50,991 | INFO | 📄 Found file: E:\\EmailTool-V2\Barzaan\email_creator_app\files\database_output_files\For tool - dupes removed_2025-03-23_output.csv
2025-12-26 00:33:51,575 | INFO | ✅ Added patterns | File: For tool - dupes removed_2025-03-23_output.csv | Folder: E:\\EmailTool-V2\Barzaan\email_creator_app\files\database_output_files
2025-12-26 00:33:51,591 | INFO | 📊 Current database size: 562020 companies
2025-12-26 00:33:51,591 | INFO | 📄 Found file: E:\\EmailTool-V2\Barzaan\email_creator_app\files\database_output_files\Fresno, CA-10000 - Copy_2025-03-23_output.csv
2025-12-26 00:33:51,942 | INFO | ✅ Added patterns | File: Fresno, CA-10000 - Copy_2025-03-23_output.csv | Folder: E:\\EmailTool-V2\Barzaan\email_creator_app\files\database_output_files
2025-12-26 00:33:51,942 | INFO | 📊 Current database size: 562020 companies
2025-12-26 00:33:51,942 | INFO | 📄 Found file: E:\\EmailTool-V2\Barzaan\email_creator_app\files\database_output_files\Fresno, CA-10000 - Copy_2025-04-02_output.csv
2025-12-26 00:33:52,248 | INFO | ✅ Added patterns | File: Fresno, CA-10000 - Copy_2025-04-02_output.csv | Folder: E:\\EmailTool-V2\Barzaan\email_creator_app\files\database_output_files
2025-12-26 00:33:52,248 | INFO | 📊 Current database size: 562020 companies
2025-12-26 00:33:52,248 | INFO | 📄 Found file: E:\\EmailTool-V2\Barzaan\email_creator_app\files\database_output_files\Fresno, CA-10000 - Copy_2025-05-26_output.csv
2025-12-26 00:33:52,587 | INFO | ✅ Added patterns | File: Fresno, CA-10000 - Copy_2025-05-26_output.csv | Folder: E:\\EmailTool-V2\Barzaan\email_creator_app\files\database_output_files
2025-12-26 00:33:52,587 | INFO | 📊 Current database size: 562020 companies
2025-12-26 00:33:52,587 | INFO | 📄 Found file: E:\\EmailTool-V2\Barzaan\email_creator_app\files\database_output_files\Fresno, CA-10000_2025-03-23_output.csv
2025-12-26 00:33:52,934 | INFO | ✅ Added patterns | File: Fresno, CA-10000_2025-03-23_output.csv | Folder: E:\\EmailTool-V2\Barzaan\email_creator_app\files\database_output_files
2025-12-26 00:33:52,934 | INFO | 📊 Current database size: 562020 companies
2025-12-26 00:33:52,934 | INFO | 📄 Found file: E:\\EmailTool-V2\Barzaan\email_creator_app\files\database_output_files\Fresno, CA-10000_2025-03-29_output.csv
2025-12-26 00:33:53,233 | INFO | ✅ Added patterns | File: Fresno, CA-10000_2025-03-29_output.csv | Folder: E:\\EmailTool-V2\Barzaan\email_creator_app\files\database_output_files
2025-12-26 00:33:53,233 | INFO | 📊 Current database size: 562020 companies
2025-12-26 00:33:53,233 | INFO | 📄 Found file: E:\\EmailTool-V2\Barzaan\email_creator_app\files\database_output_files\Fresno, CA-10000_2025-04-02_output.csv
2025-12-26 00:33:53,553 | INFO | ✅ Added patterns | File: Fresno, CA-10000_2025-04-02_output.csv | Folder: E:\\EmailTool-V2\Barzaan\email_creator_app\files\database_output_files
2025-12-26 00:33:53,553 | INFO | 📊 Current database size: 562020 companies
2025-12-26 00:33:53,553 | INFO | 📄 Found file: E:\\EmailTool-V2\Barzaan\email_creator_app\files\database_output_files\Fresno, CA-10000_new_tool_output_2025-06-09_output.csv
2025-12-26 00:33:53,935 | INFO | ✅ Added patterns | File: Fresno, CA-10000_new_tool_output_2025-06-09_output.csv | Folder: E:\\EmailTool-V2\Barzaan\email_creator_app\files\database_output_files
2025-12-26 00:33:53,935 | INFO | 📊 Current database size: 562020 companies
2025-12-26 00:33:53,935 | INFO | 📄 Found file: E:\\EmailTool-V2\Barzaan\email_creator_app\files\database_output_files\Fresno, CA-10000_new_tool_output_2025-06-10_output.csv
2025-12-26 00:33:54,280 | INFO | ✅ Added patterns | File: Fresno, CA-10000_new_tool_output_2025-06-10_output.csv | Folder: E:\\EmailTool-V2\Barzaan\email_creator_app\files\database_output_files
2025-12-26 00:33:54,280 | INFO | 📊 Current database size: 562020 companies
2025-12-26 00:33:54,280 | INFO | 📄 Found file: E:\\EmailTool-V2\Barzaan\email_creator_app\files\database_output_files\Fresno, CA-test_new_tool_output_2025-06-09_output.csv
2025-12-26 00:33:54,554 | INFO | ✅ Added patterns | File: Fresno, CA-test_new_tool_output_2025-06-09_output.csv | Folder: E:\\EmailTool-V2\Barzaan\email_creator_app\files\database_output_files
2025-12-26 00:33:54,554 | INFO | 📊 Current database size: 562020 companies
2025-12-26 00:33:54,554 | INFO | 📄 Found file: E:\\EmailTool-V2\Barzaan\email_creator_app\files\database_output_files\Fresno, CA-test_new_tool_output_2025-06-10_output.csv
2025-12-26 00:33:54,872 | INFO | ✅ Added patterns | File: Fresno, CA-test_new_tool_output_2025-06-10_output.csv | Folder: E:\\EmailTool-V2\Barzaan\email_creator_app\files\database_output_files
2025-12-26 00:33:54,872 | INFO | 📊 Current database size: 562020 companies
2025-12-26 00:33:54,872 | INFO | 📄 Found file: E:\\EmailTool-V2\Barzaan\email_creator_app\files\database_output_files\Halifax, NS-18000 (1)_2025-03-23_output.csv
2025-12-26 00:33:55,209 | INFO | ✅ Added patterns | File: Halifax, NS-18000 (1)_2025-03-23_output.csv | Folder: E:\\EmailTool-V2\Barzaan\email_creator_app\files\database_output_files
2025-12-26 00:33:55,209 | INFO | 📊 Current database size: 562020 companies
2025-12-26 00:33:55,209 | INFO | 📄 Found file: E:\\EmailTool-V2\Barzaan\email_creator_app\files\database_output_files\Halifax, NS-18000_2025-03-23_output.csv
2025-12-26 00:33:55,540 | INFO | ✅ Added patterns | File: Halifax, NS-18000_2025-03-23_output.csv | Folder: E:\\EmailTool-V2\Barzaan\email_creator_app\files\database_output_files
2025-12-26 00:33:55,541 | INFO | 📊 Current database size: 562020 companies
2025-12-26 00:33:55,541 | INFO | 📄 Found file: E:\\EmailTool-V2\Barzaan\email_creator_app\files\database_output_files\Hartford, CT-PMP-67991_2025-03-23_output.csv
2025-12-26 00:33:56,028 | INFO | ✅ Added patterns | File: Hartford, CT-PMP-67991_2025-03-23_output.csv | Folder: E:\\EmailTool-V2\Barzaan\email_creator_app\files\database_output_files
2025-12-26 00:33:56,028 | INFO | 📊 Current database size: 562020 companies
2025-12-26 00:33:56,028 | INFO | 📄 Found file: E:\\EmailTool-V2\Barzaan\email_creator_app\files\database_output_files\Houston, TX Seggrigation_2018_2025-03-23_output.csv
2025-12-26 00:33:56,627 | INFO | ✅ Added patterns | File: Houston, TX Seggrigation_2018_2025-03-23_output.csv | Folder: E:\\EmailTool-V2\Barzaan\email_creator_app\files\database_output_files
2025-12-26 00:33:56,628 | INFO | 📊 Current database size: 562020 companies
2025-12-26 00:33:56,628 | INFO | 📄 Found file: E:\\EmailTool-V2\Barzaan\email_creator_app\files\database_output_files\Indianapolis, IN-B2B-16728_2025-03-23_output.csv
2025-12-26 00:33:56,946 | INFO | ✅ Added patterns | File: Indianapolis, IN-B2B-16728_2025-03-23_output.csv | Folder: E:\\EmailTool-V2\Barzaan\email_creator_app\files\database_output_files
2025-12-26 00:33:56,946 | INFO | 📊 Current database size: 562020 companies
2025-12-26 00:33:56,946 | INFO | 📄 Found file: E:\\EmailTool-V2\Barzaan\email_creator_app\files\database_output_files\Indianapolis, IN-PMP-81711_2025-03-23_output.csv
2025-12-26 00:33:57,464 | INFO | ✅ Added patterns | File: Indianapolis, IN-PMP-81711_2025-03-23_output.csv | Folder: E:\\EmailTool-V2\Barzaan\email_creator_app\files\database_output_files
2025-12-26 00:33:57,464 | INFO | 📊 Current database size: 562020 companies
2025-12-26 00:33:57,464 | INFO | 📄 Found file: E:\\EmailTool-V2\Barzaan\email_creator_app\files\database_output_files\Jacksonville, FL-110000_2025-03-23_output.csv
2025-12-26 00:33:57,977 | INFO | ✅ Added patterns | File: Jacksonville, FL-110000_2025-03-23_output.csv | Folder: E:\\EmailTool-V2\Barzaan\email_creator_app\files\database_output_files
2025-12-26 00:33:57,977 | INFO | 📊 Current database size: 562020 companies
2025-12-26 00:33:57,977 | INFO | 📄 Found file: E:\\EmailTool-V2\Barzaan\email_creator_app\files\database_output_files\Las Vegas, Va Seggrigation_1_2025-03-23_output.csv
2025-12-26 00:33:58,468 | INFO | ✅ Added patterns | File: Las Vegas, Va Seggrigation_1_2025-03-23_output.csv | Folder: E:\\EmailTool-V2\Barzaan\email_creator_app\files\database_output_files
2025-12-26 00:33:58,483 | INFO | 📊 Current database size: 562020 companies
2025-12-26 00:33:58,483 | INFO | 📄 Found file: E:\\EmailTool-V2\Barzaan\email_creator_app\files\database_output_files\Little Rock, AR-64000_2025-03-23_output.csv
2025-12-26 00:33:58,919 | INFO | ✅ Added patterns | File: Little Rock, AR-64000_2025-03-23_output.csv | Folder: E:\\EmailTool-V2\Barzaan\email_creator_app\files\database_output_files
2025-12-26 00:33:58,919 | INFO | 📊 Current database size: 562020 companies
2025-12-26 00:33:58,919 | INFO | 📄 Found file: E:\\EmailTool-V2\Barzaan\email_creator_app\files\database_output_files\Little Rock, AR-PMP-64271_2025-03-23_output.csv
2025-12-26 00:33:59,337 | INFO | ✅ Added patterns | File: Little Rock, AR-PMP-64271_2025-03-23_output.csv | Folder: E:\\EmailTool-V2\Barzaan\email_creator_app\files\database_output_files
2025-12-26 00:33:59,337 | INFO | 📊 Current database size: 562020 companies
2025-12-26 00:33:59,337 | INFO | 📄 Found file: E:\\EmailTool-V2\Barzaan\email_creator_app\files\database_output_files\LOS Angeles, CA  Seggrigation_1_2025-03-23_output.csv
2025-12-26 00:34:00,241 | INFO | ✅ Added patterns | File: LOS Angeles, CA  Seggrigation_1_2025-03-23_output.csv | Folder: E:\\EmailTool-V2\Barzaan\email_creator_app\files\database_output_files
2025-12-26 00:34:00,241 | INFO | 📊 Current database size: 562020 companies
2025-12-26 00:34:00,241 | INFO | 📄 Found file: E:\\EmailTool-V2\Barzaan\email_creator_app\files\database_output_files\Los Angeles, CA Seggrigation_2025-03-23_output.csv
2025-12-26 00:34:00,943 | INFO | ✅ Added patterns | File: Los Angeles, CA Seggrigation_2025-03-23_output.csv | Folder: E:\\EmailTool-V2\Barzaan\email_creator_app\files\database_output_files
2025-12-26 00:34:00,943 | INFO | 📊 Current database size: 562020 companies
2025-12-26 00:34:00,943 | INFO | 📄 Found file: E:\\EmailTool-V2\Barzaan\email_creator_app\files\database_output_files\Los Angeles, CA-440000_2025-03-23_output.csv
2025-12-26 00:34:01,962 | INFO | ✅ Added patterns | File: Los Angeles, CA-440000_2025-03-23_output.csv | Folder: E:\\EmailTool-V2\Barzaan\email_creator_app\files\database_output_files
2025-12-26 00:34:01,963 | INFO | 📊 Current database size: 562020 companies
2025-12-26 00:34:01,963 | INFO | 📄 Found file: E:\\EmailTool-V2\Barzaan\email_creator_app\files\database_output_files\Louisville, KY-51000-Y_2025-03-23_output.csv
2025-12-26 00:34:02,398 | INFO | ✅ Added patterns | File: Louisville, KY-51000-Y_2025-03-23_output.csv | Folder: E:\\EmailTool-V2\Barzaan\email_creator_app\files\database_output_files
2025-12-26 00:34:02,398 | INFO | 📊 Current database size: 562020 companies
2025-12-26 00:34:02,399 | INFO | 📄 Found file: E:\\EmailTool-V2\Barzaan\email_creator_app\files\database_output_files\Louisville, KY-51000_2025-03-23_output.csv
2025-12-26 00:34:02,799 | INFO | ✅ Added patterns | File: Louisville, KY-51000_2025-03-23_output.csv | Folder: E:\\EmailTool-V2\Barzaan\email_creator_app\files\database_output_files
2025-12-26 00:34:02,800 | INFO | 📊 Current database size: 562020 companies
2025-12-26 00:34:02,800 | INFO | 📄 Found file: E:\\EmailTool-V2\Barzaan\email_creator_app\files\database_output_files\Louisville, KY-PMP-58958_2025-03-23_output.csv
2025-12-26 00:34:03,198 | INFO | ✅ Added patterns | File: Louisville, KY-PMP-58958_2025-03-23_output.csv | Folder: E:\\EmailTool-V2\Barzaan\email_creator_app\files\database_output_files
2025-12-26 00:34:03,199 | INFO | 📊 Current database size: 562020 companies
2025-12-26 00:34:03,199 | INFO | 📄 Found file: E:\\EmailTool-V2\Barzaan\email_creator_app\files\database_output_files\Mexico City-74000_2025-03-23_output.csv
2025-12-26 00:34:03,586 | INFO | ✅ Added patterns | File: Mexico City-74000_2025-03-23_output.csv | Folder: E:\\EmailTool-V2\Barzaan\email_creator_app\files\database_output_files
2025-12-26 00:34:03,586 | INFO | 📊 Current database size: 562020 companies
2025-12-26 00:34:03,586 | INFO | 📄 Found file: E:\\EmailTool-V2\Barzaan\email_creator_app\files\database_output_files\Mexico City-74958_2025-03-23_output.csv
2025-12-26 00:34:03,987 | INFO | ✅ Added patterns | File: Mexico City-74958_2025-03-23_output.csv | Folder: E:\\EmailTool-V2\Barzaan\email_creator_app\files\database_output_files
2025-12-26 00:34:03,987 | INFO | 📊 Current database size: 562020 companies
2025-12-26 00:34:03,987 | INFO | 📄 Found file: E:\\EmailTool-V2\Barzaan\email_creator_app\files\database_output_files\Miami, FL-149000_2025-03-23_output.csv
2025-12-26 00:34:04,558 | INFO | ✅ Added patterns | File: Miami, FL-149000_2025-03-23_output.csv | Folder: E:\\EmailTool-V2\Barzaan\email_creator_app\files\database_output_files
2025-12-26 00:34:04,558 | INFO | 📊 Current database size: 562020 companies
2025-12-26 00:34:04,558 | INFO | 📄 Found file: E:\\EmailTool-V2\Barzaan\email_creator_app\files\database_output_files\Miami, FL-29144_2025-03-23_output.csv
2025-12-26 00:34:04,890 | INFO | ✅ Added patterns | File: Miami, FL-29144_2025-03-23_output.csv | Folder: E:\\EmailTool-V2\Barzaan\email_creator_app\files\database_output_files
2025-12-26 00:34:04,890 | INFO | 📊 Current database size: 562020 companies
2025-12-26 00:34:04,890 | INFO | 📄 Found file: E:\\EmailTool-V2\Barzaan\email_creator_app\files\database_output_files\Miami, FL-B2B-21096_2025-03-23_output.csv
2025-12-26 00:34:05,241 | INFO | ✅ Added patterns | File: Miami, FL-B2B-21096_2025-03-23_output.csv | Folder: E:\\EmailTool-V2\Barzaan\email_creator_app\files\database_output_files
2025-12-26 00:34:05,241 | INFO | 📊 Current database size: 562020 companies
2025-12-26 00:34:05,241 | INFO | 📄 Found file: E:\\EmailTool-V2\Barzaan\email_creator_app\files\database_output_files\Miami, FL-PMP-99051_2025-03-23_output.csv
2025-12-26 00:34:05,762 | INFO | ✅ Added patterns | File: Miami, FL-PMP-99051_2025-03-23_output.csv | Folder: E:\\EmailTool-V2\Barzaan\email_creator_app\files\database_output_files
2025-12-26 00:34:05,762 | INFO | 📊 Current database size: 562020 companies
2025-12-26 00:34:05,762 | INFO | 📄 Found file: E:\\EmailTool-V2\Barzaan\email_creator_app\files\database_output_files\Milwaukee, WI-128000_2025-03-23_output.csv
2025-12-26 00:34:06,264 | INFO | ✅ Added patterns | File: Milwaukee, WI-128000_2025-03-23_output.csv | Folder: E:\\EmailTool-V2\Barzaan\email_creator_app\files\database_output_files
2025-12-26 00:34:06,264 | INFO | 📊 Current database size: 562020 companies
2025-12-26 00:34:06,278 | INFO | 📄 Found file: E:\\EmailTool-V2\Barzaan\email_creator_app\files\database_output_files\Milwaukee, WI-129000_2025-03-23_output.csv
2025-12-26 00:34:06,814 | INFO | ✅ Added patterns | File: Milwaukee, WI-129000_2025-03-23_output.csv | Folder: E:\\EmailTool-V2\Barzaan\email_creator_app\files\database_output_files
2025-12-26 00:34:06,814 | INFO | 📊 Current database size: 562020 companies
2025-12-26 00:34:06,814 | INFO | 📄 Found file: E:\\EmailTool-V2\Barzaan\email_creator_app\files\database_output_files\Minneapolis, MN-B2B-24188_2025-03-23_output.csv
2025-12-26 00:34:07,148 | INFO | ✅ Added patterns | File: Minneapolis, MN-B2B-24188_2025-03-23_output.csv | Folder: E:\\EmailTool-V2\Barzaan\email_creator_app\files\database_output_files
2025-12-26 00:34:07,148 | INFO | 📊 Current database size: 562020 companies
2025-12-26 00:34:07,148 | INFO | 📄 Found file: E:\\EmailTool-V2\Barzaan\email_creator_app\files\database_output_files\Minneapolis, MN-PMP-117782_2025-03-23_output.csv
2025-12-26 00:34:07,700 | INFO | ✅ Added patterns | File: Minneapolis, MN-PMP-117782_2025-03-23_output.csv | Folder: E:\\EmailTool-V2\Barzaan\email_creator_app\files\database_output_files
2025-12-26 00:34:07,700 | INFO | 📊 Current database size: 562020 companies
2025-12-26 00:34:07,701 | INFO | 📄 Found file: E:\\EmailTool-V2\Barzaan\email_creator_app\files\database_output_files\Montreal, QC-180000 (1)_2025-03-23_output.csv
2025-12-26 00:34:08,302 | INFO | ✅ Added patterns | File: Montreal, QC-180000 (1)_2025-03-23_output.csv | Folder: E:\\EmailTool-V2\Barzaan\email_creator_app\files\database_output_files
2025-12-26 00:34:08,302 | INFO | 📊 Current database size: 562020 companies
2025-12-26 00:34:08,302 | INFO | 📄 Found file: E:\\EmailTool-V2\Barzaan\email_creator_app\files\database_output_files\Montreal, QC-180000_2025-03-23_output.csv
2025-12-26 00:34:08,871 | INFO | ✅ Added patterns | File: Montreal, QC-180000_2025-03-23_output.csv | Folder: E:\\EmailTool-V2\Barzaan\email_creator_app\files\database_output_files
2025-12-26 00:34:08,871 | INFO | 📊 Current database size: 562020 companies
2025-12-26 00:34:08,871 | INFO | 📄 Found file: E:\\EmailTool-V2\Barzaan\email_creator_app\files\database_output_files\Nashville, TN-108000_2025-03-23_output.csv
2025-12-26 00:34:09,356 | INFO | ✅ Added patterns | File: Nashville, TN-108000_2025-03-23_output.csv | Folder: E:\\EmailTool-V2\Barzaan\email_creator_app\files\database_output_files
2025-12-26 00:34:09,356 | INFO | 📊 Current database size: 562020 companies
2025-12-26 00:34:09,356 | INFO | 📄 Found file: E:\\EmailTool-V2\Barzaan\email_creator_app\files\database_output_files\Nashville, TN-120000_2025-03-23_output.csv
2025-12-26 00:34:09,938 | INFO | ✅ Added patterns | File: Nashville, TN-120000_2025-03-23_output.csv | Folder: E:\\EmailTool-V2\Barzaan\email_creator_app\files\database_output_files
2025-12-26 00:34:09,938 | INFO | 📊 Current database size: 562020 companies
2025-12-26 00:34:09,940 | INFO | 📄 Found file: E:\\EmailTool-V2\Barzaan\email_creator_app\files\database_output_files\New Hampshire, NH-PMP-90148_2025-03-23_output.csv
2025-12-26 00:34:10,426 | INFO | ✅ Added patterns | File: New Hampshire, NH-PMP-90148_2025-03-23_output.csv | Folder: E:\\EmailTool-V2\Barzaan\email_creator_app\files\database_output_files
2025-12-26 00:34:10,426 | INFO | 📊 Current database size: 562020 companies
2025-12-26 00:34:10,426 | INFO | 📄 Found file: E:\\EmailTool-V2\Barzaan\email_creator_app\files\database_output_files\New Orleans, LA-130000-Done_2025-03-23_output.csv
2025-12-26 00:34:10,995 | INFO | ✅ Added patterns | File: New Orleans, LA-130000-Done_2025-03-23_output.csv | Folder: E:\\EmailTool-V2\Barzaan\email_creator_app\files\database_output_files
2025-12-26 00:34:10,995 | INFO | 📊 Current database size: 562020 companies
2025-12-26 00:34:10,995 | INFO | 📄 Found file: E:\\EmailTool-V2\Barzaan\email_creator_app\files\database_output_files\New Orleans, LA-130000_2025-03-23_output.csv
2025-12-26 00:34:11,513 | INFO | ✅ Added patterns | File: New Orleans, LA-130000_2025-03-23_output.csv | Folder: E:\\EmailTool-V2\Barzaan\email_creator_app\files\database_output_files
2025-12-26 00:34:11,513 | INFO | 📊 Current database size: 562020 companies
2025-12-26 00:34:11,513 | INFO | 📄 Found file: E:\\EmailTool-V2\Barzaan\email_creator_app\files\database_output_files\New York, NY-110000 (1)_2025-03-23_output.csv
2025-12-26 00:34:11,984 | INFO | ✅ Added patterns | File: New York, NY-110000 (1)_2025-03-23_output.csv | Folder: E:\\EmailTool-V2\Barzaan\email_creator_app\files\database_output_files
2025-12-26 00:34:11,984 | INFO | 📊 Current database size: 562020 companies
2025-12-26 00:34:11,984 | INFO | 📄 Found file: E:\\EmailTool-V2\Barzaan\email_creator_app\files\database_output_files\New York, NY-110000_2025-03-23_output.csv
2025-12-26 00:34:12,450 | INFO | ✅ Added patterns | File: New York, NY-110000_2025-03-23_output.csv | Folder: E:\\EmailTool-V2\Barzaan\email_creator_app\files\database_output_files
2025-12-26 00:34:12,450 | INFO | 📊 Current database size: 562020 companies
2025-12-26 00:34:12,450 | INFO | 📄 Found file: E:\\EmailTool-V2\Barzaan\email_creator_app\files\database_output_files\New York, NY-151381_2025-03-23_output.csv
2025-12-26 00:34:13,169 | INFO | ✅ Added patterns | File: New York, NY-151381_2025-03-23_output.csv | Folder: E:\\EmailTool-V2\Barzaan\email_creator_app\files\database_output_files
2025-12-26 00:34:13,169 | INFO | 📊 Current database size: 562020 companies
2025-12-26 00:34:13,169 | INFO | 📄 Found file: E:\\EmailTool-V2\Barzaan\email_creator_app\files\database_output_files\New York, NY-240000_2025-03-23_output.csv
2025-12-26 00:34:13,939 | INFO | ✅ Added patterns | File: New York, NY-240000_2025-03-23_output.csv | Folder: E:\\EmailTool-V2\Barzaan\email_creator_app\files\database_output_files
2025-12-26 00:34:13,954 | INFO | 📊 Current database size: 562020 companies
2025-12-26 00:34:13,955 | INFO | 📄 Found file: E:\\EmailTool-V2\Barzaan\email_creator_app\files\database_output_files\New York, NY-297000-230000k Done_2025-03-23_output.csv
2025-12-26 00:34:14,875 | INFO | ✅ Added patterns | File: New York, NY-297000-230000k Done_2025-03-23_output.csv | Folder: E:\\EmailTool-V2\Barzaan\email_creator_app\files\database_output_files
2025-12-26 00:34:14,875 | INFO | 📊 Current database size: 562020 companies
2025-12-26 00:34:14,875 | INFO | 📄 Found file: E:\\EmailTool-V2\Barzaan\email_creator_app\files\database_output_files\New York, NY-297000_2025-03-23_output.csv
2025-12-26 00:34:15,795 | INFO | ✅ Added patterns | File: New York, NY-297000_2025-03-23_output.csv | Folder: E:\\EmailTool-V2\Barzaan\email_creator_app\files\database_output_files
2025-12-26 00:34:15,795 | INFO | 📊 Current database size: 562020 companies
2025-12-26 00:34:15,795 | INFO | 📄 Found file: E:\\EmailTool-V2\Barzaan\email_creator_app\files\database_output_files\New York, NY-B2B-62259 (1)_2025-03-23_output.csv
2025-12-26 00:34:16,213 | INFO | ✅ Added patterns | File: New York, NY-B2B-62259 (1)_2025-03-23_output.csv | Folder: E:\\EmailTool-V2\Barzaan\email_creator_app\files\database_output_files
2025-12-26 00:34:16,213 | INFO | 📊 Current database size: 562020 companies
2025-12-26 00:34:16,213 | INFO | 📄 Found file: E:\\EmailTool-V2\Barzaan\email_creator_app\files\database_output_files\New York, NY-B2B-62259_2025-03-23_output.csv
2025-12-26 00:34:16,607 | INFO | ✅ Added patterns | File: New York, NY-B2B-62259_2025-03-23_output.csv | Folder: E:\\EmailTool-V2\Barzaan\email_creator_app\files\database_output_files
2025-12-26 00:34:16,608 | INFO | 📊 Current database size: 562020 companies
2025-12-26 00:34:16,608 | INFO | 📄 Found file: E:\\EmailTool-V2\Barzaan\email_creator_app\files\database_output_files\New York, NY-LSSGB-166654 (1)_2025-03-23_output.csv
2025-12-26 00:34:17,206 | INFO | ✅ Added patterns | File: New York, NY-LSSGB-166654 (1)_2025-03-23_output.csv | Folder: E:\\EmailTool-V2\Barzaan\email_creator_app\files\database_output_files
2025-12-26 00:34:17,207 | INFO | 📊 Current database size: 562020 companies
2025-12-26 00:34:17,207 | INFO | 📄 Found file: E:\\EmailTool-V2\Barzaan\email_creator_app\files\database_output_files\New York, NY-LSSGB-166654_2025-03-23_output.csv
2025-12-26 00:34:17,769 | INFO | ✅ Added patterns | File: New York, NY-LSSGB-166654_2025-03-23_output.csv | Folder: E:\\EmailTool-V2\Barzaan\email_creator_app\files\database_output_files
2025-12-26 00:34:17,769 | INFO | 📊 Current database size: 562020 companies
2025-12-26 00:34:17,769 | INFO | 📄 Found file: E:\\EmailTool-V2\Barzaan\email_creator_app\files\database_output_files\New York, NY-PMP-202410 (1)_2025-03-23_output.csv
2025-12-26 00:34:18,454 | INFO | ✅ Added patterns | File: New York, NY-PMP-202410 (1)_2025-03-23_output.csv | Folder: E:\\EmailTool-V2\Barzaan\email_creator_app\files\database_output_files
2025-12-26 00:34:18,454 | INFO | 📊 Current database size: 562020 companies
2025-12-26 00:34:18,454 | INFO | 📄 Found file: E:\\EmailTool-V2\Barzaan\email_creator_app\files\database_output_files\New York, NY-PMP-202410_2025-03-23_output.csv
2025-12-26 00:34:19,157 | INFO | ✅ Added patterns | File: New York, NY-PMP-202410_2025-03-23_output.csv | Folder: E:\\EmailTool-V2\Barzaan\email_creator_app\files\database_output_files
2025-12-26 00:34:19,172 | INFO | 📊 Current database size: 562020 companies
2025-12-26 00:34:19,172 | INFO | 📄 Found file: E:\\EmailTool-V2\Barzaan\email_creator_app\files\database_output_files\New York_2025-03-23_output.csv
2025-12-26 00:34:19,575 | INFO | ✅ Added patterns | File: New York_2025-03-23_output.csv | Folder: E:\\EmailTool-V2\Barzaan\email_creator_app\files\database_output_files
2025-12-26 00:34:19,575 | INFO | 📊 Current database size: 562020 companies
2025-12-26 00:34:19,575 | INFO | 📄 Found file: E:\\EmailTool-V2\Barzaan\email_creator_app\files\database_output_files\Omaha, NE-94000_2025-03-23_output.csv
2025-12-26 00:34:20,063 | INFO | ✅ Added patterns | File: Omaha, NE-94000_2025-03-23_output.csv | Folder: E:\\EmailTool-V2\Barzaan\email_creator_app\files\database_output_files
2025-12-26 00:34:20,063 | INFO | 📊 Current database size: 562020 companies
2025-12-26 00:34:20,063 | INFO | 📄 Found file: E:\\EmailTool-V2\Barzaan\email_creator_app\files\database_output_files\open icert 3.78L_2025-03-23_output.csv
2025-12-26 00:34:21,066 | INFO | ✅ Added patterns | File: open icert 3.78L_2025-03-23_output.csv | Folder: E:\\EmailTool-V2\Barzaan\email_creator_app\files\database_output_files
2025-12-26 00:34:21,066 | INFO | 📊 Current database size: 562020 companies
2025-12-26 00:34:21,066 | INFO | 📄 Found file: E:\\EmailTool-V2\Barzaan\email_creator_app\files\database_output_files\open icert 3.78L_2025-05-26_output.csv
2025-12-26 00:34:22,318 | INFO | ✅ Added patterns | File: open icert 3.78L_2025-05-26_output.csv | Folder: E:\\EmailTool-V2\Barzaan\email_creator_app\files\database_output_files
2025-12-26 00:34:22,318 | INFO | 📊 Current database size: 562020 companies
2025-12-26 00:34:22,318 | INFO | 📄 Found file: E:\\EmailTool-V2\Barzaan\email_creator_app\files\database_output_files\Orange County, CA Seggrigation 2018 (1)_2025-03-23_output.csv
2025-12-26 00:34:23,030 | INFO | ✅ Added patterns | File: Orange County, CA Seggrigation 2018 (1)_2025-03-23_output.csv | Folder: E:\\EmailTool-V2\Barzaan\email_creator_app\files\database_output_files
2025-12-26 00:34:23,030 | INFO | 📊 Current database size: 562020 companies
2025-12-26 00:34:23,030 | INFO | 📄 Found file: E:\\EmailTool-V2\Barzaan\email_creator_app\files\database_output_files\Orange County, CA Seggrigation 2018_2025-03-23_output.csv
2025-12-26 00:34:23,789 | INFO | ✅ Added patterns | File: Orange County, CA Seggrigation 2018_2025-03-23_output.csv | Folder: E:\\EmailTool-V2\Barzaan\email_creator_app\files\database_output_files
2025-12-26 00:34:23,790 | INFO | 📊 Current database size: 562020 companies
2025-12-26 00:34:23,790 | INFO | 📄 Found file: E:\\EmailTool-V2\Barzaan\email_creator_app\files\database_output_files\Orlando, FL-PMP-25884_2025-03-23_output.csv
2025-12-26 00:34:24,136 | INFO | ✅ Added patterns | File: Orlando, FL-PMP-25884_2025-03-23_output.csv | Folder: E:\\EmailTool-V2\Barzaan\email_creator_app\files\database_output_files
2025-12-26 00:34:24,136 | INFO | 📊 Current database size: 562020 companies
2025-12-26 00:34:24,136 | INFO | 📄 Found file: E:\\EmailTool-V2\Barzaan\email_creator_app\files\database_output_files\Ottawa, ON-102000 (1)_2025-03-23_output.csv
2025-12-26 00:34:24,602 | INFO | ✅ Added patterns | File: Ottawa, ON-102000 (1)_2025-03-23_output.csv | Folder: E:\\EmailTool-V2\Barzaan\email_creator_app\files\database_output_files
2025-12-26 00:34:24,604 | INFO | 📊 Current database size: 562020 companies
2025-12-26 00:34:24,604 | INFO | 📄 Found file: E:\\EmailTool-V2\Barzaan\email_creator_app\files\database_output_files\Ottawa, ON-102000_2025-03-23_output.csv
2025-12-26 00:34:25,061 | INFO | ✅ Added patterns | File: Ottawa, ON-102000_2025-03-23_output.csv | Folder: E:\\EmailTool-V2\Barzaan\email_creator_app\files\database_output_files
2025-12-26 00:34:25,076 | INFO | 📊 Current database size: 562020 companies
2025-12-26 00:34:25,077 | INFO | 📄 Found file: E:\\EmailTool-V2\Barzaan\email_creator_app\files\database_output_files\Philadelphia, PA-118000_2025-03-23_output.csv
2025-12-26 00:34:25,579 | INFO | ✅ Added patterns | File: Philadelphia, PA-118000_2025-03-23_output.csv | Folder: E:\\EmailTool-V2\Barzaan\email_creator_app\files\database_output_files
2025-12-26 00:34:25,579 | INFO | 📊 Current database size: 562020 companies
2025-12-26 00:34:25,579 | INFO | 📄 Found file: E:\\EmailTool-V2\Barzaan\email_creator_app\files\database_output_files\Philadelphia, PA-173000_2025-03-23_output.csv
2025-12-26 00:34:26,231 | INFO | ✅ Added patterns | File: Philadelphia, PA-173000_2025-03-23_output.csv | Folder: E:\\EmailTool-V2\Barzaan\email_creator_app\files\database_output_files
2025-12-26 00:34:26,232 | INFO | 📊 Current database size: 562020 companies
2025-12-26 00:34:26,232 | INFO | 📄 Found file: E:\\EmailTool-V2\Barzaan\email_creator_app\files\database_output_files\Philadelphia, PA-197000_2025-03-23_output.csv
2025-12-26 00:34:26,920 | INFO | ✅ Added patterns | File: Philadelphia, PA-197000_2025-03-23_output.csv | Folder: E:\\EmailTool-V2\Barzaan\email_creator_app\files\database_output_files
2025-12-26 00:34:26,920 | INFO | 📊 Current database size: 562020 companies
2025-12-26 00:34:26,920 | INFO | 📄 Found file: E:\\EmailTool-V2\Barzaan\email_creator_app\files\database_output_files\Philadelphia, PA-B2B-21245_2025-03-23_output.csv
2025-12-26 00:34:27,252 | INFO | ✅ Added patterns | File: Philadelphia, PA-B2B-21245_2025-03-23_output.csv | Folder: E:\\EmailTool-V2\Barzaan\email_creator_app\files\database_output_files
2025-12-26 00:34:27,252 | INFO | 📊 Current database size: 562020 companies
2025-12-26 00:34:27,252 | INFO | 📄 Found file: E:\\EmailTool-V2\Barzaan\email_creator_app\files\database_output_files\Philadelphia, PA-PMP-99215_2025-03-23_output.csv
2025-12-26 00:34:27,743 | INFO | ✅ Added patterns | File: Philadelphia, PA-PMP-99215_2025-03-23_output.csv | Folder: E:\\EmailTool-V2\Barzaan\email_creator_app\files\database_output_files
2025-12-26 00:34:27,743 | INFO | 📊 Current database size: 562020 companies
2025-12-26 00:34:27,743 | INFO | 📄 Found file: E:\\EmailTool-V2\Barzaan\email_creator_app\files\database_output_files\Philadelphia_2025-03-23_output.csv
2025-12-26 00:34:28,165 | INFO | ✅ Added patterns | File: Philadelphia_2025-03-23_output.csv | Folder: E:\\EmailTool-V2\Barzaan\email_creator_app\files\database_output_files
2025-12-26 00:34:28,167 | INFO | 📊 Current database size: 562020 companies
2025-12-26 00:34:28,167 | INFO | 📄 Found file: E:\\EmailTool-V2\Barzaan\email_creator_app\files\database_output_files\Phoenix, AZ-280000_2025-03-23_output.csv
2025-12-26 00:34:28,908 | INFO | ✅ Added patterns | File: Phoenix, AZ-280000_2025-03-23_output.csv | Folder: E:\\EmailTool-V2\Barzaan\email_creator_app\files\database_output_files
2025-12-26 00:34:28,908 | INFO | 📊 Current database size: 562020 companies
2025-12-26 00:34:28,908 | INFO | 📄 Found file: E:\\EmailTool-V2\Barzaan\email_creator_app\files\database_output_files\Raleigh, NC-PMP-23769_2025-03-23_output.csv
2025-12-26 00:34:29,259 | INFO | ✅ Added patterns | File: Raleigh, NC-PMP-23769_2025-03-23_output.csv | Folder: E:\\EmailTool-V2\Barzaan\email_creator_app\files\database_output_files
2025-12-26 00:34:29,259 | INFO | 📊 Current database size: 562020 companies
2025-12-26 00:34:29,259 | INFO | 📄 Found file: E:\\EmailTool-V2\Barzaan\email_creator_app\files\database_output_files\Richmond, VA-95940_2025-03-23_output.csv
2025-12-26 00:34:29,778 | INFO | ✅ Added patterns | File: Richmond, VA-95940_2025-03-23_output.csv | Folder: E:\\EmailTool-V2\Barzaan\email_creator_app\files\database_output_files
2025-12-26 00:34:29,778 | INFO | 📊 Current database size: 562020 companies
2025-12-26 00:34:29,778 | INFO | 📄 Found file: E:\\EmailTool-V2\Barzaan\email_creator_app\files\database_output_files\Richmond, VA-B2B-26644 (1)_2025-03-23_output.csv
2025-12-26 00:34:30,129 | INFO | ✅ Added patterns | File: Richmond, VA-B2B-26644 (1)_2025-03-23_output.csv | Folder: E:\\EmailTool-V2\Barzaan\email_creator_app\files\database_output_files
2025-12-26 00:34:30,129 | INFO | 📊 Current database size: 562020 companies
2025-12-26 00:34:30,129 | INFO | 📄 Found file: E:\\EmailTool-V2\Barzaan\email_creator_app\files\database_output_files\Richmond, VA-B2B-26644_2025-03-23_output.csv
2025-12-26 00:34:30,480 | INFO | ✅ Added patterns | File: Richmond, VA-B2B-26644_2025-03-23_output.csv | Folder: E:\\EmailTool-V2\Barzaan\email_creator_app\files\database_output_files
2025-12-26 00:34:30,480 | INFO | 📊 Current database size: 562020 companies
2025-12-26 00:34:30,480 | INFO | 📄 Found file: E:\\EmailTool-V2\Barzaan\email_creator_app\files\database_output_files\Richmond, VA-PMP-115153 (1)_2025-03-23_output.csv
2025-12-26 00:34:31,014 | INFO | ✅ Added patterns | File: Richmond, VA-PMP-115153 (1)_2025-03-23_output.csv | Folder: E:\\EmailTool-V2\Barzaan\email_creator_app\files\database_output_files
2025-12-26 00:34:31,015 | INFO | 📊 Current database size: 562020 companies
2025-12-26 00:34:31,015 | INFO | 📄 Found file: E:\\EmailTool-V2\Barzaan\email_creator_app\files\database_output_files\Richmond, VA-PMP-115153_2025-03-23_output.csv
2025-12-26 00:34:31,517 | INFO | ✅ Added patterns | File: Richmond, VA-PMP-115153_2025-03-23_output.csv | Folder: E:\\EmailTool-V2\Barzaan\email_creator_app\files\database_output_files
2025-12-26 00:34:31,517 | INFO | 📊 Current database size: 562020 companies
2025-12-26 00:34:31,517 | INFO | 📄 Found file: E:\\EmailTool-V2\Barzaan\email_creator_app\files\database_output_files\Saint Louis, MO-56000_2025-03-23_output.csv
2025-12-26 00:34:31,969 | INFO | ✅ Added patterns | File: Saint Louis, MO-56000_2025-03-23_output.csv | Folder: E:\\EmailTool-V2\Barzaan\email_creator_app\files\database_output_files
2025-12-26 00:34:31,970 | INFO | 📊 Current database size: 562020 companies
2025-12-26 00:34:31,970 | INFO | 📄 Found file: E:\\EmailTool-V2\Barzaan\email_creator_app\files\database_output_files\Saint Louis, MO-PMP-56706_2025-03-23_output.csv
2025-12-26 00:34:32,389 | INFO | ✅ Added patterns | File: Saint Louis, MO-PMP-56706_2025-03-23_output.csv | Folder: E:\\EmailTool-V2\Barzaan\email_creator_app\files\database_output_files
2025-12-26 00:34:32,389 | INFO | 📊 Current database size: 562020 companies
2025-12-26 00:34:32,389 | INFO | 📄 Found file: E:\\EmailTool-V2\Barzaan\email_creator_app\files\database_output_files\Salt Lake , UTseggrigation done_2018 (1)_2025-03-23_output.csv
2025-12-26 00:34:32,972 | INFO | ✅ Added patterns | File: Salt Lake , UTseggrigation done_2018 (1)_2025-03-23_output.csv | Folder: E:\\EmailTool-V2\Barzaan\email_creator_app\files\database_output_files
2025-12-26 00:34:32,972 | INFO | 📊 Current database size: 562020 companies
2025-12-26 00:34:32,972 | INFO | 📄 Found file: E:\\EmailTool-V2\Barzaan\email_creator_app\files\database_output_files\Salt Lake , UTseggrigation done_2018_2025-03-23_output.csv
2025-12-26 00:34:33,591 | INFO | ✅ Added patterns | File: Salt Lake , UTseggrigation done_2018_2025-03-23_output.csv | Folder: E:\\EmailTool-V2\Barzaan\email_creator_app\files\database_output_files
2025-12-26 00:34:33,591 | INFO | 📊 Current database size: 562020 companies
2025-12-26 00:34:33,591 | INFO | 📄 Found file: E:\\EmailTool-V2\Barzaan\email_creator_app\files\database_output_files\San Antonio, TX Seggrigation_1_2025-03-23_output.csv
2025-12-26 00:34:34,042 | INFO | ✅ Added patterns | File: San Antonio, TX Seggrigation_1_2025-03-23_output.csv | Folder: E:\\EmailTool-V2\Barzaan\email_creator_app\files\database_output_files
2025-12-26 00:34:34,055 | INFO | 📊 Current database size: 562020 companies
2025-12-26 00:34:34,055 | INFO | 📄 Found file: E:\\EmailTool-V2\Barzaan\email_creator_app\files\database_output_files\San Diego seggrigation done_2018_2025-03-23_output.csv
2025-12-26 00:34:34,594 | INFO | ✅ Added patterns | File: San Diego seggrigation done_2018_2025-03-23_output.csv | Folder: E:\\EmailTool-V2\Barzaan\email_creator_app\files\database_output_files
2025-12-26 00:34:34,594 | INFO | 📊 Current database size: 562020 companies
2025-12-26 00:34:34,594 | INFO | 📄 Found file: E:\\EmailTool-V2\Barzaan\email_creator_app\files\database_output_files\San francisco Seggrigation_2025-03-23_output.csv
2025-12-26 00:34:35,617 | INFO | ✅ Added patterns | File: San francisco Seggrigation_2025-03-23_output.csv | Folder: E:\\EmailTool-V2\Barzaan\email_creator_app\files\database_output_files
2025-12-26 00:34:35,617 | INFO | 📊 Current database size: 562020 companies
2025-12-26 00:34:35,617 | INFO | 📄 Found file: E:\\EmailTool-V2\Barzaan\email_creator_app\files\database_output_files\San Francisco, CA_2025-03-23_output.csv
2025-12-26 00:34:36,785 | INFO | ✅ Added patterns | File: San Francisco, CA_2025-03-23_output.csv | Folder: E:\\EmailTool-V2\Barzaan\email_creator_app\files\database_output_files
2025-12-26 00:34:36,785 | INFO | 📊 Current database size: 562020 companies
2025-12-26 00:34:36,785 | INFO | 📄 Found file: E:\\EmailTool-V2\Barzaan\email_creator_app\files\database_output_files\Santa Barbara, CA-22000_2025-03-23_output.csv
2025-12-26 00:34:37,170 | INFO | ✅ Added patterns | File: Santa Barbara, CA-22000_2025-03-23_output.csv | Folder: E:\\EmailTool-V2\Barzaan\email_creator_app\files\database_output_files
2025-12-26 00:34:37,170 | INFO | 📊 Current database size: 562020 companies
2025-12-26 00:34:37,170 | INFO | 📄 Found file: E:\\EmailTool-V2\Barzaan\email_creator_app\files\database_output_files\Seattle, WA Seggrigation 1_1_2025-03-23_output.csv
2025-12-26 00:34:37,905 | INFO | ✅ Added patterns | File: Seattle, WA Seggrigation 1_1_2025-03-23_output.csv | Folder: E:\\EmailTool-V2\Barzaan\email_creator_app\files\database_output_files
2025-12-26 00:34:37,906 | INFO | 📊 Current database size: 562020 companies
2025-12-26 00:34:37,906 | INFO | 📄 Found file: E:\\EmailTool-V2\Barzaan\email_creator_app\files\database_output_files\Seattle, WA seggrigation_1_2025-03-23_output.csv
2025-12-26 00:34:38,241 | INFO | ✅ Added patterns | File: Seattle, WA seggrigation_1_2025-03-23_output.csv | Folder: E:\\EmailTool-V2\Barzaan\email_creator_app\files\database_output_files
2025-12-26 00:34:38,241 | INFO | 📊 Current database size: 562020 companies
2025-12-26 00:34:38,241 | INFO | 📄 Found file: E:\\EmailTool-V2\Barzaan\email_creator_app\files\database_output_files\Seattle, WA-350000_2025-03-23_output.csv
2025-12-26 00:34:39,180 | INFO | ✅ Added patterns | File: Seattle, WA-350000_2025-03-23_output.csv | Folder: E:\\EmailTool-V2\Barzaan\email_creator_app\files\database_output_files
2025-12-26 00:34:39,180 | INFO | 📊 Current database size: 562020 companies
2025-12-26 00:34:39,180 | INFO | 📄 Found file: E:\\EmailTool-V2\Barzaan\email_creator_app\files\database_output_files\Spokane, WA-43000_2025-03-23_output.csv
2025-12-26 00:34:39,545 | INFO | ✅ Added patterns | File: Spokane, WA-43000_2025-03-23_output.csv | Folder: E:\\EmailTool-V2\Barzaan\email_creator_app\files\database_output_files
2025-12-26 00:34:39,561 | INFO | 📊 Current database size: 562020 companies
2025-12-26 00:34:39,561 | INFO | 📄 Found file: E:\\EmailTool-V2\Barzaan\email_creator_app\files\database_output_files\Springfield, MI-PMP-31377_2025-03-23_output.csv
2025-12-26 00:34:39,902 | INFO | ✅ Added patterns | File: Springfield, MI-PMP-31377_2025-03-23_output.csv | Folder: E:\\EmailTool-V2\Barzaan\email_creator_app\files\database_output_files
2025-12-26 00:34:39,904 | INFO | 📊 Current database size: 562020 companies
2025-12-26 00:34:39,904 | INFO | 📄 Found file: E:\\EmailTool-V2\Barzaan\email_creator_app\files\database_output_files\Tallahassee, FL-236000_2025-03-23_output.csv
2025-12-26 00:34:40,665 | INFO | ✅ Added patterns | File: Tallahassee, FL-236000_2025-03-23_output.csv | Folder: E:\\EmailTool-V2\Barzaan\email_creator_app\files\database_output_files
2025-12-26 00:34:40,666 | INFO | 📊 Current database size: 562020 companies
2025-12-26 00:34:40,666 | INFO | 📄 Found file: E:\\EmailTool-V2\Barzaan\email_creator_app\files\database_output_files\Tallahassee, FL-PMP-21979_2025-03-23_output.csv
2025-12-26 00:34:41,009 | INFO | ✅ Added patterns | File: Tallahassee, FL-PMP-21979_2025-03-23_output.csv | Folder: E:\\EmailTool-V2\Barzaan\email_creator_app\files\database_output_files
2025-12-26 00:34:41,009 | INFO | 📊 Current database size: 562020 companies
2025-12-26 00:34:41,009 | INFO | 📄 Found file: E:\\EmailTool-V2\Barzaan\email_creator_app\files\database_output_files\Tampa, FL-45000_2025-03-23_output.csv
2025-12-26 00:34:41,388 | INFO | ✅ Added patterns | File: Tampa, FL-45000_2025-03-23_output.csv | Folder: E:\\EmailTool-V2\Barzaan\email_creator_app\files\database_output_files
2025-12-26 00:34:41,388 | INFO | 📊 Current database size: 562020 companies
2025-12-26 00:34:41,388 | INFO | 📄 Found file: E:\\EmailTool-V2\Barzaan\email_creator_app\files\database_output_files\Tampa, FL-PMP-46015_2025-03-23_output.csv
2025-12-26 00:34:41,789 | INFO | ✅ Added patterns | File: Tampa, FL-PMP-46015_2025-03-23_output.csv | Folder: E:\\EmailTool-V2\Barzaan\email_creator_app\files\database_output_files
2025-12-26 00:34:41,789 | INFO | 📊 Current database size: 562020 companies
2025-12-26 00:34:41,789 | INFO | 📄 Found file: E:\\EmailTool-V2\Barzaan\email_creator_app\files\database_output_files\Toronto, ON-590000_2025-03-23_output.csv
2025-12-26 00:34:43,041 | INFO | ✅ Added patterns | File: Toronto, ON-590000_2025-03-23_output.csv | Folder: E:\\EmailTool-V2\Barzaan\email_creator_app\files\database_output_files
2025-12-26 00:34:43,041 | INFO | 📊 Current database size: 562020 companies
2025-12-26 00:34:43,041 | INFO | 📄 Found file: E:\\EmailTool-V2\Barzaan\email_creator_app\files\database_output_files\Toronto, ON-88000-New_2025-03-23_output.csv
2025-12-26 00:34:43,542 | INFO | ✅ Added patterns | File: Toronto, ON-88000-New_2025-03-23_output.csv | Folder: E:\\EmailTool-V2\Barzaan\email_creator_app\files\database_output_files
2025-12-26 00:34:43,542 | INFO | 📊 Current database size: 562020 companies
2025-12-26 00:34:43,542 | INFO | 📄 Found file: E:\\EmailTool-V2\Barzaan\email_creator_app\files\database_output_files\Tulsa, OK Seggrigation  2018_2025-03-23_output.csv
2025-12-26 00:34:43,944 | INFO | ✅ Added patterns | File: Tulsa, OK Seggrigation  2018_2025-03-23_output.csv | Folder: E:\\EmailTool-V2\Barzaan\email_creator_app\files\database_output_files
2025-12-26 00:34:43,944 | INFO | 📊 Current database size: 562020 companies
2025-12-26 00:34:43,944 | INFO | 📄 Found file: E:\\EmailTool-V2\Barzaan\email_creator_app\files\database_output_files\Tulsa, Ok-83000_2025-03-23_output.csv
2025-12-26 00:34:44,412 | INFO | ✅ Added patterns | File: Tulsa, Ok-83000_2025-03-23_output.csv | Folder: E:\\EmailTool-V2\Barzaan\email_creator_app\files\database_output_files
2025-12-26 00:34:44,412 | INFO | 📊 Current database size: 562020 companies
2025-12-26 00:34:44,412 | INFO | 📄 Found file: E:\\EmailTool-V2\Barzaan\email_creator_app\files\database_output_files\Vancouver, BC-New-32000 (1)_2025-03-23_output.csv
2025-12-26 00:34:44,780 | INFO | ✅ Added patterns | File: Vancouver, BC-New-32000 (1)_2025-03-23_output.csv | Folder: E:\\EmailTool-V2\Barzaan\email_creator_app\files\database_output_files
2025-12-26 00:34:44,796 | INFO | 📊 Current database size: 562020 companies
2025-12-26 00:34:44,796 | INFO | 📄 Found file: E:\\EmailTool-V2\Barzaan\email_creator_app\files\database_output_files\Vancouver, BC-New-32000_2025-03-23_output.csv
2025-12-26 00:34:45,141 | INFO | ✅ Added patterns | File: Vancouver, BC-New-32000_2025-03-23_output.csv | Folder: E:\\EmailTool-V2\Barzaan\email_creator_app\files\database_output_files
2025-12-26 00:34:45,141 | INFO | 📊 Current database size: 562020 companies
2025-12-26 00:34:45,141 | INFO | 📄 Found file: E:\\EmailTool-V2\Barzaan\email_creator_app\files\database_output_files\Washington, DC-56000_2025-03-23_output.csv
2025-12-26 00:34:45,552 | INFO | ✅ Added patterns | File: Washington, DC-56000_2025-03-23_output.csv | Folder: E:\\EmailTool-V2\Barzaan\email_creator_app\files\database_output_files
2025-12-26 00:34:45,552 | INFO | 📊 Current database size: 562020 companies
2025-12-26 00:34:45,552 | INFO | 📄 Found file: E:\\EmailTool-V2\Barzaan\email_creator_app\files\database_output_files\Washington, DC-75892_2025-03-23_output.csv
2025-12-26 00:34:46,018 | INFO | ✅ Added patterns | File: Washington, DC-75892_2025-03-23_output.csv | Folder: E:\\EmailTool-V2\Barzaan\email_creator_app\files\database_output_files
2025-12-26 00:34:46,018 | INFO | 📊 Current database size: 562020 companies
2025-12-26 00:34:46,018 | INFO | 📄 Found file: E:\\EmailTool-V2\Barzaan\email_creator_app\files\database_output_files\Washington, DC-97000_2025-03-23_output.csv
2025-12-26 00:34:46,547 | INFO | ✅ Added patterns | File: Washington, DC-97000_2025-03-23_output.csv | Folder: E:\\EmailTool-V2\Barzaan\email_creator_app\files\database_output_files
2025-12-26 00:34:46,547 | INFO | 📊 Current database size: 562020 companies
2025-12-26 00:34:46,547 | INFO | 📄 Found file: E:\\EmailTool-V2\Barzaan\email_creator_app\files\database_output_files\Washington, DC-B2B-65589 (1)_2025-03-23_output.csv
2025-12-26 00:34:46,971 | INFO | ✅ Added patterns | File: Washington, DC-B2B-65589 (1)_2025-03-23_output.csv | Folder: E:\\EmailTool-V2\Barzaan\email_creator_app\files\database_output_files
2025-12-26 00:34:46,971 | INFO | 📊 Current database size: 562020 companies
2025-12-26 00:34:46,971 | INFO | 📄 Found file: E:\\EmailTool-V2\Barzaan\email_creator_app\files\database_output_files\Washington, DC-B2B-65589_2025-03-23_output.csv
2025-12-26 00:34:47,389 | INFO | ✅ Added patterns | File: Washington, DC-B2B-65589_2025-03-23_output.csv | Folder: E:\\EmailTool-V2\Barzaan\email_creator_app\files\database_output_files
2025-12-26 00:34:47,389 | INFO | 📊 Current database size: 562020 companies
2025-12-26 00:34:47,389 | INFO | 📄 Found file: E:\\EmailTool-V2\Barzaan\email_creator_app\files\database_output_files\Washington, DC-LSSGB-177097 (1)_2025-03-23_output.csv
2025-12-26 00:34:48,020 | INFO | ✅ Added patterns | File: Washington, DC-LSSGB-177097 (1)_2025-03-23_output.csv | Folder: E:\\EmailTool-V2\Barzaan\email_creator_app\files\database_output_files
2025-12-26 00:34:48,020 | INFO | 📊 Current database size: 562020 companies
2025-12-26 00:34:48,020 | INFO | 📄 Found file: E:\\EmailTool-V2\Barzaan\email_creator_app\files\database_output_files\Washington, DC-LSSGB-177097_2025-03-23_output.csv
2025-12-26 00:34:48,627 | INFO | ✅ Added patterns | File: Washington, DC-LSSGB-177097_2025-03-23_output.csv | Folder: E:\\EmailTool-V2\Barzaan\email_creator_app\files\database_output_files
2025-12-26 00:34:48,627 | INFO | 📊 Current database size: 562020 companies
2025-12-26 00:34:48,627 | INFO | 📄 Found file: E:\\EmailTool-V2\Barzaan\email_creator_app\files\database_output_files\Washington, DC-PMP-232708 (1)_2025-03-23_output.csv
2025-12-26 00:34:49,346 | INFO | ✅ Added patterns | File: Washington, DC-PMP-232708 (1)_2025-03-23_output.csv | Folder: E:\\EmailTool-V2\Barzaan\email_creator_app\files\database_output_files
2025-12-26 00:34:49,346 | INFO | 📊 Current database size: 562020 companies
2025-12-26 00:34:49,346 | INFO | 📄 Found file: E:\\EmailTool-V2\Barzaan\email_creator_app\files\database_output_files\Washington, DC-PMP-232708_2025-03-23_output.csv
2025-12-26 00:34:50,149 | INFO | ✅ Added patterns | File: Washington, DC-PMP-232708_2025-03-23_output.csv | Folder: E:\\EmailTool-V2\Barzaan\email_creator_app\files\database_output_files
2025-12-26 00:34:50,149 | INFO | 📊 Current database size: 562020 companies
2025-12-26 00:34:50,149 | INFO | 📄 Found file: E:\\EmailTool-V2\Barzaan\email_creator_app\files\database_output_files\Winnipeg, MB-29000 (1)_2025-03-23_output.csv
2025-12-26 00:34:50,500 | INFO | ✅ Added patterns | File: Winnipeg, MB-29000 (1)_2025-03-23_output.csv | Folder: E:\\EmailTool-V2\Barzaan\email_creator_app\files\database_output_files
2025-12-26 00:34:50,500 | INFO | 📊 Current database size: 562020 companies
2025-12-26 00:34:50,500 | INFO | 📄 Found file: E:\\EmailTool-V2\Barzaan\email_creator_app\files\database_output_files\Winnipeg, MB-29000_2025-03-23_output.csv
2025-12-26 00:34:50,835 | INFO | ✅ Added patterns | File: Winnipeg, MB-29000_2025-03-23_output.csv | Folder: E:\\EmailTool-V2\Barzaan\email_creator_app\files\database_output_files
2025-12-26 00:34:50,835 | INFO | 📊 Current database size: 562020 companies
2025-12-26 00:34:50,851 | INFO | 📄 Found file: E:\\EmailTool-V2\Barzaan\email_creator_app\files\database_output_files_new\EW-City-ND-24Ma_Missing_file2025-03-24 16-38-22_new_tool_output_2025-06-09_output.csv
2025-12-26 00:34:51,186 | INFO | ✅ Added patterns | File: EW-City-ND-24Ma_Missing_file2025-03-24 16-38-22_new_tool_output_2025-06-09_output.csv | Folder: E:\\EmailTool-V2\Barzaan\email_creator_app\files\database_output_files_new
2025-12-26 00:34:51,186 | INFO | 📊 Current database size: 562020 companies
2025-12-26 00:34:51,186 | INFO | 📄 Found file: E:\\EmailTool-V2\Barzaan\email_creator_app\files\database_output_files_new\EW-City-ND_missing_file_5Apr_new_tool_output_2025-06-09_output.csv
2025-12-26 00:34:51,487 | INFO | ✅ Added patterns | File: EW-City-ND_missing_file_5Apr_new_tool_output_2025-06-09_output.csv | Folder: E:\\EmailTool-V2\Barzaan\email_creator_app\files\database_output_files_new
2025-12-26 00:34:51,487 | INFO | 📊 Current database size: 562020 companies
2025-12-26 00:34:51,487 | INFO | 📄 Found file: E:\\EmailTool-V2\Barzaan\email_creator_app\files\database_output_files_new\EW-ND-PM-7Apr-For creation_new_tool_output_2025-06-09_output.csv
2025-12-26 00:34:51,955 | INFO | ✅ Added patterns | File: EW-ND-PM-7Apr-For creation_new_tool_output_2025-06-09_output.csv | Folder: E:\\EmailTool-V2\Barzaan\email_creator_app\files\database_output_files_new
2025-12-26 00:34:51,955 | INFO | 📊 Current database size: 562020 companies
2025-12-26 00:34:51,955 | INFO | 📄 Found file: E:\\EmailTool-V2\Barzaan\email_creator_app\files\database_output_files_new\EW-NDPM-13May_new_tool_output_2025-06-09_output.csv
2025-12-26 00:34:52,290 | INFO | ✅ Added patterns | File: EW-NDPM-13May_new_tool_output_2025-06-09_output.csv | Folder: E:\\EmailTool-V2\Barzaan\email_creator_app\files\database_output_files_new
2025-12-26 00:34:52,290 | INFO | 📊 Current database size: 562020 companies
2025-12-26 00:34:52,290 | INFO | 📄 Found file: E:\\EmailTool-V2\Barzaan\email_creator_app\files\database_output_files_new\EW-NDPM-29May-For creation_missing_new_tool_output_2025-06-09_output.csv
2025-12-26 00:34:52,641 | INFO | ✅ Added patterns | File: EW-NDPM-29May-For creation_missing_new_tool_output_2025-06-09_output.csv | Folder: E:\\EmailTool-V2\Barzaan\email_creator_app\files\database_output_files_new
2025-12-26 00:34:52,656 | INFO | 📊 Current database size: 562020 companies
2025-12-26 00:34:52,657 | INFO | 📄 Found file: E:\\EmailTool-V2\Barzaan\email_creator_app\files\database_output_files_new\EW-NDPM-6May-For Creation_new_tool_output_2025-06-09_output.csv
2025-12-26 00:34:53,042 | INFO | ✅ Added patterns | File: EW-NDPM-6May-For Creation_new_tool_output_2025-06-09_output.csv | Folder: E:\\EmailTool-V2\Barzaan\email_creator_app\files\database_output_files_new
2025-12-26 00:34:53,042 | INFO | 📊 Current database size: 562020 companies
2025-12-26 00:34:53,042 | INFO | 📄 Found file: E:\\EmailTool-V2\Barzaan\email_creator_app\files\database_output_files_new\Fresno, CA-10000_new_tool_output_2025-06-09_output.csv
2025-12-26 00:34:53,380 | INFO | ✅ Added patterns | File: Fresno, CA-10000_new_tool_output_2025-06-09_output.csv | Folder: E:\\EmailTool-V2\Barzaan\email_creator_app\files\database_output_files_new
2025-12-26 00:34:53,380 | INFO | 📊 Current database size: 562020 companies
2025-12-26 00:34:53,382 | INFO | 📄 Found file: E:\\EmailTool-V2\Barzaan\email_creator_app\files\database_output_files_new\Fresno, CA-test_new_tool_output_2025-06-09_output.csv
2025-12-26 00:34:53,661 | INFO | ✅ Added patterns | File: Fresno, CA-test_new_tool_output_2025-06-09_output.csv | Folder: E:\\EmailTool-V2\Barzaan\email_creator_app\files\database_output_files_new
2025-12-26 00:34:53,661 | INFO | 📊 Current database size: 562020 companies
2025-12-26 00:34:53,669 | INFO | 📄 Found file: E:\\EmailTool-V2\Barzaan\email_creator_app\files\database_source_files\Atlanta, GA-B2B-44874.xlsx
2025-12-26 00:35:07,125 | INFO | ✅ Added patterns | File: Atlanta, GA-B2B-44874.xlsx | Folder: E:\\EmailTool-V2\Barzaan\email_creator_app\files\database_source_files
2025-12-26 00:35:07,125 | INFO | 📊 Current database size: 562020 companies
2025-12-26 00:35:07,125 | INFO | 📄 Found file: E:\\EmailTool-V2\Barzaan\email_creator_app\files\database_source_files\Atlanta, GA-LSSGB-137575.xlsx
2025-12-26 00:35:42,898 | INFO | ✅ Added patterns | File: Atlanta, GA-LSSGB-137575.xlsx | Folder: E:\\EmailTool-V2\Barzaan\email_creator_app\files\database_source_files
2025-12-26 00:35:42,899 | INFO | 📊 Current database size: 562020 companies
2025-12-26 00:35:42,901 | INFO | 📄 Found file: E:\\EmailTool-V2\Barzaan\email_creator_app\files\database_source_files\Atlanta, GA-PMP-176938.xlsx
2025-12-26 00:36:28,110 | INFO | ✅ Added patterns | File: Atlanta, GA-PMP-176938.xlsx | Folder: E:\\EmailTool-V2\Barzaan\email_creator_app\files\database_source_files
2025-12-26 00:36:28,110 | INFO | 📊 Current database size: 562020 companies
2025-12-26 00:36:28,110 | INFO | 📄 Found file: E:\\EmailTool-V2\Barzaan\email_creator_app\files\database_source_files\Austin, Tx seggrigation_1.xlsx
2025-12-26 00:36:46,356 | INFO | ✅ Added patterns | File: Austin, Tx seggrigation_1.xlsx | Folder: E:\\EmailTool-V2\Barzaan\email_creator_app\files\database_source_files
2025-12-26 00:36:46,357 | INFO | 📊 Current database size: 562020 companies
2025-12-26 00:36:46,358 | INFO | 📄 Found file: E:\\EmailTool-V2\Barzaan\email_creator_app\files\database_source_files\Baltimore, MD-B2B-23152.xlsx
2025-12-26 00:36:54,335 | INFO | ✅ Added patterns | File: Baltimore, MD-B2B-23152.xlsx | Folder: E:\\EmailTool-V2\Barzaan\email_creator_app\files\database_source_files
2025-12-26 00:36:54,335 | INFO | 📊 Current database size: 562020 companies
2025-12-26 00:36:54,335 | INFO | 📄 Found file: E:\\EmailTool-V2\Barzaan\email_creator_app\files\database_source_files\Baltimore, MD-PMP-109446.xlsx
2025-12-26 00:37:23,202 | INFO | ✅ Added patterns | File: Baltimore, MD-PMP-109446.xlsx | Folder: E:\\EmailTool-V2\Barzaan\email_creator_app\files\database_source_files
2025-12-26 00:37:23,203 | INFO | 📊 Current database size: 562020 companies
2025-12-26 00:37:23,203 | INFO | 📄 Found file: E:\\EmailTool-V2\Barzaan\email_creator_app\files\database_source_files\Boise, ID Seggrigation 2018.xlsx
2025-12-26 00:37:31,766 | INFO | ✅ Added patterns | File: Boise, ID Seggrigation 2018.xlsx | Folder: E:\\EmailTool-V2\Barzaan\email_creator_app\files\database_source_files
2025-12-26 00:37:31,766 | INFO | 📊 Current database size: 562020 companies
2025-12-26 00:37:31,766 | INFO | 📄 Found file: E:\\EmailTool-V2\Barzaan\email_creator_app\files\database_source_files\Calgary, AB-174000 (1).xlsx
2025-12-26 00:38:14,679 | INFO | ✅ Added patterns | File: Calgary, AB-174000 (1).xlsx | Folder: E:\\EmailTool-V2\Barzaan\email_creator_app\files\database_source_files
2025-12-26 00:38:14,679 | INFO | 📊 Current database size: 562020 companies
2025-12-26 00:38:14,679 | INFO | 📄 Found file: E:\\EmailTool-V2\Barzaan\email_creator_app\files\database_source_files\Calgary, AB-174000.xlsx
2025-12-26 00:38:56,480 | INFO | ✅ Added patterns | File: Calgary, AB-174000.xlsx | Folder: E:\\EmailTool-V2\Barzaan\email_creator_app\files\database_source_files
2025-12-26 00:38:56,480 | INFO | 📊 Current database size: 562020 companies
2025-12-26 00:38:56,480 | INFO | 📄 Found file: E:\\EmailTool-V2\Barzaan\email_creator_app\files\database_source_files\Colorado Springs, CO Seggrigation _.xlsx
2025-12-26 00:39:02,417 | INFO | ✅ Added patterns | File: Colorado Springs, CO Seggrigation _.xlsx | Folder: E:\\EmailTool-V2\Barzaan\email_creator_app\files\database_source_files
2025-12-26 00:39:02,418 | INFO | 📊 Current database size: 562020 companies
2025-12-26 00:39:02,418 | INFO | 📄 Found file: E:\\EmailTool-V2\Barzaan\email_creator_app\files\database_source_files\Colorado.xlsx
2025-12-26 00:39:08,288 | INFO | ✅ Added patterns | File: Colorado.xlsx | Folder: E:\\EmailTool-V2\Barzaan\email_creator_app\files\database_source_files
2025-12-26 00:39:08,288 | INFO | 📊 Current database size: 562020 companies
2025-12-26 00:39:08,288 | INFO | 📄 Found file: E:\\EmailTool-V2\Barzaan\email_creator_app\files\database_source_files\complete.xlsx
2025-12-26 00:39:10,368 | INFO | ✅ Added patterns | File: complete.xlsx | Folder: E:\\EmailTool-V2\Barzaan\email_creator_app\files\database_source_files
2025-12-26 00:39:10,370 | INFO | 📊 Current database size: 562020 companies
2025-12-26 00:39:10,372 | INFO | 📄 Found file: E:\\EmailTool-V2\Barzaan\email_creator_app\files\database_source_files\Fresno, CA-10000 - Copy.xlsx
2025-12-26 00:39:15,280 | INFO | ✅ Added patterns | File: Fresno, CA-10000 - Copy.xlsx | Folder: E:\\EmailTool-V2\Barzaan\email_creator_app\files\database_source_files
2025-12-26 00:39:15,280 | INFO | 📊 Current database size: 562020 companies
2025-12-26 00:39:15,280 | INFO | 📄 Found file: E:\\EmailTool-V2\Barzaan\email_creator_app\files\database_source_files\Fresno, CA-10000.xlsx
2025-12-26 00:39:19,899 | INFO | ✅ Added patterns | File: Fresno, CA-10000.xlsx | Folder: E:\\EmailTool-V2\Barzaan\email_creator_app\files\database_source_files
2025-12-26 00:39:19,899 | INFO | 📊 Current database size: 562020 companies
2025-12-26 00:39:19,899 | INFO | 📄 Found file: E:\\EmailTool-V2\Barzaan\email_creator_app\files\database_source_files\Fresno, CA-test.xlsx
2025-12-26 00:39:20,247 | INFO | ✅ Added patterns | File: Fresno, CA-test.xlsx | Folder: E:\\EmailTool-V2\Barzaan\email_creator_app\files\database_source_files
2025-12-26 00:39:20,247 | INFO | 📊 Current database size: 562020 companies
2025-12-26 00:39:20,247 | INFO | 📄 Found file: E:\\EmailTool-V2\Barzaan\email_creator_app\files\database_source_files\Mar_File6.7L.csv
2025-12-26 00:39:23,375 | INFO | ✅ Added patterns | File: Mar_File6.7L.csv | Folder: E:\\EmailTool-V2\Barzaan\email_creator_app\files\database_source_files
2025-12-26 00:39:23,375 | INFO | 📊 Current database size: 562020 companies
2025-12-26 00:39:23,375 | INFO | 📄 Found file: E:\\EmailTool-V2\Barzaan\email_creator_app\files\database_source_files\~$Fresno, CA-10000 - Copy.xlsx
2025-12-26 00:39:23,658 | INFO | ✅ Added patterns | File: ~$Fresno, CA-10000 - Copy.xlsx | Folder: E:\\EmailTool-V2\Barzaan\email_creator_app\files\database_source_files
2025-12-26 00:39:23,659 | INFO | 📊 Current database size: 562020 companies
2025-12-26 00:39:23,676 | INFO | 📄 Found file: E:\\EmailTool-V2\Barzaan\email_creator_app\files\database_source_files - 2aprl\Boise, ID Seggrigation 2018.xlsx
2025-12-26 00:39:32,089 | INFO | ✅ Added patterns | File: Boise, ID Seggrigation 2018.xlsx | Folder: E:\\EmailTool-V2\Barzaan\email_creator_app\files\database_source_files - 2aprl
2025-12-26 00:39:32,089 | INFO | 📊 Current database size: 562020 companies
2025-12-26 00:39:32,089 | INFO | 📄 Found file: E:\\EmailTool-V2\Barzaan\email_creator_app\files\database_source_files - 2aprl\Colorado Springs, CO Seggrigation _.xlsx
2025-12-26 00:39:38,127 | INFO | ✅ Added patterns | File: Colorado Springs, CO Seggrigation _.xlsx | Folder: E:\\EmailTool-V2\Barzaan\email_creator_app\files\database_source_files - 2aprl
2025-12-26 00:39:38,127 | INFO | 📊 Current database size: 562020 companies
2025-12-26 00:39:38,127 | INFO | 📄 Found file: E:\\EmailTool-V2\Barzaan\email_creator_app\files\database_source_files - 2aprl\Colorado.xlsx
2025-12-26 00:39:44,164 | INFO | ✅ Added patterns | File: Colorado.xlsx | Folder: E:\\EmailTool-V2\Barzaan\email_creator_app\files\database_source_files - 2aprl
2025-12-26 00:39:44,164 | INFO | 📊 Current database size: 562020 companies
2025-12-26 00:39:44,164 | INFO | 📄 Found file: E:\\EmailTool-V2\Barzaan\email_creator_app\files\database_source_files - 2aprl\complete.xlsx
2025-12-26 00:39:46,224 | INFO | ✅ Added patterns | File: complete.xlsx | Folder: E:\\EmailTool-V2\Barzaan\email_creator_app\files\database_source_files - 2aprl
2025-12-26 00:39:46,224 | INFO | 📊 Current database size: 562020 companies
2025-12-26 00:39:46,238 | INFO | 📄 Found file: E:\\EmailTool-V2\Barzaan\email_creator_app\files\database_source_files - 2aprl\Fresno, CA-10000 - Copy.xlsx
2025-12-26 00:39:51,066 | INFO | ✅ Added patterns | File: Fresno, CA-10000 - Copy.xlsx | Folder: E:\\EmailTool-V2\Barzaan\email_creator_app\files\database_source_files - 2aprl
2025-12-26 00:39:51,068 | INFO | 📊 Current database size: 562020 companies
2025-12-26 00:39:51,068 | INFO | 📄 Found file: E:\\EmailTool-V2\Barzaan\email_creator_app\files\database_source_files - 2aprl\Fresno, CA-10000.xlsx
2025-12-26 00:39:55,821 | INFO | ✅ Added patterns | File: Fresno, CA-10000.xlsx | Folder: E:\\EmailTool-V2\Barzaan\email_creator_app\files\database_source_files - 2aprl
2025-12-26 00:39:55,822 | INFO | 📊 Current database size: 562020 companies
2025-12-26 00:39:55,839 | INFO | 📄 Found file: E:\\EmailTool-V2\Barzaan\email_creator_app\files\database_source_files - 2aprl\Fresno, CA-test.xlsx
2025-12-26 00:39:56,156 | INFO | ✅ Added patterns | File: Fresno, CA-test.xlsx | Folder: E:\\EmailTool-V2\Barzaan\email_creator_app\files\database_source_files - 2aprl
2025-12-26 00:39:56,156 | INFO | 📊 Current database size: 562020 companies
2025-12-26 00:39:56,190 | INFO | 📄 Found file: E:\\EmailTool-V2\Barzaan\email_creator_app\files\main_database\new_database.csv
2025-12-26 00:39:56,829 | INFO | ✅ Added patterns | File: new_database.csv | Folder: E:\\EmailTool-V2\Barzaan\email_creator_app\files\main_database
2025-12-26 00:39:56,829 | INFO | 📊 Current database size: 562020 companies
2025-12-26 00:39:56,829 | INFO | 📄 Found file: E:\\EmailTool-V2\Barzaan\email_creator_app\files\main_database\old_database.csv
2025-12-26 00:39:59,903 | INFO | ✅ Added patterns | File: old_database.csv | Folder: E:\\EmailTool-V2\Barzaan\email_creator_app\files\main_database
2025-12-26 00:39:59,903 | INFO | 📊 Current database size: 562020 companies
2025-12-26 00:39:59,926 | INFO | 📄 Found file: E:\\EmailTool-V2\Barzaan\email_creator_app\files\main_database\extra\new_database.csv
2025-12-26 00:40:00,491 | INFO | ✅ Added patterns | File: new_database.csv | Folder: E:\\EmailTool-V2\Barzaan\email_creator_app\files\main_database\extra
2025-12-26 00:40:00,491 | INFO | 📊 Current database size: 562020 companies
2025-12-26 00:40:00,491 | INFO | 📄 Found file: E:\\EmailTool-V2\Barzaan\email_creator_app\files\main_database\extra\old_database.csv
2025-12-26 00:40:03,549 | INFO | ✅ Added patterns | File: old_database.csv | Folder: E:\\EmailTool-V2\Barzaan\email_creator_app\files\main_database\extra
2025-12-26 00:40:03,549 | INFO | 📊 Current database size: 562020 companies
2025-12-26 00:40:03,566 | INFO | 📄 Found file: E:\\EmailTool-V2\Barzaan\email_creator_app\files\merger\EW-City-ND-24Ma_Missing_file2025-03-24 16-38-22_new_tool_output.csv
2025-12-26 00:40:06,072 | INFO | ✅ Added patterns | File: EW-City-ND-24Ma_Missing_file2025-03-24 16-38-22_new_tool_output.csv | Folder: E:\\EmailTool-V2\Barzaan\email_creator_app\files\merger
2025-12-26 00:40:06,072 | INFO | 📊 Current database size: 563231 companies
2025-12-26 00:40:06,074 | INFO | 📄 Found file: E:\\EmailTool-V2\Barzaan\email_creator_app\files\merger\EW-City-ND_missing_file_5Apr_new_tool_output.csv
2025-12-26 00:40:08,583 | INFO | ✅ Added patterns | File: EW-City-ND_missing_file_5Apr_new_tool_output.csv | Folder: E:\\EmailTool-V2\Barzaan\email_creator_app\files\merger
2025-12-26 00:40:08,583 | INFO | 📊 Current database size: 563525 companies
2025-12-26 00:40:08,583 | INFO | 📄 Found file: E:\\EmailTool-V2\Barzaan\email_creator_app\files\merger\EW-ND-PM-7Apr-For creation_new_tool_output.csv
2025-12-26 00:40:16,060 | INFO | ✅ Added patterns | File: EW-ND-PM-7Apr-For creation_new_tool_output.csv | Folder: E:\\EmailTool-V2\Barzaan\email_creator_app\files\merger
2025-12-26 00:40:16,060 | INFO | 📊 Current database size: 563664 companies
2025-12-26 00:40:16,060 | INFO | 📄 Found file: E:\\EmailTool-V2\Barzaan\email_creator_app\files\merger\EW-NDPM-13May_new_tool_output.csv
2025-12-26 00:40:19,126 | INFO | ✅ Added patterns | File: EW-NDPM-13May_new_tool_output.csv | Folder: E:\\EmailTool-V2\Barzaan\email_creator_app\files\merger
2025-12-26 00:40:19,128 | INFO | 📊 Current database size: 568191 companies
2025-12-26 00:40:19,128 | INFO | 📄 Found file: E:\\EmailTool-V2\Barzaan\email_creator_app\files\merger\EW-NDPM-29May-For creation_missing_new_tool_output.csv
2025-12-26 00:40:22,444 | INFO | ✅ Added patterns | File: EW-NDPM-29May-For creation_missing_new_tool_output.csv | Folder: E:\\EmailTool-V2\Barzaan\email_creator_app\files\merger
2025-12-26 00:40:22,446 | INFO | 📊 Current database size: 568239 companies
2025-12-26 00:40:22,446 | INFO | 📄 Found file: E:\\EmailTool-V2\Barzaan\email_creator_app\files\merger\EW-NDPM-6May-For Creation_new_tool_output.csv
2025-12-26 00:40:27,119 | INFO | ✅ Added patterns | File: EW-NDPM-6May-For Creation_new_tool_output.csv | Folder: E:\\EmailTool-V2\Barzaan\email_creator_app\files\merger
2025-12-26 00:40:27,119 | INFO | 📊 Current database size: 568239 companies
2025-12-26 00:40:27,119 | INFO | 📄 Found file: E:\\EmailTool-V2\Barzaan\email_creator_app\files\merger\Fresno, CA-10000_new_tool_output.csv
2025-12-26 00:40:29,850 | INFO | ✅ Added patterns | File: Fresno, CA-10000_new_tool_output.csv | Folder: E:\\EmailTool-V2\Barzaan\email_creator_app\files\merger
2025-12-26 00:40:29,850 | INFO | 📊 Current database size: 568239 companies
2025-12-26 00:40:29,850 | INFO | 📄 Found file: E:\\EmailTool-V2\Barzaan\email_creator_app\files\merger\Fresno, CA-test_new_tool_output.csv
2025-12-26 00:40:31,910 | INFO | ✅ Added patterns | File: Fresno, CA-test_new_tool_output.csv | Folder: E:\\EmailTool-V2\Barzaan\email_creator_app\files\merger
2025-12-26 00:40:31,910 | INFO | 📊 Current database size: 568239 companies
2025-12-26 00:40:32,004 | INFO | 📄 Found file: E:\\EmailTool-V2\Barzaan\email_creator_app\files\missing_emails\Atlanta, GA-B2B-44874_missing.csv
2025-12-26 00:40:32,300 | INFO | ✅ Added patterns | File: Atlanta, GA-B2B-44874_missing.csv | Folder: E:\\EmailTool-V2\Barzaan\email_creator_app\files\missing_emails
2025-12-26 00:40:32,301 | INFO | 📊 Current database size: 568239 companies
2025-12-26 00:40:32,301 | INFO | 📄 Found file: E:\\EmailTool-V2\Barzaan\email_creator_app\files\missing_emails\Atlanta, GA-B2B-44874_new_tool_missing.csv
2025-12-26 00:40:32,718 | INFO | ✅ Added patterns | File: Atlanta, GA-B2B-44874_new_tool_missing.csv | Folder: E:\\EmailTool-V2\Barzaan\email_creator_app\files\missing_emails
2025-12-26 00:40:32,734 | INFO | 📊 Current database size: 568239 companies
2025-12-26 00:40:32,735 | INFO | 📄 Found file: E:\\EmailTool-V2\Barzaan\email_creator_app\files\missing_emails\Atlanta, GA-LSSGB-137575_missing.csv
2025-12-26 00:40:33,035 | INFO | ✅ Added patterns | File: Atlanta, GA-LSSGB-137575_missing.csv | Folder: E:\\EmailTool-V2\Barzaan\email_creator_app\files\missing_emails
2025-12-26 00:40:33,036 | INFO | 📊 Current database size: 568239 companies
2025-12-26 00:40:33,036 | INFO | 📄 Found file: E:\\EmailTool-V2\Barzaan\email_creator_app\files\missing_emails\Atlanta, GA-LSSGB-137575_new_tool_missing.csv
2025-12-26 00:40:33,722 | INFO | ✅ Added patterns | File: Atlanta, GA-LSSGB-137575_new_tool_missing.csv | Folder: E:\\EmailTool-V2\Barzaan\email_creator_app\files\missing_emails
2025-12-26 00:40:33,722 | INFO | 📊 Current database size: 568239 companies
2025-12-26 00:40:33,724 | INFO | 📄 Found file: E:\\EmailTool-V2\Barzaan\email_creator_app\files\missing_emails\Atlanta, GA-PMP-176938_new_tool_missing.csv
2025-12-26 00:40:34,575 | INFO | ✅ Added patterns | File: Atlanta, GA-PMP-176938_new_tool_missing.csv | Folder: E:\\EmailTool-V2\Barzaan\email_creator_app\files\missing_emails
2025-12-26 00:40:34,575 | INFO | 📊 Current database size: 568239 companies
2025-12-26 00:40:34,575 | INFO | 📄 Found file: E:\\EmailTool-V2\Barzaan\email_creator_app\files\missing_emails\Austin, Tx seggrigation_1_new_tool_missing.csv
2025-12-26 00:40:34,926 | INFO | ✅ Added patterns | File: Austin, Tx seggrigation_1_new_tool_missing.csv | Folder: E:\\EmailTool-V2\Barzaan\email_creator_app\files\missing_emails
2025-12-26 00:40:34,926 | INFO | 📊 Current database size: 568239 companies
2025-12-26 00:40:34,926 | INFO | 📄 Found file: E:\\EmailTool-V2\Barzaan\email_creator_app\files\missing_emails\AustinTxseggrigation_1_missing.csv
2025-12-26 00:40:35,210 | INFO | ✅ Added patterns | File: AustinTxseggrigation_1_missing.csv | Folder: E:\\EmailTool-V2\Barzaan\email_creator_app\files\missing_emails
2025-12-26 00:40:35,226 | INFO | 📊 Current database size: 568239 companies
2025-12-26 00:40:35,227 | INFO | 📄 Found file: E:\\EmailTool-V2\Barzaan\email_creator_app\files\missing_emails\Baltimore, MD-B2B-23152_new_tool_missing.csv
2025-12-26 00:40:35,521 | INFO | ✅ Added patterns | File: Baltimore, MD-B2B-23152_new_tool_missing.csv | Folder: E:\\EmailTool-V2\Barzaan\email_creator_app\files\missing_emails
2025-12-26 00:40:35,521 | INFO | 📊 Current database size: 568239 companies
2025-12-26 00:40:35,521 | INFO | 📄 Found file: E:\\EmailTool-V2\Barzaan\email_creator_app\files\missing_emails\Baltimore, MD-PMP-109446_missing.csv
2025-12-26 00:40:36,467 | INFO | ✅ Added patterns | File: Baltimore, MD-PMP-109446_missing.csv | Folder: E:\\EmailTool-V2\Barzaan\email_creator_app\files\missing_emails
2025-12-26 00:40:36,467 | INFO | 📊 Current database size: 568239 companies
2025-12-26 00:40:36,467 | INFO | 📄 Found file: E:\\EmailTool-V2\Barzaan\email_creator_app\files\missing_emails\Baltimore, MD-PMP-109446_missing_missing.csv
2025-12-26 00:40:36,933 | INFO | ✅ Added patterns | File: Baltimore, MD-PMP-109446_missing_missing.csv | Folder: E:\\EmailTool-V2\Barzaan\email_creator_app\files\missing_emails
2025-12-26 00:40:36,933 | INFO | 📊 Current database size: 568239 companies
2025-12-26 00:40:36,933 | INFO | 📄 Found file: E:\\EmailTool-V2\Barzaan\email_creator_app\files\missing_emails\Baltimore, MD-PMP-109446_new_tool_missing.csv
2025-12-26 00:40:37,401 | INFO | ✅ Added patterns | File: Baltimore, MD-PMP-109446_new_tool_missing.csv | Folder: E:\\EmailTool-V2\Barzaan\email_creator_app\files\missing_emails
2025-12-26 00:40:37,401 | INFO | 📊 Current database size: 568239 companies
2025-12-26 00:40:37,401 | INFO | 📄 Found file: E:\\EmailTool-V2\Barzaan\email_creator_app\files\missing_emails\Boise, ID Seggrigation 2018_missing.csv
2025-12-26 00:40:37,832 | INFO | ✅ Added patterns | File: Boise, ID Seggrigation 2018_missing.csv | Folder: E:\\EmailTool-V2\Barzaan\email_creator_app\files\missing_emails
2025-12-26 00:40:37,833 | INFO | 📊 Current database size: 568239 companies
2025-12-26 00:40:37,834 | INFO | 📄 Found file: E:\\EmailTool-V2\Barzaan\email_creator_app\files\missing_emails\Boise, ID Seggrigation 2018_new_tool_missing.csv
2025-12-26 00:40:38,221 | INFO | ✅ Added patterns | File: Boise, ID Seggrigation 2018_new_tool_missing.csv | Folder: E:\\EmailTool-V2\Barzaan\email_creator_app\files\missing_emails
2025-12-26 00:40:38,221 | INFO | 📊 Current database size: 568239 companies
2025-12-26 00:40:38,221 | INFO | 📄 Found file: E:\\EmailTool-V2\Barzaan\email_creator_app\files\missing_emails\CA-ND-8Jul-For creation_missing.csv
2025-12-26 00:40:38,740 | INFO | ✅ Added patterns | File: CA-ND-8Jul-For creation_missing.csv | Folder: E:\\EmailTool-V2\Barzaan\email_creator_app\files\missing_emails
2025-12-26 00:40:38,741 | INFO | 📊 Current database size: 568239 companies
2025-12-26 00:40:38,741 | INFO | 📄 Found file: E:\\EmailTool-V2\Barzaan\email_creator_app\files\missing_emails\CA-ND-8Jul-For creation_missing_missing.csv
2025-12-26 00:40:39,241 | INFO | ✅ Added patterns | File: CA-ND-8Jul-For creation_missing_missing.csv | Folder: E:\\EmailTool-V2\Barzaan\email_creator_app\files\missing_emails
2025-12-26 00:40:39,245 | INFO | 📊 Current database size: 568239 companies
2025-12-26 00:40:39,245 | INFO | 📄 Found file: E:\\EmailTool-V2\Barzaan\email_creator_app\files\missing_emails\CA-ND-8Jul-For creation_missing_new_tool_missing.csv
2025-12-26 00:40:39,826 | INFO | ✅ Added patterns | File: CA-ND-8Jul-For creation_missing_new_tool_missing.csv | Folder: E:\\EmailTool-V2\Barzaan\email_creator_app\files\missing_emails
2025-12-26 00:40:39,826 | INFO | 📊 Current database size: 568239 companies
2025-12-26 00:40:39,826 | INFO | 📄 Found file: E:\\EmailTool-V2\Barzaan\email_creator_app\files\missing_emails\CA-ND-8Jul-For creation_missing_new_tool_missing_new_tool_missing.csv
2025-12-26 00:40:40,347 | INFO | ✅ Added patterns | File: CA-ND-8Jul-For creation_missing_new_tool_missing_new_tool_missing.csv | Folder: E:\\EmailTool-V2\Barzaan\email_creator_app\files\missing_emails
2025-12-26 00:40:40,347 | INFO | 📊 Current database size: 568239 companies
2025-12-26 00:40:40,347 | INFO | 📄 Found file: E:\\EmailTool-V2\Barzaan\email_creator_app\files\missing_emails\CA-ND-8Jul-For creation__new_tool_missing.csv
2025-12-26 00:40:41,081 | INFO | ✅ Added patterns | File: CA-ND-8Jul-For creation__new_tool_missing.csv | Folder: E:\\EmailTool-V2\Barzaan\email_creator_app\files\missing_emails
2025-12-26 00:40:41,081 | INFO | 📊 Current database size: 568239 companies
2025-12-26 00:40:41,081 | INFO | 📄 Found file: E:\\EmailTool-V2\Barzaan\email_creator_app\files\missing_emails\Calgary, AB-174000 (1)_new_tool_missing.csv
2025-12-26 00:40:42,135 | INFO | ✅ Added patterns | File: Calgary, AB-174000 (1)_new_tool_missing.csv | Folder: E:\\EmailTool-V2\Barzaan\email_creator_app\files\missing_emails
2025-12-26 00:40:42,135 | INFO | 📊 Current database size: 568239 companies
2025-12-26 00:40:42,135 | INFO | 📄 Found file: E:\\EmailTool-V2\Barzaan\email_creator_app\files\missing_emails\Calgary, AB-174000_new_tool_missing.csv
2025-12-26 00:40:43,155 | INFO | ✅ Added patterns | File: Calgary, AB-174000_new_tool_missing.csv | Folder: E:\\EmailTool-V2\Barzaan\email_creator_app\files\missing_emails
2025-12-26 00:40:43,155 | INFO | 📊 Current database size: 568239 companies
2025-12-26 00:40:43,155 | INFO | 📄 Found file: E:\\EmailTool-V2\Barzaan\email_creator_app\files\missing_emails\Calgary, AB-174000_new_tool_missing__new_tool_missing.csv
2025-12-26 00:40:43,826 | INFO | ✅ Added patterns | File: Calgary, AB-174000_new_tool_missing__new_tool_missing.csv | Folder: E:\\EmailTool-V2\Barzaan\email_creator_app\files\missing_emails
2025-12-26 00:40:43,826 | INFO | 📊 Current database size: 568239 companies
2025-12-26 00:40:43,826 | INFO | 📄 Found file: E:\\EmailTool-V2\Barzaan\email_creator_app\files\missing_emails\Canada ND-23Sep- For creation_missing.csv
2025-12-26 00:40:44,459 | INFO | ✅ Added patterns | File: Canada ND-23Sep- For creation_missing.csv | Folder: E:\\EmailTool-V2\Barzaan\email_creator_app\files\missing_emails
2025-12-26 00:40:44,475 | INFO | 📊 Current database size: 568239 companies
2025-12-26 00:40:44,476 | INFO | 📄 Found file: E:\\EmailTool-V2\Barzaan\email_creator_app\files\missing_emails\Canada-ND-06Oct- For Creation_missing.csv
2025-12-26 00:40:45,062 | INFO | ✅ Added patterns | File: Canada-ND-06Oct- For Creation_missing.csv | Folder: E:\\EmailTool-V2\Barzaan\email_creator_app\files\missing_emails
2025-12-26 00:40:45,062 | INFO | 📊 Current database size: 568239 companies
2025-12-26 00:40:45,062 | INFO | 📄 Found file: E:\\EmailTool-V2\Barzaan\email_creator_app\files\missing_emails\Canada-ND-09Sep- For creation_missing.csv
2025-12-26 00:40:45,530 | INFO | ✅ Added patterns | File: Canada-ND-09Sep- For creation_missing.csv | Folder: E:\\EmailTool-V2\Barzaan\email_creator_app\files\missing_emails
2025-12-26 00:40:45,530 | INFO | 📊 Current database size: 568239 companies
2025-12-26 00:40:45,530 | INFO | 📄 Found file: E:\\EmailTool-V2\Barzaan\email_creator_app\files\missing_emails\Canada-ND-18nov-For Creation_missing.csv
2025-12-26 00:40:46,517 | INFO | ✅ Added patterns | File: Canada-ND-18nov-For Creation_missing.csv | Folder: E:\\EmailTool-V2\Barzaan\email_creator_app\files\missing_emails
2025-12-26 00:40:46,517 | INFO | 📊 Current database size: 568239 companies
2025-12-26 00:40:46,517 | INFO | 📄 Found file: E:\\EmailTool-V2\Barzaan\email_creator_app\files\missing_emails\Canada-ND-21Aug-For Creation_missing.csv
2025-12-26 00:40:47,009 | INFO | ✅ Added patterns | File: Canada-ND-21Aug-For Creation_missing.csv | Folder: E:\\EmailTool-V2\Barzaan\email_creator_app\files\missing_emails
2025-12-26 00:40:47,009 | INFO | 📊 Current database size: 568239 companies
2025-12-26 00:40:47,009 | INFO | 📄 Found file: E:\\EmailTool-V2\Barzaan\email_creator_app\files\missing_emails\Canada-ND-21Aug-For Creation_missing_new_tool_missing.csv
2025-12-26 00:40:47,519 | INFO | ✅ Added patterns | File: Canada-ND-21Aug-For Creation_missing_new_tool_missing.csv | Folder: E:\\EmailTool-V2\Barzaan\email_creator_app\files\missing_emails
2025-12-26 00:40:47,520 | INFO | 📊 Current database size: 568239 companies
2025-12-26 00:40:47,520 | INFO | 📄 Found file: E:\\EmailTool-V2\Barzaan\email_creator_app\files\missing_emails\Canada-ND-28Aug-For Creation_missing.csv
2025-12-26 00:40:48,039 | INFO | ✅ Added patterns | File: Canada-ND-28Aug-For Creation_missing.csv | Folder: E:\\EmailTool-V2\Barzaan\email_creator_app\files\missing_emails
2025-12-26 00:40:48,039 | INFO | 📊 Current database size: 568239 companies
2025-12-26 00:40:48,039 | INFO | 📄 Found file: E:\\EmailTool-V2\Barzaan\email_creator_app\files\missing_emails\Canada-ND-28Aug-For Creation_missing_missing.csv
2025-12-26 00:40:48,493 | INFO | ✅ Added patterns | File: Canada-ND-28Aug-For Creation_missing_missing.csv | Folder: E:\\EmailTool-V2\Barzaan\email_creator_app\files\missing_emails
2025-12-26 00:40:48,493 | INFO | 📊 Current database size: 568239 companies
2025-12-26 00:40:48,493 | INFO | 📄 Found file: E:\\EmailTool-V2\Barzaan\email_creator_app\files\missing_emails\Canada-ND-28Aug-For Creation_missing_new_tool_missing.csv
2025-12-26 00:40:48,992 | INFO | ✅ Added patterns | File: Canada-ND-28Aug-For Creation_missing_new_tool_missing.csv | Folder: E:\\EmailTool-V2\Barzaan\email_creator_app\files\missing_emails
2025-12-26 00:40:48,992 | INFO | 📊 Current database size: 568239 companies
2025-12-26 00:40:48,992 | INFO | 📄 Found file: E:\\EmailTool-V2\Barzaan\email_creator_app\files\missing_emails\CANADA-ND-7-Aug- For Creation_missing.csv
2025-12-26 00:40:49,728 | INFO | ✅ Added patterns | File: CANADA-ND-7-Aug- For Creation_missing.csv | Folder: E:\\EmailTool-V2\Barzaan\email_creator_app\files\missing_emails
2025-12-26 00:40:49,728 | INFO | 📊 Current database size: 568239 companies
2025-12-26 00:40:49,728 | INFO | 📄 Found file: E:\\EmailTool-V2\Barzaan\email_creator_app\files\missing_emails\Colorado Springs, CO Seggrigation __missing.csv
2025-12-26 00:40:50,480 | INFO | ✅ Added patterns | File: Colorado Springs, CO Seggrigation __missing.csv | Folder: E:\\EmailTool-V2\Barzaan\email_creator_app\files\missing_emails
2025-12-26 00:40:50,480 | INFO | 📊 Current database size: 568239 companies
2025-12-26 00:40:50,480 | INFO | 📄 Found file: E:\\EmailTool-V2\Barzaan\email_creator_app\files\missing_emails\Colorado Springs, CO Seggrigation __new_tool_missing.csv
2025-12-26 00:40:50,808 | INFO | ✅ Added patterns | File: Colorado Springs, CO Seggrigation __new_tool_missing.csv | Folder: E:\\EmailTool-V2\Barzaan\email_creator_app\files\missing_emails
2025-12-26 00:40:50,810 | INFO | 📊 Current database size: 568239 companies
2025-12-26 00:40:50,811 | INFO | 📄 Found file: E:\\EmailTool-V2\Barzaan\email_creator_app\files\missing_emails\Colorado_missing.csv
2025-12-26 00:40:51,142 | INFO | ✅ Added patterns | File: Colorado_missing.csv | Folder: E:\\EmailTool-V2\Barzaan\email_creator_app\files\missing_emails
2025-12-26 00:40:51,142 | INFO | 📊 Current database size: 568239 companies
2025-12-26 00:40:51,142 | INFO | 📄 Found file: E:\\EmailTool-V2\Barzaan\email_creator_app\files\missing_emails\Colorado_missing_missing.csv
2025-12-26 00:40:51,456 | INFO | ✅ Added patterns | File: Colorado_missing_missing.csv | Folder: E:\\EmailTool-V2\Barzaan\email_creator_app\files\missing_emails
2025-12-26 00:40:51,456 | INFO | 📊 Current database size: 568239 companies
2025-12-26 00:40:51,456 | INFO | 📄 Found file: E:\\EmailTool-V2\Barzaan\email_creator_app\files\missing_emails\Colorado_missing_missing_missing.csv
2025-12-26 00:40:51,735 | INFO | ✅ Added patterns | File: Colorado_missing_missing_missing.csv | Folder: E:\\EmailTool-V2\Barzaan\email_creator_app\files\missing_emails
2025-12-26 00:40:51,735 | INFO | 📊 Current database size: 568239 companies
2025-12-26 00:40:51,735 | INFO | 📄 Found file: E:\\EmailTool-V2\Barzaan\email_creator_app\files\missing_emails\Colorado_missing_missing_missing_missing.csv
2025-12-26 00:40:52,022 | INFO | ✅ Added patterns | File: Colorado_missing_missing_missing_missing.csv | Folder: E:\\EmailTool-V2\Barzaan\email_creator_app\files\missing_emails
2025-12-26 00:40:52,022 | INFO | 📊 Current database size: 568239 companies
2025-12-26 00:40:52,022 | INFO | 📄 Found file: E:\\EmailTool-V2\Barzaan\email_creator_app\files\missing_emails\Colorado_missing_missing_missing_missing_missing.csv
2025-12-26 00:40:52,303 | INFO | ✅ Added patterns | File: Colorado_missing_missing_missing_missing_missing.csv | Folder: E:\\EmailTool-V2\Barzaan\email_creator_app\files\missing_emails
2025-12-26 00:40:52,303 | INFO | 📊 Current database size: 568239 companies
2025-12-26 00:40:52,303 | INFO | 📄 Found file: E:\\EmailTool-V2\Barzaan\email_creator_app\files\missing_emails\Colorado_new_tool_missing.csv
2025-12-26 00:40:52,588 | INFO | ✅ Added patterns | File: Colorado_new_tool_missing.csv | Folder: E:\\EmailTool-V2\Barzaan\email_creator_app\files\missing_emails
2025-12-26 00:40:52,588 | INFO | 📊 Current database size: 568239 companies
2025-12-26 00:40:52,588 | INFO | 📄 Found file: E:\\EmailTool-V2\Barzaan\email_creator_app\files\missing_emails\Colorado_output_missing.csv
2025-12-26 00:40:52,904 | INFO | ✅ Added patterns | File: Colorado_output_missing.csv | Folder: E:\\EmailTool-V2\Barzaan\email_creator_app\files\missing_emails
2025-12-26 00:40:52,906 | INFO | 📊 Current database size: 568239 companies
2025-12-26 00:40:52,906 | INFO | 📄 Found file: E:\\EmailTool-V2\Barzaan\email_creator_app\files\missing_emails\Colorado_output_output_missing.csv
2025-12-26 00:40:53,173 | INFO | ✅ Added patterns | File: Colorado_output_output_missing.csv | Folder: E:\\EmailTool-V2\Barzaan\email_creator_app\files\missing_emails
2025-12-26 00:40:53,173 | INFO | 📊 Current database size: 568239 companies
2025-12-26 00:40:53,173 | INFO | 📄 Found file: E:\\EmailTool-V2\Barzaan\email_creator_app\files\missing_emails\Colorado_output_output_output_missing.csv
2025-12-26 00:40:53,458 | INFO | ✅ Added patterns | File: Colorado_output_output_output_missing.csv | Folder: E:\\EmailTool-V2\Barzaan\email_creator_app\files\missing_emails
2025-12-26 00:40:53,459 | INFO | 📊 Current database size: 568239 companies
2025-12-26 00:40:53,459 | INFO | 📄 Found file: E:\\EmailTool-V2\Barzaan\email_creator_app\files\missing_emails\complete_missing.csv
2025-12-26 00:40:53,724 | INFO | ✅ Added patterns | File: complete_missing.csv | Folder: E:\\EmailTool-V2\Barzaan\email_creator_app\files\missing_emails
2025-12-26 00:40:53,725 | INFO | 📊 Current database size: 568239 companies
2025-12-26 00:40:53,725 | INFO | 📄 Found file: E:\\EmailTool-V2\Barzaan\email_creator_app\files\missing_emails\complete_new_tool_missing.csv
2025-12-26 00:40:54,028 | INFO | ✅ Added patterns | File: complete_new_tool_missing.csv | Folder: E:\\EmailTool-V2\Barzaan\email_creator_app\files\missing_emails
2025-12-26 00:40:54,028 | INFO | 📊 Current database size: 568239 companies
2025-12-26 00:40:54,028 | INFO | 📄 Found file: E:\\EmailTool-V2\Barzaan\email_creator_app\files\missing_emails\EW-City-ND-24Ma_Missing_file2025-03-24 16-38-22_missing.csv
2025-12-26 00:40:54,595 | INFO | ✅ Added patterns | File: EW-City-ND-24Ma_Missing_file2025-03-24 16-38-22_missing.csv | Folder: E:\\EmailTool-V2\Barzaan\email_creator_app\files\missing_emails
2025-12-26 00:40:54,595 | INFO | 📊 Current database size: 568239 companies
2025-12-26 00:40:54,595 | INFO | 📄 Found file: E:\\EmailTool-V2\Barzaan\email_creator_app\files\missing_emails\EW-City-ND-24Ma_Missing_file2025-03-24 16-38-22__new_tool_missing.csv
2025-12-26 00:40:55,180 | INFO | ✅ Added patterns | File: EW-City-ND-24Ma_Missing_file2025-03-24 16-38-22__new_tool_missing.csv | Folder: E:\\EmailTool-V2\Barzaan\email_creator_app\files\missing_emails
2025-12-26 00:40:55,180 | INFO | 📊 Current database size: 568239 companies
2025-12-26 00:40:55,180 | INFO | 📄 Found file: E:\\EmailTool-V2\Barzaan\email_creator_app\files\missing_emails\EW-City-ND-24Ma_Missing_file2025-03-24.csv
2025-12-26 00:40:55,735 | INFO | ✅ Added patterns | File: EW-City-ND-24Ma_Missing_file2025-03-24.csv | Folder: E:\\EmailTool-V2\Barzaan\email_creator_app\files\missing_emails
2025-12-26 00:40:55,735 | INFO | 📊 Current database size: 568239 companies
2025-12-26 00:40:55,735 | INFO | 📄 Found file: E:\\EmailTool-V2\Barzaan\email_creator_app\files\missing_emails\EW-City-ND_missing_file_5April.csv
2025-12-26 00:40:56,251 | INFO | ✅ Added patterns | File: EW-City-ND_missing_file_5April.csv | Folder: E:\\EmailTool-V2\Barzaan\email_creator_app\files\missing_emails
2025-12-26 00:40:56,251 | INFO | 📊 Current database size: 568239 companies
2025-12-26 00:40:56,251 | INFO | 📄 Found file: E:\\EmailTool-V2\Barzaan\email_creator_app\files\missing_emails\EW-City-ND_missing_file_5April_missing.csv
2025-12-26 00:40:56,924 | INFO | ✅ Added patterns | File: EW-City-ND_missing_file_5April_missing.csv | Folder: E:\\EmailTool-V2\Barzaan\email_creator_app\files\missing_emails
2025-12-26 00:40:56,924 | INFO | 📊 Current database size: 568239 companies
2025-12-26 00:40:56,925 | INFO | 📄 Found file: E:\\EmailTool-V2\Barzaan\email_creator_app\files\missing_emails\EW-ND-16Jun-For creation_July 3, 2025_new_tool_missing_new_tool_missing.csv
2025-12-26 00:40:57,833 | INFO | ✅ Added patterns | File: EW-ND-16Jun-For creation_July 3, 2025_new_tool_missing_new_tool_missing.csv | Folder: E:\\EmailTool-V2\Barzaan\email_creator_app\files\missing_emails
2025-12-26 00:40:57,835 | INFO | 📊 Current database size: 568239 companies
2025-12-26 00:40:57,835 | INFO | 📄 Found file: E:\\EmailTool-V2\Barzaan\email_creator_app\files\missing_emails\EW-ND-16Jun-For creation_July 3, 2025_new_tool_missing_new_tool_missing_new_tool_missing.csv
2025-12-26 00:40:58,743 | INFO | ✅ Added patterns | File: EW-ND-16Jun-For creation_July 3, 2025_new_tool_missing_new_tool_missing_new_tool_missing.csv | Folder: E:\\EmailTool-V2\Barzaan\email_creator_app\files\missing_emails
2025-12-26 00:40:58,743 | INFO | 📊 Current database size: 568239 companies
2025-12-26 00:40:58,743 | INFO | 📄 Found file: E:\\EmailTool-V2\Barzaan\email_creator_app\files\missing_emails\EW-ND-16Jun-For creation_June 29, 2025.csv
2025-12-26 00:40:59,563 | INFO | ✅ Added patterns | File: EW-ND-16Jun-For creation_June 29, 2025.csv | Folder: E:\\EmailTool-V2\Barzaan\email_creator_app\files\missing_emails
2025-12-26 00:40:59,563 | INFO | 📊 Current database size: 568239 companies
2025-12-26 00:40:59,563 | INFO | 📄 Found file: E:\\EmailTool-V2\Barzaan\email_creator_app\files\missing_emails\EW-ND-16Jun-For creation_June 30, 2025_new_tool_missing.csv
2025-12-26 00:41:00,449 | INFO | ✅ Added patterns | File: EW-ND-16Jun-For creation_June 30, 2025_new_tool_missing.csv | Folder: E:\\EmailTool-V2\Barzaan\email_creator_app\files\missing_emails
2025-12-26 00:41:00,449 | INFO | 📊 Current database size: 568239 companies
2025-12-26 00:41:00,449 | INFO | 📄 Found file: E:\\EmailTool-V2\Barzaan\email_creator_app\files\missing_emails\EW-ND-16Jun-For creation_missing.csv
2025-12-26 00:41:01,261 | INFO | ✅ Added patterns | File: EW-ND-16Jun-For creation_missing.csv | Folder: E:\\EmailTool-V2\Barzaan\email_creator_app\files\missing_emails
2025-12-26 00:41:01,261 | INFO | 📊 Current database size: 568239 companies
2025-12-26 00:41:01,261 | INFO | 📄 Found file: E:\\EmailTool-V2\Barzaan\email_creator_app\files\missing_emails\EW-ND-16Jun-For creation_missing_new_tool_missing.csv
2025-12-26 00:41:02,188 | INFO | ✅ Added patterns | File: EW-ND-16Jun-For creation_missing_new_tool_missing.csv | Folder: E:\\EmailTool-V2\Barzaan\email_creator_app\files\missing_emails
2025-12-26 00:41:02,188 | INFO | 📊 Current database size: 568239 companies
2025-12-26 00:41:02,188 | INFO | 📄 Found file: E:\\EmailTool-V2\Barzaan\email_creator_app\files\missing_emails\EW-ND-16Jun-For creation_missing_new_tool_missing_new_tool_missing.csv
2025-12-26 00:41:03,074 | INFO | ✅ Added patterns | File: EW-ND-16Jun-For creation_missing_new_tool_missing_new_tool_missing.csv | Folder: E:\\EmailTool-V2\Barzaan\email_creator_app\files\missing_emails
2025-12-26 00:41:03,075 | INFO | 📊 Current database size: 568239 companies
2025-12-26 00:41:03,075 | INFO | 📄 Found file: E:\\EmailTool-V2\Barzaan\email_creator_app\files\missing_emails\EW-ND-16Jun-For creation_missing_new_tool_missing_new_tool_missing_new_tool_missing.csv
2025-12-26 00:41:03,961 | INFO | ✅ Added patterns | File: EW-ND-16Jun-For creation_missing_new_tool_missing_new_tool_missing_new_tool_missing.csv | Folder: E:\\EmailTool-V2\Barzaan\email_creator_app\files\missing_emails
2025-12-26 00:41:03,961 | INFO | 📊 Current database size: 568239 companies
2025-12-26 00:41:03,961 | INFO | 📄 Found file: E:\\EmailTool-V2\Barzaan\email_creator_app\files\missing_emails\EW-ND-16Jun-For creation_missing_new_tool_missing_new_tool_missing_new_tool_missing_new_tool_missing.csv
2025-12-26 00:41:04,848 | INFO | ✅ Added patterns | File: EW-ND-16Jun-For creation_missing_new_tool_missing_new_tool_missing_new_tool_missing_new_tool_missing.csv | Folder: E:\\EmailTool-V2\Barzaan\email_creator_app\files\missing_emails
2025-12-26 00:41:04,848 | INFO | 📊 Current database size: 568239 companies
2025-12-26 00:41:04,848 | INFO | 📄 Found file: E:\\EmailTool-V2\Barzaan\email_creator_app\files\missing_emails\EW-ND-28Apr-For_Missing_file2025-04-28 12-25-26_new_tool_missing.csv
2025-12-26 00:41:05,567 | INFO | ✅ Added patterns | File: EW-ND-28Apr-For_Missing_file2025-04-28 12-25-26_new_tool_missing.csv | Folder: E:\\EmailTool-V2\Barzaan\email_creator_app\files\missing_emails
2025-12-26 00:41:05,567 | INFO | 📊 Current database size: 568239 companies
2025-12-26 00:41:05,582 | INFO | 📄 Found file: E:\\EmailTool-V2\Barzaan\email_creator_app\files\missing_emails\EW-ND-30Jun-For creation_missing.csv
2025-12-26 00:41:06,286 | INFO | ✅ Added patterns | File: EW-ND-30Jun-For creation_missing.csv | Folder: E:\\EmailTool-V2\Barzaan\email_creator_app\files\missing_emails
2025-12-26 00:41:06,301 | INFO | 📊 Current database size: 568239 companies
2025-12-26 00:41:06,303 | INFO | 📄 Found file: E:\\EmailTool-V2\Barzaan\email_creator_app\files\missing_emails\EW-ND-30Jun-For creation_missing_new_tool_missing.csv
2025-12-26 00:41:07,150 | INFO | ✅ Added patterns | File: EW-ND-30Jun-For creation_missing_new_tool_missing.csv | Folder: E:\\EmailTool-V2\Barzaan\email_creator_app\files\missing_emails
2025-12-26 00:41:07,150 | INFO | 📊 Current database size: 568239 companies
2025-12-26 00:41:07,151 | INFO | 📄 Found file: E:\\EmailTool-V2\Barzaan\email_creator_app\files\missing_emails\EW-ND-PM-7Apr-For creation - Copy_missing.csv
2025-12-26 00:41:07,903 | INFO | ✅ Added patterns | File: EW-ND-PM-7Apr-For creation - Copy_missing.csv | Folder: E:\\EmailTool-V2\Barzaan\email_creator_app\files\missing_emails
2025-12-26 00:41:07,905 | INFO | 📊 Current database size: 568239 companies
2025-12-26 00:41:07,905 | INFO | 📄 Found file: E:\\EmailTool-V2\Barzaan\email_creator_app\files\missing_emails\EW-ND-PM-7Apr-For creation_missing.csv
2025-12-26 00:41:08,664 | INFO | ✅ Added patterns | File: EW-ND-PM-7Apr-For creation_missing.csv | Folder: E:\\EmailTool-V2\Barzaan\email_creator_app\files\missing_emails
2025-12-26 00:41:08,664 | INFO | 📊 Current database size: 568239 companies
2025-12-26 00:41:08,664 | INFO | 📄 Found file: E:\\EmailTool-V2\Barzaan\email_creator_app\files\missing_emails\EW-ND-PM-7Apr-For creation_new_tool_output - Copy__new_tool_missing.csv
2025-12-26 00:41:08,929 | INFO | ✅ Added patterns | File: EW-ND-PM-7Apr-For creation_new_tool_output - Copy__new_tool_missing.csv | Folder: E:\\EmailTool-V2\Barzaan\email_creator_app\files\missing_emails
2025-12-26 00:41:08,929 | INFO | 📊 Current database size: 568239 companies
2025-12-26 00:41:08,929 | INFO | 📄 Found file: E:\\EmailTool-V2\Barzaan\email_creator_app\files\missing_emails\EW-ND-PM-7Apr-For creation__new_tool_missing.csv
2025-12-26 00:41:10,456 | INFO | ✅ Added patterns | File: EW-ND-PM-7Apr-For creation__new_tool_missing.csv | Folder: E:\\EmailTool-V2\Barzaan\email_creator_app\files\missing_emails
2025-12-26 00:41:10,457 | INFO | 📊 Current database size: 568239 companies
2025-12-26 00:41:10,457 | INFO | 📄 Found file: E:\\EmailTool-V2\Barzaan\email_creator_app\files\missing_emails\EW-NDPM-13May-For creation_missing.csv
2025-12-26 00:41:10,921 | INFO | ✅ Added patterns | File: EW-NDPM-13May-For creation_missing.csv | Folder: E:\\EmailTool-V2\Barzaan\email_creator_app\files\missing_emails
2025-12-26 00:41:10,921 | INFO | 📊 Current database size: 568239 companies
2025-12-26 00:41:10,921 | INFO | 📄 Found file: E:\\EmailTool-V2\Barzaan\email_creator_app\files\missing_emails\EW-NDPM-29-10juneMay-For creation_missing.csv
2025-12-26 00:41:11,579 | INFO | ✅ Added patterns | File: EW-NDPM-29-10juneMay-For creation_missing.csv | Folder: E:\\EmailTool-V2\Barzaan\email_creator_app\files\missing_emails
2025-12-26 00:41:11,579 | INFO | 📊 Current database size: 568239 companies
2025-12-26 00:41:11,579 | INFO | 📄 Found file: E:\\EmailTool-V2\Barzaan\email_creator_app\files\missing_emails\EW-NDPM-6May-For Creation_missing.csv
2025-12-26 00:41:12,073 | INFO | ✅ Added patterns | File: EW-NDPM-6May-For Creation_missing.csv | Folder: E:\\EmailTool-V2\Barzaan\email_creator_app\files\missing_emails
2025-12-26 00:41:12,073 | INFO | 📊 Current database size: 568239 companies
2025-12-26 00:41:12,073 | INFO | 📄 Found file: E:\\EmailTool-V2\Barzaan\email_creator_app\files\missing_emails\EW-NDPM-6May-For Creation_missing_missing.csv
2025-12-26 00:41:12,524 | INFO | ✅ Added patterns | File: EW-NDPM-6May-For Creation_missing_missing.csv | Folder: E:\\EmailTool-V2\Barzaan\email_creator_app\files\missing_emails
2025-12-26 00:41:12,524 | INFO | 📊 Current database size: 568239 companies
2025-12-26 00:41:12,524 | INFO | 📄 Found file: E:\\EmailTool-V2\Barzaan\email_creator_app\files\missing_emails\EW-NDPM-6May-For Creation__new_tool_missing.csv
2025-12-26 00:41:13,277 | INFO | ✅ Added patterns | File: EW-NDPM-6May-For Creation__new_tool_missing.csv | Folder: E:\\EmailTool-V2\Barzaan\email_creator_app\files\missing_emails
2025-12-26 00:41:13,277 | INFO | 📊 Current database size: 568239 companies
2025-12-26 00:41:13,277 | INFO | 📄 Found file: E:\\EmailTool-V2\Barzaan\email_creator_app\files\missing_emails\EW-NDPM_12june_missing.csv
2025-12-26 00:41:13,812 | INFO | ✅ Added patterns | File: EW-NDPM_12june_missing.csv | Folder: E:\\EmailTool-V2\Barzaan\email_creator_app\files\missing_emails
2025-12-26 00:41:13,812 | INFO | 📊 Current database size: 568239 companies
2025-12-26 00:41:13,812 | INFO | 📄 Found file: E:\\EmailTool-V2\Barzaan\email_creator_app\files\missing_emails\EW-NDPM_12june_missing__new_tool_missing.csv
2025-12-26 00:41:14,400 | INFO | ✅ Added patterns | File: EW-NDPM_12june_missing__new_tool_missing.csv | Folder: E:\\EmailTool-V2\Barzaan\email_creator_app\files\missing_emails
2025-12-26 00:41:14,401 | INFO | 📊 Current database size: 568239 companies
2025-12-26 00:41:14,402 | INFO | 📄 Found file: E:\\EmailTool-V2\Barzaan\email_creator_app\files\missing_emails\feb-1_Missing_file2025-02-16 23-58-04_missing.csv
2025-12-26 00:41:16,773 | INFO | ✅ Added patterns | File: feb-1_Missing_file2025-02-16 23-58-04_missing.csv | Folder: E:\\EmailTool-V2\Barzaan\email_creator_app\files\missing_emails
2025-12-26 00:41:16,773 | INFO | 📊 Current database size: 568239 companies
2025-12-26 00:41:16,773 | INFO | 📄 Found file: E:\\EmailTool-V2\Barzaan\email_creator_app\files\missing_emails\Formatted_file__Missing_13june.csv
2025-12-26 00:41:17,608 | INFO | ✅ Added patterns | File: Formatted_file__Missing_13june.csv | Folder: E:\\EmailTool-V2\Barzaan\email_creator_app\files\missing_emails
2025-12-26 00:41:17,609 | INFO | 📊 Current database size: 568239 companies
2025-12-26 00:41:17,609 | INFO | 📄 Found file: E:\\EmailTool-V2\Barzaan\email_creator_app\files\missing_emails\Formatted_file__Missing_13june_new_tool_missing.csv
2025-12-26 00:41:18,211 | INFO | ✅ Added patterns | File: Formatted_file__Missing_13june_new_tool_missing.csv | Folder: E:\\EmailTool-V2\Barzaan\email_creator_app\files\missing_emails
2025-12-26 00:41:18,211 | INFO | 📊 Current database size: 568239 companies
2025-12-26 00:41:18,211 | INFO | 📄 Found file: E:\\EmailTool-V2\Barzaan\email_creator_app\files\missing_emails\Formatted_file__Missing_13june__new_tool_missing.csv
2025-12-26 00:41:18,797 | INFO | ✅ Added patterns | File: Formatted_file__Missing_13june__new_tool_missing.csv | Folder: E:\\EmailTool-V2\Barzaan\email_creator_app\files\missing_emails
2025-12-26 00:41:18,797 | INFO | 📊 Current database size: 568239 companies
2025-12-26 00:41:18,797 | INFO | 📄 Found file: E:\\EmailTool-V2\Barzaan\email_creator_app\files\missing_emails\Fresno, CA-10000 - Copy_missing.csv
2025-12-26 00:41:19,118 | INFO | ✅ Added patterns | File: Fresno, CA-10000 - Copy_missing.csv | Folder: E:\\EmailTool-V2\Barzaan\email_creator_app\files\missing_emails
2025-12-26 00:41:19,120 | INFO | 📊 Current database size: 568239 companies
2025-12-26 00:41:19,120 | INFO | 📄 Found file: E:\\EmailTool-V2\Barzaan\email_creator_app\files\missing_emails\Fresno, CA-10000 - Copy_new_tool_missing.csv
2025-12-26 00:41:19,404 | INFO | ✅ Added patterns | File: Fresno, CA-10000 - Copy_new_tool_missing.csv | Folder: E:\\EmailTool-V2\Barzaan\email_creator_app\files\missing_emails
2025-12-26 00:41:19,405 | INFO | 📊 Current database size: 568239 companies
2025-12-26 00:41:19,406 | INFO | 📄 Found file: E:\\EmailTool-V2\Barzaan\email_creator_app\files\missing_emails\Fresno, CA-10000_missing.csv
2025-12-26 00:41:19,732 | INFO | ✅ Added patterns | File: Fresno, CA-10000_missing.csv | Folder: E:\\EmailTool-V2\Barzaan\email_creator_app\files\missing_emails
2025-12-26 00:41:19,733 | INFO | 📊 Current database size: 568239 companies
2025-12-26 00:41:19,734 | INFO | 📄 Found file: E:\\EmailTool-V2\Barzaan\email_creator_app\files\missing_emails\Fresno, CA-10000_new_tool_missing.csv
2025-12-26 00:41:20,027 | INFO | ✅ Added patterns | File: Fresno, CA-10000_new_tool_missing.csv | Folder: E:\\EmailTool-V2\Barzaan\email_creator_app\files\missing_emails
2025-12-26 00:41:20,027 | INFO | 📊 Current database size: 568239 companies
2025-12-26 00:41:20,034 | INFO | 📄 Found file: E:\\EmailTool-V2\Barzaan\email_creator_app\files\missing_emails\Fresno, CA-test_missing.csv
2025-12-26 00:41:20,300 | INFO | ✅ Added patterns | File: Fresno, CA-test_missing.csv | Folder: E:\\EmailTool-V2\Barzaan\email_creator_app\files\missing_emails
2025-12-26 00:41:20,302 | INFO | 📊 Current database size: 568239 companies
2025-12-26 00:41:20,302 | INFO | 📄 Found file: E:\\EmailTool-V2\Barzaan\email_creator_app\files\missing_emails\Fresno, CA-test_new_tool_missing.csv
2025-12-26 00:41:20,569 | INFO | ✅ Added patterns | File: Fresno, CA-test_new_tool_missing.csv | Folder: E:\\EmailTool-V2\Barzaan\email_creator_app\files\missing_emails
2025-12-26 00:41:20,569 | INFO | 📊 Current database size: 568239 companies
2025-12-26 00:41:20,569 | INFO | 📄 Found file: E:\\EmailTool-V2\Barzaan\email_creator_app\files\missing_emails\Mar_File6.7L_missing.csv
2025-12-26 00:41:22,142 | INFO | ✅ Added patterns | File: Mar_File6.7L_missing.csv | Folder: E:\\EmailTool-V2\Barzaan\email_creator_app\files\missing_emails
2025-12-26 00:41:22,142 | INFO | 📊 Current database size: 568239 companies
2025-12-26 00:41:22,142 | INFO | 📄 Found file: E:\\EmailTool-V2\Barzaan\email_creator_app\files\missing_emails\May Formatted File1_missing.csv
2025-12-26 00:41:23,212 | INFO | ✅ Added patterns | File: May Formatted File1_missing.csv | Folder: E:\\EmailTool-V2\Barzaan\email_creator_app\files\missing_emails
2025-12-26 00:41:23,212 | INFO | 📊 Current database size: 568239 companies
2025-12-26 00:41:23,212 | INFO | 📄 Found file: E:\\EmailTool-V2\Barzaan\email_creator_app\files\missing_emails\Missin Canada file.csv
2025-12-26 00:41:23,796 | INFO | ✅ Added patterns | File: Missin Canada file.csv | Folder: E:\\EmailTool-V2\Barzaan\email_creator_app\files\missing_emails
2025-12-26 00:41:23,797 | INFO | 📊 Current database size: 568239 companies
2025-12-26 00:41:23,798 | INFO | 📄 Found file: E:\\EmailTool-V2\Barzaan\email_creator_app\files\missing_emails\Missin Canada file_new_tool_missing.csv
2025-12-26 00:41:24,307 | INFO | ✅ Added patterns | File: Missin Canada file_new_tool_missing.csv | Folder: E:\\EmailTool-V2\Barzaan\email_creator_app\files\missing_emails
2025-12-26 00:41:24,307 | INFO | 📊 Current database size: 568239 companies
2025-12-26 00:41:24,307 | INFO | 📄 Found file: E:\\EmailTool-V2\Barzaan\email_creator_app\files\missing_emails\new_missing.csv
2025-12-26 00:41:25,639 | INFO | ✅ Added patterns | File: new_missing.csv | Folder: E:\\EmailTool-V2\Barzaan\email_creator_app\files\missing_emails
2025-12-26 00:41:25,648 | INFO | 📊 Current database size: 568239 companies
2025-12-26 00:41:25,648 | INFO | 📄 Found file: E:\\EmailTool-V2\Barzaan\email_creator_app\files\missing_emails\UK-ND-15Jul-For creation_missing.csv
2025-12-26 00:41:26,206 | INFO | ✅ Added patterns | File: UK-ND-15Jul-For creation_missing.csv | Folder: E:\\EmailTool-V2\Barzaan\email_creator_app\files\missing_emails
2025-12-26 00:41:26,212 | INFO | 📊 Current database size: 568239 companies
2025-12-26 00:41:26,212 | INFO | 📄 Found file: E:\\EmailTool-V2\Barzaan\email_creator_app\files\missing_emails\UK-ND-28Aug-For Creation_missing.csv
2025-12-26 00:41:26,992 | INFO | ✅ Added patterns | File: UK-ND-28Aug-For Creation_missing.csv | Folder: E:\\EmailTool-V2\Barzaan\email_creator_app\files\missing_emails
2025-12-26 00:41:26,992 | INFO | 📊 Current database size: 568239 companies
2025-12-26 00:41:26,992 | INFO | 📄 Found file: E:\\EmailTool-V2\Barzaan\email_creator_app\files\missing_emails\UK-ND-7Aug- FOr creation_missing.csv
2025-12-26 00:41:27,979 | INFO | ✅ Added patterns | File: UK-ND-7Aug- FOr creation_missing.csv | Folder: E:\\EmailTool-V2\Barzaan\email_creator_app\files\missing_emails
2025-12-26 00:41:27,979 | INFO | 📊 Current database size: 568239 companies
2025-12-26 00:41:27,979 | INFO | 📄 Found file: E:\\EmailTool-V2\Barzaan\email_creator_app\files\missing_emails\US-ND-01Dec- For creation_missing.csv
2025-12-26 00:41:28,949 | INFO | ✅ Added patterns | File: US-ND-01Dec- For creation_missing.csv | Folder: E:\\EmailTool-V2\Barzaan\email_creator_app\files\missing_emails
2025-12-26 00:41:28,964 | INFO | 📊 Current database size: 568239 companies
2025-12-26 00:41:28,965 | INFO | 📄 Found file: E:\\EmailTool-V2\Barzaan\email_creator_app\files\missing_emails\US-ND-18NOV-For creation_missing.csv
2025-12-26 00:41:30,145 | INFO | ✅ Added patterns | File: US-ND-18NOV-For creation_missing.csv | Folder: E:\\EmailTool-V2\Barzaan\email_creator_app\files\missing_emails
2025-12-26 00:41:30,145 | INFO | 📊 Current database size: 568239 companies
2025-12-26 00:41:30,145 | INFO | 📄 Found file: E:\\EmailTool-V2\Barzaan\email_creator_app\files\missing_emails\US-ND-19Aug-For Creation_missing.csv
2025-12-26 00:41:30,722 | INFO | ✅ Added patterns | File: US-ND-19Aug-For Creation_missing.csv | Folder: E:\\EmailTool-V2\Barzaan\email_creator_app\files\missing_emails
2025-12-26 00:41:30,722 | INFO | 📊 Current database size: 568239 companies
2025-12-26 00:41:30,722 | INFO | 📄 Found file: E:\\EmailTool-V2\Barzaan\email_creator_app\files\missing_emails\US-ND-19Aug-For Creation_missing_missing.csv
2025-12-26 00:41:31,240 | INFO | ✅ Added patterns | File: US-ND-19Aug-For Creation_missing_missing.csv | Folder: E:\\EmailTool-V2\Barzaan\email_creator_app\files\missing_emails
2025-12-26 00:41:31,240 | INFO | 📊 Current database size: 568239 companies
2025-12-26 00:41:31,240 | INFO | 📄 Found file: E:\\EmailTool-V2\Barzaan\email_creator_app\files\missing_emails\US-ND-19Aug-For Creation_missing_new_tool_missing.csv
2025-12-26 00:41:31,809 | INFO | ✅ Added patterns | File: US-ND-19Aug-For Creation_missing_new_tool_missing.csv | Folder: E:\\EmailTool-V2\Barzaan\email_creator_app\files\missing_emails
2025-12-26 00:41:31,809 | INFO | 📊 Current database size: 568239 companies
2025-12-26 00:41:31,809 | INFO | 📄 Found file: E:\\EmailTool-V2\Barzaan\email_creator_app\files\missing_emails\US-ND-21Jul-For creation_missing.csv
2025-12-26 00:41:32,695 | INFO | ✅ Added patterns | File: US-ND-21Jul-For creation_missing.csv | Folder: E:\\EmailTool-V2\Barzaan\email_creator_app\files\missing_emails
2025-12-26 00:41:32,695 | INFO | 📊 Current database size: 568239 companies
2025-12-26 00:41:32,695 | INFO | 📄 Found file: E:\\EmailTool-V2\Barzaan\email_creator_app\files\missing_emails\US-ND-21Jul-For creation_missing_new_tool_missing.csv
2025-12-26 00:41:33,766 | INFO | ✅ Added patterns | File: US-ND-21Jul-For creation_missing_new_tool_missing.csv | Folder: E:\\EmailTool-V2\Barzaan\email_creator_app\files\missing_emails
2025-12-26 00:41:33,766 | INFO | 📊 Current database size: 568239 companies
2025-12-26 00:41:33,766 | INFO | 📄 Found file: E:\\EmailTool-V2\Barzaan\email_creator_app\files\missing_emails\US-ND-23Sep- For Creation_missing.csv
2025-12-26 00:41:34,886 | INFO | ✅ Added patterns | File: US-ND-23Sep- For Creation_missing.csv | Folder: E:\\EmailTool-V2\Barzaan\email_creator_app\files\missing_emails
2025-12-26 00:41:34,886 | INFO | 📊 Current database size: 568239 companies
2025-12-26 00:41:34,886 | INFO | 📄 Found file: E:\\EmailTool-V2\Barzaan\email_creator_app\files\missing_emails\US-ND-8Aug-For Creation_missing.csv
2025-12-26 00:41:35,455 | INFO | ✅ Added patterns | File: US-ND-8Aug-For Creation_missing.csv | Folder: E:\\EmailTool-V2\Barzaan\email_creator_app\files\missing_emails
2025-12-26 00:41:35,455 | INFO | 📊 Current database size: 568239 companies
2025-12-26 00:41:35,455 | INFO | 📄 Found file: E:\\EmailTool-V2\Barzaan\email_creator_app\files\missing_emails\US-ND-8Aug-For Creation_missing_missing.csv
2025-12-26 00:41:35,945 | INFO | ✅ Added patterns | File: US-ND-8Aug-For Creation_missing_missing.csv | Folder: E:\\EmailTool-V2\Barzaan\email_creator_app\files\missing_emails
2025-12-26 00:41:35,947 | INFO | 📊 Current database size: 568239 companies
2025-12-26 00:41:35,948 | INFO | 📄 Found file: E:\\EmailTool-V2\Barzaan\email_creator_app\files\missing_emails\US-ND-8Aug-For Creation_missing_new_tool_missing.csv
2025-12-26 00:41:36,559 | INFO | ✅ Added patterns | File: US-ND-8Aug-For Creation_missing_new_tool_missing.csv | Folder: E:\\EmailTool-V2\Barzaan\email_creator_app\files\missing_emails
2025-12-26 00:41:36,572 | INFO | 📊 Current database size: 568239 companies
2025-12-26 00:41:36,572 | INFO | 📄 Found file: E:\\EmailTool-V2\Barzaan\email_creator_app\files\missing_emails\USA-ND-06Oct- For Creation_missing.csv
2025-12-26 00:41:37,395 | INFO | ✅ Added patterns | File: USA-ND-06Oct- For Creation_missing.csv | Folder: E:\\EmailTool-V2\Barzaan\email_creator_app\files\missing_emails
2025-12-26 00:41:37,395 | INFO | 📊 Current database size: 568239 companies
2025-12-26 00:41:37,395 | INFO | 📄 Found file: E:\\EmailTool-V2\Barzaan\email_creator_app\files\missing_emails\USA-ND-28Aug-For Creation_missing.csv
2025-12-26 00:41:38,014 | INFO | ✅ Added patterns | File: USA-ND-28Aug-For Creation_missing.csv | Folder: E:\\EmailTool-V2\Barzaan\email_creator_app\files\missing_emails
2025-12-26 00:41:38,014 | INFO | 📊 Current database size: 568239 companies
2025-12-26 00:41:38,014 | INFO | 📄 Found file: E:\\EmailTool-V2\Barzaan\email_creator_app\files\missing_emails\USA-ND-28Aug-For Creation_missing_new_tool_missing.csv
2025-12-26 00:41:38,710 | INFO | ✅ Added patterns | File: USA-ND-28Aug-For Creation_missing_new_tool_missing.csv | Folder: E:\\EmailTool-V2\Barzaan\email_creator_app\files\missing_emails
2025-12-26 00:41:38,711 | INFO | 📊 Current database size: 568239 companies
2025-12-26 00:41:38,711 | INFO | 📄 Found file: E:\\EmailTool-V2\Barzaan\email_creator_app\files\missing_emails\USA-ND-29Jul-For Creation_missing.csv
2025-12-26 00:41:39,369 | INFO | ✅ Added patterns | File: USA-ND-29Jul-For Creation_missing.csv | Folder: E:\\EmailTool-V2\Barzaan\email_creator_app\files\missing_emails
2025-12-26 00:41:39,369 | INFO | 📊 Current database size: 568239 companies
2025-12-26 00:41:39,369 | INFO | 📄 Found file: E:\\EmailTool-V2\Barzaan\email_creator_app\files\missing_emails\USA-ND-9Sep- For creation_missing.csv
2025-12-26 00:41:39,971 | INFO | ✅ Added patterns | File: USA-ND-9Sep- For creation_missing.csv | Folder: E:\\EmailTool-V2\Barzaan\email_creator_app\files\missing_emails
2025-12-26 00:41:39,971 | INFO | 📊 Current database size: 568239 companies
2025-12-26 00:41:39,971 | INFO | 📄 Found file: E:\\EmailTool-V2\Barzaan\email_creator_app\files\missing_emails\USA-ND-PMP-11Aug-For Creation_missing.csv
2025-12-26 00:41:40,506 | INFO | ✅ Added patterns | File: USA-ND-PMP-11Aug-For Creation_missing.csv | Folder: E:\\EmailTool-V2\Barzaan\email_creator_app\files\missing_emails
2025-12-26 00:41:40,506 | INFO | 📊 Current database size: 568239 companies
2025-12-26 00:41:40,521 | INFO | 📄 Found file: E:\\EmailTool-V2\Barzaan\email_creator_app\files\missing_emails\USA-ND-PMP-11Aug-For Creation_missing_missing.csv
2025-12-26 00:41:41,014 | INFO | ✅ Added patterns | File: USA-ND-PMP-11Aug-For Creation_missing_missing.csv | Folder: E:\\EmailTool-V2\Barzaan\email_creator_app\files\missing_emails
2025-12-26 00:41:41,014 | INFO | 📊 Current database size: 568239 companies
2025-12-26 00:41:41,014 | INFO | 📄 Found file: E:\\EmailTool-V2\Barzaan\email_creator_app\files\missing_emails\USA-ND-PMP-11Aug-For Creation_missing_new_tool_missing.csv
2025-12-26 00:41:41,534 | INFO | ✅ Added patterns | File: USA-ND-PMP-11Aug-For Creation_missing_new_tool_missing.csv | Folder: E:\\EmailTool-V2\Barzaan\email_creator_app\files\missing_emails
2025-12-26 00:41:41,534 | INFO | 📊 Current database size: 568239 companies
2025-12-26 00:41:41,534 | INFO | 📄 Found file: E:\\EmailTool-V2\Barzaan\email_creator_app\files\verified_emails\Colorado Springs, CO Seggrigation __output_Verified.csv
2025-12-26 00:41:43,617 | INFO | ✅ Added patterns | File: Colorado Springs, CO Seggrigation __output_Verified.csv | Folder: E:\\EmailTool-V2\Barzaan\email_creator_app\files\verified_emails
2025-12-26 00:41:43,617 | INFO | 📊 Current database size: 568239 companies
2025-12-26 00:41:43,658 | INFO | 📄 Found file: E:\\EmailTool-V2\Barzaan\email_creator_app\old_database_files\db_19-Sep-2023 20_10_23.csv
2025-12-26 00:41:45,892 | INFO | ✅ Added patterns | File: db_19-Sep-2023 20_10_23.csv | Folder: E:\\EmailTool-V2\Barzaan\email_creator_app\old_database_files
2025-12-26 00:41:45,892 | INFO | 📊 Current database size: 568239 companies
2025-12-26 00:41:45,892 | INFO | 📄 Found file: E:\\EmailTool-V2\Barzaan\email_creator_app\old_database_files\db_19-Sep-2023 20_11_58.csv
2025-12-26 00:41:48,250 | INFO | ✅ Added patterns | File: db_19-Sep-2023 20_11_58.csv | Folder: E:\\EmailTool-V2\Barzaan\email_creator_app\old_database_files
2025-12-26 00:41:48,250 | INFO | 📊 Current database size: 568239 companies
2025-12-26 00:41:48,250 | INFO | 📄 Found file: E:\\EmailTool-V2\Barzaan\email_creator_app\old_database_files\db_19-Sep-2023 20_13_39.csv
2025-12-26 00:41:50,709 | INFO | ✅ Added patterns | File: db_19-Sep-2023 20_13_39.csv | Folder: E:\\EmailTool-V2\Barzaan\email_creator_app\old_database_files
2025-12-26 00:41:50,709 | INFO | 📊 Current database size: 568239 companies
2025-12-26 00:41:50,709 | INFO | 📄 Found file: E:\\EmailTool-V2\Barzaan\email_creator_app\old_database_files\db_19-Sep-2023 20_15_34.csv
2025-12-26 00:41:53,184 | INFO | ✅ Added patterns | File: db_19-Sep-2023 20_15_34.csv | Folder: E:\\EmailTool-V2\Barzaan\email_creator_app\old_database_files
2025-12-26 00:41:53,184 | INFO | 📊 Current database size: 568239 companies
2025-12-26 00:41:53,184 | INFO | 📄 Found file: E:\\EmailTool-V2\Barzaan\email_creator_app\old_database_files\db_19-Sep-2023 20_17_12.csv
2025-12-26 00:41:55,693 | INFO | ✅ Added patterns | File: db_19-Sep-2023 20_17_12.csv | Folder: E:\\EmailTool-V2\Barzaan\email_creator_app\old_database_files
2025-12-26 00:41:55,693 | INFO | 📊 Current database size: 568239 companies
2025-12-26 00:41:55,693 | INFO | 📄 Found file: E:\\EmailTool-V2\Barzaan\email_creator_app\old_database_files\db_19-Sep-2023 20_18_54.csv
2025-12-26 00:41:58,268 | INFO | ✅ Added patterns | File: db_19-Sep-2023 20_18_54.csv | Folder: E:\\EmailTool-V2\Barzaan\email_creator_app\old_database_files
2025-12-26 00:41:58,268 | INFO | 📊 Current database size: 568239 companies
2025-12-26 00:41:58,268 | INFO | 📄 Found file: E:\\EmailTool-V2\Barzaan\email_creator_app\old_database_files\db_19-Sep-2023 20_20_51.csv
2025-12-26 00:42:00,660 | INFO | ✅ Added patterns | File: db_19-Sep-2023 20_20_51.csv | Folder: E:\\EmailTool-V2\Barzaan\email_creator_app\old_database_files
2025-12-26 00:42:00,671 | INFO | 📊 Current database size: 568239 companies
2025-12-26 00:42:00,671 | INFO | 📄 Found file: E:\\EmailTool-V2\Barzaan\email_creator_app\old_database_files\db_19-Sep-2023 20_24_14.csv
2025-12-26 00:42:03,136 | INFO | ✅ Added patterns | File: db_19-Sep-2023 20_24_14.csv | Folder: E:\\EmailTool-V2\Barzaan\email_creator_app\old_database_files
2025-12-26 00:42:03,136 | INFO | 📊 Current database size: 568239 companies
2025-12-26 00:42:03,136 | INFO | 📄 Found file: E:\\EmailTool-V2\Barzaan\email_creator_app\old_database_files\db_19-Sep-2023 20_26_02.csv
2025-12-26 00:42:05,630 | INFO | ✅ Added patterns | File: db_19-Sep-2023 20_26_02.csv | Folder: E:\\EmailTool-V2\Barzaan\email_creator_app\old_database_files
2025-12-26 00:42:05,630 | INFO | 📊 Current database size: 568239 companies
2025-12-26 00:42:05,630 | INFO | 📄 Found file: E:\\EmailTool-V2\Barzaan\email_creator_app\old_database_files\db_19-Sep-2023 20_28_32.csv
2025-12-26 00:42:07,437 | INFO | ✅ Added patterns | File: db_19-Sep-2023 20_28_32.csv | Folder: E:\\EmailTool-V2\Barzaan\email_creator_app\old_database_files
2025-12-26 00:42:07,437 | INFO | 📊 Current database size: 568239 companies
2025-12-26 00:42:07,437 | INFO | 📄 Found file: E:\\EmailTool-V2\Barzaan\email_creator_app\old_database_files\db_19-Sep-2023 20_29_53.csv
2025-12-26 00:42:09,159 | INFO | ✅ Added patterns | File: db_19-Sep-2023 20_29_53.csv | Folder: E:\\EmailTool-V2\Barzaan\email_creator_app\old_database_files
2025-12-26 00:42:09,159 | INFO | 📊 Current database size: 568239 companies
2025-12-26 00:42:09,159 | INFO | 📄 Found file: E:\\EmailTool-V2\Barzaan\email_creator_app\old_database_files\db_19-Sep-2023 20_31_21.csv
2025-12-26 00:42:10,846 | INFO | ✅ Added patterns | File: db_19-Sep-2023 20_31_21.csv | Folder: E:\\EmailTool-V2\Barzaan\email_creator_app\old_database_files
2025-12-26 00:42:10,846 | INFO | 📊 Current database size: 568239 companies
2025-12-26 00:42:10,846 | INFO | 📄 Found file: E:\\EmailTool-V2\Barzaan\email_creator_app\old_database_files\db_19-Sep-2023 20_34_02.csv
2025-12-26 00:42:13,353 | INFO | ✅ Added patterns | File: db_19-Sep-2023 20_34_02.csv | Folder: E:\\EmailTool-V2\Barzaan\email_creator_app\old_database_files
2025-12-26 00:42:13,355 | INFO | 📊 Current database size: 568239 companies
2025-12-26 00:42:13,355 | INFO | 📄 Found file: E:\\EmailTool-V2\Barzaan\email_creator_app\old_database_files\db_19-Sep-2023 20_40_50.csv
2025-12-26 00:42:16,134 | INFO | ✅ Added patterns | File: db_19-Sep-2023 20_40_50.csv | Folder: E:\\EmailTool-V2\Barzaan\email_creator_app\old_database_files
2025-12-26 00:42:16,134 | INFO | 📊 Current database size: 568239 companies
2025-12-26 00:42:16,134 | INFO | 📄 Found file: E:\\EmailTool-V2\Barzaan\email_creator_app\old_database_files\db_19-Sep-2023 20_42_33.csv
2025-12-26 00:42:18,757 | INFO | ✅ Added patterns | File: db_19-Sep-2023 20_42_33.csv | Folder: E:\\EmailTool-V2\Barzaan\email_creator_app\old_database_files
2025-12-26 00:42:18,757 | INFO | 📊 Current database size: 568239 companies
2025-12-26 00:42:18,759 | INFO | 📄 Found file: E:\\EmailTool-V2\Barzaan\email_creator_app\old_database_files\db_19-Sep-2023 20_44_14.csv
2025-12-26 00:42:21,049 | INFO | ✅ Added patterns | File: db_19-Sep-2023 20_44_14.csv | Folder: E:\\EmailTool-V2\Barzaan\email_creator_app\old_database_files
2025-12-26 00:42:21,050 | INFO | 📊 Current database size: 568239 companies
2025-12-26 00:42:21,051 | INFO | 📄 Found file: E:\\EmailTool-V2\Barzaan\email_creator_app\old_database_files\db_19-Sep-2023 20_47_40.csv
2025-12-26 00:42:23,524 | INFO | ✅ Added patterns | File: db_19-Sep-2023 20_47_40.csv | Folder: E:\\EmailTool-V2\Barzaan\email_creator_app\old_database_files
2025-12-26 00:42:23,524 | INFO | 📊 Current database size: 568239 companies
2025-12-26 00:42:23,524 | INFO | 📄 Found file: E:\\EmailTool-V2\Barzaan\email_creator_app\old_database_files\db_19-Sep-2023 20_49_26.csv
2025-12-26 00:42:26,133 | INFO | ✅ Added patterns | File: db_19-Sep-2023 20_49_26.csv | Folder: E:\\EmailTool-V2\Barzaan\email_creator_app\old_database_files
2025-12-26 00:42:26,133 | INFO | 📊 Current database size: 568239 companies
2025-12-26 00:42:26,133 | INFO | 📄 Found file: E:\\EmailTool-V2\Barzaan\email_creator_app\old_database_files\db_19-Sep-2023 20_51_18.csv
2025-12-26 00:42:28,792 | INFO | ✅ Added patterns | File: db_19-Sep-2023 20_51_18.csv | Folder: E:\\EmailTool-V2\Barzaan\email_creator_app\old_database_files
2025-12-26 00:42:28,792 | INFO | 📊 Current database size: 568239 companies
2025-12-26 00:42:28,792 | INFO | 📄 Found file: E:\\EmailTool-V2\Barzaan\email_creator_app\old_database_files\db_19-Sep-2023 20_53_19.csv
2025-12-26 00:42:31,285 | INFO | ✅ Added patterns | File: db_19-Sep-2023 20_53_19.csv | Folder: E:\\EmailTool-V2\Barzaan\email_creator_app\old_database_files
2025-12-26 00:42:31,286 | INFO | 📊 Current database size: 568239 companies
2025-12-26 00:42:31,287 | INFO | 📄 Found file: E:\\EmailTool-V2\Barzaan\email_creator_app\old_database_files\db_19-Sep-2023 20_55_51.csv
2025-12-26 00:42:34,075 | INFO | ✅ Added patterns | File: db_19-Sep-2023 20_55_51.csv | Folder: E:\\EmailTool-V2\Barzaan\email_creator_app\old_database_files
2025-12-26 00:42:34,078 | INFO | 📊 Current database size: 568239 companies
2025-12-26 00:42:34,079 | INFO | 📄 Found file: E:\\EmailTool-V2\Barzaan\email_creator_app\old_database_files\db_19-Sep-2023 20_59_43.csv
2025-12-26 00:42:36,754 | INFO | ✅ Added patterns | File: db_19-Sep-2023 20_59_43.csv | Folder: E:\\EmailTool-V2\Barzaan\email_creator_app\old_database_files
2025-12-26 00:42:36,754 | INFO | 📊 Current database size: 568239 companies
2025-12-26 00:42:36,754 | INFO | 📄 Found file: E:\\EmailTool-V2\Barzaan\email_creator_app\old_database_files\db_19-Sep-2023 21_01_44.csv
2025-12-26 00:42:39,363 | INFO | ✅ Added patterns | File: db_19-Sep-2023 21_01_44.csv | Folder: E:\\EmailTool-V2\Barzaan\email_creator_app\old_database_files
2025-12-26 00:42:39,363 | INFO | 📊 Current database size: 568239 companies
2025-12-26 00:42:39,363 | INFO | 📄 Found file: E:\\EmailTool-V2\Barzaan\email_creator_app\old_database_files\db_19-Sep-2023 21_04_12.csv
2025-12-26 00:42:42,058 | INFO | ✅ Added patterns | File: db_19-Sep-2023 21_04_12.csv | Folder: E:\\EmailTool-V2\Barzaan\email_creator_app\old_database_files
2025-12-26 00:42:42,058 | INFO | 📊 Current database size: 568239 companies
2025-12-26 00:42:42,058 | INFO | 📄 Found file: E:\\EmailTool-V2\Barzaan\email_creator_app\old_database_files\db_19-Sep-2023 21_06_28.csv
2025-12-26 00:42:44,621 | INFO | ✅ Added patterns | File: db_19-Sep-2023 21_06_28.csv | Folder: E:\\EmailTool-V2\Barzaan\email_creator_app\old_database_files
2025-12-26 00:42:44,621 | INFO | 📊 Current database size: 568239 companies
2025-12-26 00:42:44,621 | INFO | 📄 Found file: E:\\EmailTool-V2\Barzaan\email_creator_app\old_database_files\db_19-Sep-2023 21_08_51.csv
2025-12-26 00:42:47,291 | INFO | ✅ Added patterns | File: db_19-Sep-2023 21_08_51.csv | Folder: E:\\EmailTool-V2\Barzaan\email_creator_app\old_database_files
2025-12-26 00:42:47,291 | INFO | 📊 Current database size: 568239 companies
2025-12-26 00:42:47,291 | INFO | 📄 Found file: E:\\EmailTool-V2\Barzaan\email_creator_app\old_database_files\db_19-Sep-2023 21_11_22.csv
2025-12-26 00:42:49,635 | INFO | ✅ Added patterns | File: db_19-Sep-2023 21_11_22.csv | Folder: E:\\EmailTool-V2\Barzaan\email_creator_app\old_database_files
2025-12-26 00:42:49,635 | INFO | 📊 Current database size: 568239 companies
2025-12-26 00:42:49,635 | INFO | 📄 Found file: E:\\EmailTool-V2\Barzaan\email_creator_app\old_database_files\db_19-Sep-2023 21_13_32.csv
2025-12-26 00:42:51,318 | INFO | ✅ Added patterns | File: db_19-Sep-2023 21_13_32.csv | Folder: E:\\EmailTool-V2\Barzaan\email_creator_app\old_database_files
2025-12-26 00:42:51,320 | INFO | 📊 Current database size: 568239 companies
2025-12-26 00:42:51,320 | INFO | 📄 Found file: E:\\EmailTool-V2\Barzaan\email_creator_app\old_database_files\db_19-Sep-2023 21_15_13.csv
2025-12-26 00:42:53,161 | INFO | ✅ Added patterns | File: db_19-Sep-2023 21_15_13.csv | Folder: E:\\EmailTool-V2\Barzaan\email_creator_app\old_database_files
2025-12-26 00:42:53,161 | INFO | 📊 Current database size: 568239 companies
2025-12-26 00:42:53,161 | INFO | 📄 Found file: E:\\EmailTool-V2\Barzaan\email_creator_app\old_database_files\db_19-Sep-2023 21_16_58.csv
2025-12-26 00:42:55,705 | INFO | ✅ Added patterns | File: db_19-Sep-2023 21_16_58.csv | Folder: E:\\EmailTool-V2\Barzaan\email_creator_app\old_database_files
2025-12-26 00:42:55,705 | INFO | 📊 Current database size: 568239 companies
2025-12-26 00:42:55,708 | INFO | 📄 Found file: E:\\EmailTool-V2\Barzaan\email_creator_app\old_database_files\db_19-Sep-2023 21_18_59.csv
2025-12-26 00:42:58,529 | INFO | ✅ Added patterns | File: db_19-Sep-2023 21_18_59.csv | Folder: E:\\EmailTool-V2\Barzaan\email_creator_app\old_database_files
2025-12-26 00:42:58,529 | INFO | 📊 Current database size: 568239 companies
2025-12-26 00:42:58,529 | INFO | 📄 Found file: E:\\EmailTool-V2\Barzaan\email_creator_app\old_database_files\db_19-Sep-2023 21_21_24.csv
2025-12-26 00:43:01,466 | INFO | ✅ Added patterns | File: db_19-Sep-2023 21_21_24.csv | Folder: E:\\EmailTool-V2\Barzaan\email_creator_app\old_database_files
2025-12-26 00:43:01,467 | INFO | 📊 Current database size: 568239 companies
2025-12-26 00:43:01,467 | INFO | 📄 Found file: E:\\EmailTool-V2\Barzaan\email_creator_app\old_database_files\db_19-Sep-2023 21_24_49.csv
2025-12-26 00:43:04,315 | INFO | ✅ Added patterns | File: db_19-Sep-2023 21_24_49.csv | Folder: E:\\EmailTool-V2\Barzaan\email_creator_app\old_database_files
2025-12-26 00:43:04,315 | INFO | 📊 Current database size: 568239 companies
2025-12-26 00:43:04,315 | INFO | 📄 Found file: E:\\EmailTool-V2\Barzaan\email_creator_app\old_database_files\db_19-Sep-2023 21_26_59.csv
2025-12-26 00:43:07,097 | INFO | ✅ Added patterns | File: db_19-Sep-2023 21_26_59.csv | Folder: E:\\EmailTool-V2\Barzaan\email_creator_app\old_database_files
2025-12-26 00:43:07,097 | INFO | 📊 Current database size: 568239 companies
2025-12-26 00:43:07,097 | INFO | 📄 Found file: E:\\EmailTool-V2\Barzaan\email_creator_app\old_database_files\db_19-Sep-2023 21_29_10.csv
2025-12-26 00:43:08,398 | INFO | ✅ Added patterns | File: db_19-Sep-2023 21_29_10.csv | Folder: E:\\EmailTool-V2\Barzaan\email_creator_app\old_database_files
2025-12-26 00:43:08,399 | INFO | 📊 Current database size: 568239 companies
2025-12-26 00:43:08,400 | INFO | 📄 Found file: E:\\EmailTool-V2\Barzaan\email_creator_app\old_database_files\db_Albuquerque&Tulsa Seggrigation.csv
2025-12-26 00:43:08,748 | INFO | ✅ Added patterns | File: db_Albuquerque&Tulsa Seggrigation.csv | Folder: E:\\EmailTool-V2\Barzaan\email_creator_app\old_database_files
2025-12-26 00:43:08,748 | INFO | 📊 Current database size: 568239 companies
2025-12-26 00:43:08,748 | INFO | 📄 Found file: E:\\EmailTool-V2\Barzaan\email_creator_app\old_database_files\db_Albuquerque, NM-81000.csv
2025-12-26 00:43:09,304 | INFO | ✅ Added patterns | File: db_Albuquerque, NM-81000.csv | Folder: E:\\EmailTool-V2\Barzaan\email_creator_app\old_database_files
2025-12-26 00:43:09,304 | INFO | 📊 Current database size: 568239 companies
2025-12-26 00:43:09,304 | INFO | 📄 Found file: E:\\EmailTool-V2\Barzaan\email_creator_app\old_database_files\db_Atlanta, GA-B2B-44874.csv
2025-12-26 00:43:09,752 | INFO | ✅ Added patterns | File: db_Atlanta, GA-B2B-44874.csv | Folder: E:\\EmailTool-V2\Barzaan\email_creator_app\old_database_files
2025-12-26 00:43:09,752 | INFO | 📊 Current database size: 568239 companies
2025-12-26 00:43:09,752 | INFO | 📄 Found file: E:\\EmailTool-V2\Barzaan\email_creator_app\old_database_files\db_Atlanta, GA-LSSGB-137575.csv
2025-12-26 00:43:10,508 | INFO | ✅ Added patterns | File: db_Atlanta, GA-LSSGB-137575.csv | Folder: E:\\EmailTool-V2\Barzaan\email_creator_app\old_database_files
2025-12-26 00:43:10,508 | INFO | 📊 Current database size: 568239 companies
2025-12-26 00:43:10,508 | INFO | 📄 Found file: E:\\EmailTool-V2\Barzaan\email_creator_app\old_database_files\db_Atlanta, GA-PMP-176938.csv
2025-12-26 00:43:11,290 | INFO | ✅ Added patterns | File: db_Atlanta, GA-PMP-176938.csv | Folder: E:\\EmailTool-V2\Barzaan\email_creator_app\old_database_files
2025-12-26 00:43:11,290 | INFO | 📊 Current database size: 568239 companies
2025-12-26 00:43:11,290 | INFO | 📄 Found file: E:\\EmailTool-V2\Barzaan\email_creator_app\old_database_files\db_Austin, Tx seggrigation_1.csv
2025-12-26 00:43:11,761 | INFO | ✅ Added patterns | File: db_Austin, Tx seggrigation_1.csv | Folder: E:\\EmailTool-V2\Barzaan\email_creator_app\old_database_files
2025-12-26 00:43:11,761 | INFO | 📊 Current database size: 568239 companies
2025-12-26 00:43:11,761 | INFO | 📄 Found file: E:\\EmailTool-V2\Barzaan\email_creator_app\old_database_files\db_Austin, TX-250000.csv
2025-12-26 00:43:12,739 | INFO | ✅ Added patterns | File: db_Austin, TX-250000.csv | Folder: E:\\EmailTool-V2\Barzaan\email_creator_app\old_database_files
2025-12-26 00:43:12,739 | INFO | 📊 Current database size: 568239 companies
2025-12-26 00:43:12,739 | INFO | 📄 Found file: E:\\EmailTool-V2\Barzaan\email_creator_app\old_database_files\db_Baltimore, MD-B2B-23152.csv
2025-12-26 00:43:13,165 | INFO | ✅ Added patterns | File: db_Baltimore, MD-B2B-23152.csv | Folder: E:\\EmailTool-V2\Barzaan\email_creator_app\old_database_files
2025-12-26 00:43:13,180 | INFO | 📊 Current database size: 568239 companies
2025-12-26 00:43:13,181 | INFO | 📄 Found file: E:\\EmailTool-V2\Barzaan\email_creator_app\old_database_files\db_Baltimore, MD-PMP-109446.csv
2025-12-26 00:43:13,800 | INFO | ✅ Added patterns | File: db_Baltimore, MD-PMP-109446.csv | Folder: E:\\EmailTool-V2\Barzaan\email_creator_app\old_database_files
2025-12-26 00:43:13,802 | INFO | 📊 Current database size: 568239 companies
2025-12-26 00:43:13,802 | INFO | 📄 Found file: E:\\EmailTool-V2\Barzaan\email_creator_app\old_database_files\db_Birmingham, AL-PMP-98164.csv
2025-12-26 00:43:14,369 | INFO | ✅ Added patterns | File: db_Birmingham, AL-PMP-98164.csv | Folder: E:\\EmailTool-V2\Barzaan\email_creator_app\old_database_files
2025-12-26 00:43:14,369 | INFO | 📊 Current database size: 568239 companies
2025-12-26 00:43:14,369 | INFO | 📄 Found file: E:\\EmailTool-V2\Barzaan\email_creator_app\old_database_files\db_Boise, ID Seggrigation 2018.csv
2025-12-26 00:43:14,754 | INFO | ✅ Added patterns | File: db_Boise, ID Seggrigation 2018.csv | Folder: E:\\EmailTool-V2\Barzaan\email_creator_app\old_database_files
2025-12-26 00:43:14,754 | INFO | 📊 Current database size: 568239 companies
2025-12-26 00:43:14,754 | INFO | 📄 Found file: E:\\EmailTool-V2\Barzaan\email_creator_app\old_database_files\db_Boise, ID-56000.csv
2025-12-26 00:43:15,255 | INFO | ✅ Added patterns | File: db_Boise, ID-56000.csv | Folder: E:\\EmailTool-V2\Barzaan\email_creator_app\old_database_files
2025-12-26 00:43:15,255 | INFO | 📊 Current database size: 568239 companies
2025-12-26 00:43:15,255 | INFO | 📄 Found file: E:\\EmailTool-V2\Barzaan\email_creator_app\old_database_files\db_Boston, MA-110132.csv
2025-12-26 00:43:15,874 | INFO | ✅ Added patterns | File: db_Boston, MA-110132.csv | Folder: E:\\EmailTool-V2\Barzaan\email_creator_app\old_database_files
2025-12-26 00:43:15,881 | INFO | 📊 Current database size: 568239 companies
2025-12-26 00:43:15,881 | INFO | 📄 Found file: E:\\EmailTool-V2\Barzaan\email_creator_app\old_database_files\db_Boston, MA-B2B-21443.csv
2025-12-26 00:43:16,245 | INFO | ✅ Added patterns | File: db_Boston, MA-B2B-21443.csv | Folder: E:\\EmailTool-V2\Barzaan\email_creator_app\old_database_files
2025-12-26 00:43:16,245 | INFO | 📊 Current database size: 568239 companies
2025-12-26 00:43:16,245 | INFO | 📄 Found file: E:\\EmailTool-V2\Barzaan\email_creator_app\old_database_files\db_Boston, MA-PMP-78586.csv
2025-12-26 00:43:16,776 | INFO | ✅ Added patterns | File: db_Boston, MA-PMP-78586.csv | Folder: E:\\EmailTool-V2\Barzaan\email_creator_app\old_database_files
2025-12-26 00:43:16,777 | INFO | 📊 Current database size: 568239 companies
2025-12-26 00:43:16,777 | INFO | 📄 Found file: E:\\EmailTool-V2\Barzaan\email_creator_app\old_database_files\db_Buffalo, NY-PMP-15804.csv
2025-12-26 00:43:17,165 | INFO | ✅ Added patterns | File: db_Buffalo, NY-PMP-15804.csv | Folder: E:\\EmailTool-V2\Barzaan\email_creator_app\old_database_files
2025-12-26 00:43:17,165 | INFO | 📊 Current database size: 568239 companies
2025-12-26 00:43:17,165 | INFO | 📄 Found file: E:\\EmailTool-V2\Barzaan\email_creator_app\old_database_files\db_Calgary file 2.csv
2025-12-26 00:43:17,881 | INFO | ✅ Added patterns | File: db_Calgary file 2.csv | Folder: E:\\EmailTool-V2\Barzaan\email_creator_app\old_database_files
2025-12-26 00:43:17,881 | INFO | 📊 Current database size: 568239 companies
2025-12-26 00:43:17,881 | INFO | 📄 Found file: E:\\EmailTool-V2\Barzaan\email_creator_app\old_database_files\db_Calgary file.csv
2025-12-26 00:43:18,587 | INFO | ✅ Added patterns | File: db_Calgary file.csv | Folder: E:\\EmailTool-V2\Barzaan\email_creator_app\old_database_files
2025-12-26 00:43:18,587 | INFO | 📊 Current database size: 568239 companies
2025-12-26 00:43:18,587 | INFO | 📄 Found file: E:\\EmailTool-V2\Barzaan\email_creator_app\old_database_files\db_Calgary, AB-174000 (1).csv
2025-12-26 00:43:19,302 | INFO | ✅ Added patterns | File: db_Calgary, AB-174000 (1).csv | Folder: E:\\EmailTool-V2\Barzaan\email_creator_app\old_database_files
2025-12-26 00:43:19,303 | INFO | 📊 Current database size: 568239 companies
2025-12-26 00:43:19,303 | INFO | 📄 Found file: E:\\EmailTool-V2\Barzaan\email_creator_app\old_database_files\db_Calgary, AB-174000.csv
2025-12-26 00:43:20,038 | INFO | ✅ Added patterns | File: db_Calgary, AB-174000.csv | Folder: E:\\EmailTool-V2\Barzaan\email_creator_app\old_database_files
2025-12-26 00:43:20,039 | INFO | 📊 Current database size: 568239 companies
2025-12-26 00:43:20,039 | INFO | 📄 Found file: E:\\EmailTool-V2\Barzaan\email_creator_app\old_database_files\db_Charlotte, NC-110000.csv
2025-12-26 00:43:20,725 | INFO | ✅ Added patterns | File: db_Charlotte, NC-110000.csv | Folder: E:\\EmailTool-V2\Barzaan\email_creator_app\old_database_files
2025-12-26 00:43:20,725 | INFO | 📊 Current database size: 568239 companies
2025-12-26 00:43:20,725 | INFO | 📄 Found file: E:\\EmailTool-V2\Barzaan\email_creator_app\old_database_files\db_Charlotte, NC-B2B-16773.csv
2025-12-26 00:43:21,076 | INFO | ✅ Added patterns | File: db_Charlotte, NC-B2B-16773.csv | Folder: E:\\EmailTool-V2\Barzaan\email_creator_app\old_database_files
2025-12-26 00:43:21,076 | INFO | 📊 Current database size: 568239 companies
2025-12-26 00:43:21,076 | INFO | 📄 Found file: E:\\EmailTool-V2\Barzaan\email_creator_app\old_database_files\db_Charlotte, NC-LSSGB-58056.csv
2025-12-26 00:43:21,606 | INFO | ✅ Added patterns | File: db_Charlotte, NC-LSSGB-58056.csv | Folder: E:\\EmailTool-V2\Barzaan\email_creator_app\old_database_files
2025-12-26 00:43:21,606 | INFO | 📊 Current database size: 568239 companies
2025-12-26 00:43:21,606 | INFO | 📄 Found file: E:\\EmailTool-V2\Barzaan\email_creator_app\old_database_files\db_Charlotte, NC-PMP-70752 uploaded to tool.csv
2025-12-26 00:43:22,113 | INFO | ✅ Added patterns | File: db_Charlotte, NC-PMP-70752 uploaded to tool.csv | Folder: E:\\EmailTool-V2\Barzaan\email_creator_app\old_database_files
2025-12-26 00:43:22,113 | INFO | 📊 Current database size: 568239 companies
2025-12-26 00:43:22,113 | INFO | 📄 Found file: E:\\EmailTool-V2\Barzaan\email_creator_app\old_database_files\db_Chicago, IL-77000.csv
2025-12-26 00:43:22,697 | INFO | ✅ Added patterns | File: db_Chicago, IL-77000.csv | Folder: E:\\EmailTool-V2\Barzaan\email_creator_app\old_database_files
2025-12-26 00:43:22,698 | INFO | 📊 Current database size: 568239 companies
2025-12-26 00:43:22,698 | INFO | 📄 Found file: E:\\EmailTool-V2\Barzaan\email_creator_app\old_database_files\db_Chicago, IL-B2B-50394.csv
2025-12-26 00:43:23,150 | INFO | ✅ Added patterns | File: db_Chicago, IL-B2B-50394.csv | Folder: E:\\EmailTool-V2\Barzaan\email_creator_app\old_database_files
2025-12-26 00:43:23,150 | INFO | 📊 Current database size: 568239 companies
2025-12-26 00:43:23,150 | INFO | 📄 Found file: E:\\EmailTool-V2\Barzaan\email_creator_app\old_database_files\db_Chicago, IL-LSSGB-140529.csv
2025-12-26 00:43:23,919 | INFO | ✅ Added patterns | File: db_Chicago, IL-LSSGB-140529.csv | Folder: E:\\EmailTool-V2\Barzaan\email_creator_app\old_database_files
2025-12-26 00:43:23,919 | INFO | 📊 Current database size: 568239 companies
2025-12-26 00:43:23,919 | INFO | 📄 Found file: E:\\EmailTool-V2\Barzaan\email_creator_app\old_database_files\db_Chicago, IL-PMP-200132.csv
2025-12-26 00:43:24,741 | INFO | ✅ Added patterns | File: db_Chicago, IL-PMP-200132.csv | Folder: E:\\EmailTool-V2\Barzaan\email_creator_app\old_database_files
2025-12-26 00:43:24,742 | INFO | 📊 Current database size: 568239 companies
2025-12-26 00:43:24,742 | INFO | 📄 Found file: E:\\EmailTool-V2\Barzaan\email_creator_app\old_database_files\db_Cleveland, OH-224000-Y.csv
2025-12-26 00:43:25,745 | INFO | ✅ Added patterns | File: db_Cleveland, OH-224000-Y.csv | Folder: E:\\EmailTool-V2\Barzaan\email_creator_app\old_database_files
2025-12-26 00:43:25,745 | INFO | 📊 Current database size: 568239 companies
2025-12-26 00:43:25,745 | INFO | 📄 Found file: E:\\EmailTool-V2\Barzaan\email_creator_app\old_database_files\db_Colorado Springs, CO Seggrigation _ - Copy.csv
2025-12-26 00:43:26,110 | INFO | ✅ Added patterns | File: db_Colorado Springs, CO Seggrigation _ - Copy.csv | Folder: E:\\EmailTool-V2\Barzaan\email_creator_app\old_database_files
2025-12-26 00:43:26,110 | INFO | 📊 Current database size: 568239 companies
2025-12-26 00:43:26,110 | INFO | 📄 Found file: E:\\EmailTool-V2\Barzaan\email_creator_app\old_database_files\db_Colorado Springs, CO Seggrigation _.csv
2025-12-26 00:43:26,495 | INFO | ✅ Added patterns | File: db_Colorado Springs, CO Seggrigation _.csv | Folder: E:\\EmailTool-V2\Barzaan\email_creator_app\old_database_files
2025-12-26 00:43:26,495 | INFO | 📊 Current database size: 568239 companies
2025-12-26 00:43:26,495 | INFO | 📄 Found file: E:\\EmailTool-V2\Barzaan\email_creator_app\old_database_files\db_Dallas, TX Seggrigation_1.csv
2025-12-26 00:43:27,159 | INFO | ✅ Added patterns | File: db_Dallas, TX Seggrigation_1.csv | Folder: E:\\EmailTool-V2\Barzaan\email_creator_app\old_database_files
2025-12-26 00:43:27,159 | INFO | 📊 Current database size: 568239 companies
2025-12-26 00:43:27,159 | INFO | 📄 Found file: E:\\EmailTool-V2\Barzaan\email_creator_app\old_database_files\db_Dallas, TX Seggrigation_2018.csv
2025-12-26 00:43:28,100 | INFO | ✅ Added patterns | File: db_Dallas, TX Seggrigation_2018.csv | Folder: E:\\EmailTool-V2\Barzaan\email_creator_app\old_database_files
2025-12-26 00:43:28,100 | INFO | 📊 Current database size: 568239 companies
2025-12-26 00:43:28,100 | INFO | 📄 Found file: E:\\EmailTool-V2\Barzaan\email_creator_app\old_database_files\db_Dallas, TX-420000.csv
2025-12-26 00:43:29,472 | INFO | ✅ Added patterns | File: db_Dallas, TX-420000.csv | Folder: E:\\EmailTool-V2\Barzaan\email_creator_app\old_database_files
2025-12-26 00:43:29,472 | INFO | 📊 Current database size: 568239 companies
2025-12-26 00:43:29,472 | INFO | 📄 Found file: E:\\EmailTool-V2\Barzaan\email_creator_app\old_database_files\db_Denver,  CO Seggrigation_1.csv
2025-12-26 00:43:29,940 | INFO | ✅ Added patterns | File: db_Denver,  CO Seggrigation_1.csv | Folder: E:\\EmailTool-V2\Barzaan\email_creator_app\old_database_files
2025-12-26 00:43:29,940 | INFO | 📊 Current database size: 568239 companies
2025-12-26 00:43:29,940 | INFO | 📄 Found file: E:\\EmailTool-V2\Barzaan\email_creator_app\old_database_files\db_Denver, CO Seggrigation _  Done.csv
2025-12-26 00:43:30,311 | INFO | ✅ Added patterns | File: db_Denver, CO Seggrigation _  Done.csv | Folder: E:\\EmailTool-V2\Barzaan\email_creator_app\old_database_files
2025-12-26 00:43:30,311 | INFO | 📊 Current database size: 568239 companies
2025-12-26 00:43:30,311 | INFO | 📄 Found file: E:\\EmailTool-V2\Barzaan\email_creator_app\old_database_files\db_Des Moines, IA-PMP-57376.csv
2025-12-26 00:43:30,760 | INFO | ✅ Added patterns | File: db_Des Moines, IA-PMP-57376.csv | Folder: E:\\EmailTool-V2\Barzaan\email_creator_app\old_database_files
2025-12-26 00:43:30,760 | INFO | 📊 Current database size: 568239 companies
2025-12-26 00:43:30,760 | INFO | 📄 Found file: E:\\EmailTool-V2\Barzaan\email_creator_app\old_database_files\db_Detroit, MI-135000.csv
2025-12-26 00:43:31,446 | INFO | ✅ Added patterns | File: db_Detroit, MI-135000.csv | Folder: E:\\EmailTool-V2\Barzaan\email_creator_app\old_database_files
2025-12-26 00:43:31,446 | INFO | 📊 Current database size: 568239 companies
2025-12-26 00:43:31,446 | INFO | 📄 Found file: E:\\EmailTool-V2\Barzaan\email_creator_app\old_database_files\db_Edmonton, AB-93000.csv
2025-12-26 00:43:32,048 | INFO | ✅ Added patterns | File: db_Edmonton, AB-93000.csv | Folder: E:\\EmailTool-V2\Barzaan\email_creator_app\old_database_files
2025-12-26 00:43:32,048 | INFO | 📊 Current database size: 568239 companies
2025-12-26 00:43:32,048 | INFO | 📄 Found file: E:\\EmailTool-V2\Barzaan\email_creator_app\old_database_files\db_Eugene, OR-37000.csv
2025-12-26 00:43:32,466 | INFO | ✅ Added patterns | File: db_Eugene, OR-37000.csv | Folder: E:\\EmailTool-V2\Barzaan\email_creator_app\old_database_files
2025-12-26 00:43:32,466 | INFO | 📊 Current database size: 568239 companies
2025-12-26 00:43:32,466 | INFO | 📄 Found file: E:\\EmailTool-V2\Barzaan\email_creator_app\old_database_files\db_For tool - dupes removed.csv
2025-12-26 00:43:33,404 | INFO | ✅ Added patterns | File: db_For tool - dupes removed.csv | Folder: E:\\EmailTool-V2\Barzaan\email_creator_app\old_database_files
2025-12-26 00:43:33,404 | INFO | 📊 Current database size: 568239 companies
2025-12-26 00:43:33,404 | INFO | 📄 Found file: E:\\EmailTool-V2\Barzaan\email_creator_app\old_database_files\db_Fresno, CA-10000.csv
2025-12-26 00:43:33,737 | INFO | ✅ Added patterns | File: db_Fresno, CA-10000.csv | Folder: E:\\EmailTool-V2\Barzaan\email_creator_app\old_database_files
2025-12-26 00:43:33,737 | INFO | 📊 Current database size: 568239 companies
2025-12-26 00:43:33,737 | INFO | 📄 Found file: E:\\EmailTool-V2\Barzaan\email_creator_app\old_database_files\db_Halifax, NS-18000.csv
2025-12-26 00:43:34,138 | INFO | ✅ Added patterns | File: db_Halifax, NS-18000.csv | Folder: E:\\EmailTool-V2\Barzaan\email_creator_app\old_database_files
2025-12-26 00:43:34,138 | INFO | 📊 Current database size: 568239 companies
2025-12-26 00:43:34,138 | INFO | 📄 Found file: E:\\EmailTool-V2\Barzaan\email_creator_app\old_database_files\db_Hartford, CT-PMP-67991.csv
2025-12-26 00:43:34,635 | INFO | ✅ Added patterns | File: db_Hartford, CT-PMP-67991.csv | Folder: E:\\EmailTool-V2\Barzaan\email_creator_app\old_database_files
2025-12-26 00:43:34,635 | INFO | 📊 Current database size: 568239 companies
2025-12-26 00:43:34,635 | INFO | 📄 Found file: E:\\EmailTool-V2\Barzaan\email_creator_app\old_database_files\db_Houston, TX Seggrigation_2018.csv
2025-12-26 00:43:35,142 | INFO | ✅ Added patterns | File: db_Houston, TX Seggrigation_2018.csv | Folder: E:\\EmailTool-V2\Barzaan\email_creator_app\old_database_files
2025-12-26 00:43:35,157 | INFO | 📊 Current database size: 568239 companies
2025-12-26 00:43:35,158 | INFO | 📄 Found file: E:\\EmailTool-V2\Barzaan\email_creator_app\old_database_files\db_Indianapolis, IN-B2B-16728.csv
2025-12-26 00:43:35,510 | INFO | ✅ Added patterns | File: db_Indianapolis, IN-B2B-16728.csv | Folder: E:\\EmailTool-V2\Barzaan\email_creator_app\old_database_files
2025-12-26 00:43:35,510 | INFO | 📊 Current database size: 568239 companies
2025-12-26 00:43:35,510 | INFO | 📄 Found file: E:\\EmailTool-V2\Barzaan\email_creator_app\old_database_files\db_Indianapolis, IN-PMP-81711.csv
2025-12-26 00:43:36,112 | INFO | ✅ Added patterns | File: db_Indianapolis, IN-PMP-81711.csv | Folder: E:\\EmailTool-V2\Barzaan\email_creator_app\old_database_files
2025-12-26 00:43:36,112 | INFO | 📊 Current database size: 568239 companies
2025-12-26 00:43:36,112 | INFO | 📄 Found file: E:\\EmailTool-V2\Barzaan\email_creator_app\old_database_files\db_Jacksonville, FL-110000.csv
2025-12-26 00:43:36,709 | INFO | ✅ Added patterns | File: db_Jacksonville, FL-110000.csv | Folder: E:\\EmailTool-V2\Barzaan\email_creator_app\old_database_files
2025-12-26 00:43:36,710 | INFO | 📊 Current database size: 568239 companies
2025-12-26 00:43:36,710 | INFO | 📄 Found file: E:\\EmailTool-V2\Barzaan\email_creator_app\old_database_files\db_Las Vegas, Va Seggrigation_1.csv
2025-12-26 00:43:37,204 | INFO | ✅ Added patterns | File: db_Las Vegas, Va Seggrigation_1.csv | Folder: E:\\EmailTool-V2\Barzaan\email_creator_app\old_database_files
2025-12-26 00:43:37,204 | INFO | 📊 Current database size: 568239 companies
2025-12-26 00:43:37,206 | INFO | 📄 Found file: E:\\EmailTool-V2\Barzaan\email_creator_app\old_database_files\db_Little Rock, AR-64000.csv
2025-12-26 00:43:37,667 | INFO | ✅ Added patterns | File: db_Little Rock, AR-64000.csv | Folder: E:\\EmailTool-V2\Barzaan\email_creator_app\old_database_files
2025-12-26 00:43:37,667 | INFO | 📊 Current database size: 568239 companies
2025-12-26 00:43:37,667 | INFO | 📄 Found file: E:\\EmailTool-V2\Barzaan\email_creator_app\old_database_files\db_Little Rock, AR-PMP-64271.csv
2025-12-26 00:43:38,185 | INFO | ✅ Added patterns | File: db_Little Rock, AR-PMP-64271.csv | Folder: E:\\EmailTool-V2\Barzaan\email_creator_app\old_database_files
2025-12-26 00:43:38,185 | INFO | 📊 Current database size: 568239 companies
2025-12-26 00:43:38,185 | INFO | 📄 Found file: E:\\EmailTool-V2\Barzaan\email_creator_app\old_database_files\db_LOS Angeles, CA  Seggrigation_1.csv
2025-12-26 00:43:39,080 | INFO | ✅ Added patterns | File: db_LOS Angeles, CA  Seggrigation_1.csv | Folder: E:\\EmailTool-V2\Barzaan\email_creator_app\old_database_files
2025-12-26 00:43:39,080 | INFO | 📊 Current database size: 568239 companies
2025-12-26 00:43:39,080 | INFO | 📄 Found file: E:\\EmailTool-V2\Barzaan\email_creator_app\old_database_files\db_Los Angeles, CA Seggrigation.csv
2025-12-26 00:43:39,607 | INFO | ✅ Added patterns | File: db_Los Angeles, CA Seggrigation.csv | Folder: E:\\EmailTool-V2\Barzaan\email_creator_app\old_database_files
2025-12-26 00:43:39,607 | INFO | 📊 Current database size: 568239 companies
2025-12-26 00:43:39,607 | INFO | 📄 Found file: E:\\EmailTool-V2\Barzaan\email_creator_app\old_database_files\db_Los Angeles, CA-440000.csv
2025-12-26 00:43:41,095 | INFO | ✅ Added patterns | File: db_Los Angeles, CA-440000.csv | Folder: E:\\EmailTool-V2\Barzaan\email_creator_app\old_database_files
2025-12-26 00:43:41,096 | INFO | 📊 Current database size: 568239 companies
2025-12-26 00:43:41,096 | INFO | 📄 Found file: E:\\EmailTool-V2\Barzaan\email_creator_app\old_database_files\db_Louisville, KY-51000-Y.csv
2025-12-26 00:43:41,593 | INFO | ✅ Added patterns | File: db_Louisville, KY-51000-Y.csv | Folder: E:\\EmailTool-V2\Barzaan\email_creator_app\old_database_files
2025-12-26 00:43:41,593 | INFO | 📊 Current database size: 568239 companies
2025-12-26 00:43:41,593 | INFO | 📄 Found file: E:\\EmailTool-V2\Barzaan\email_creator_app\old_database_files\db_Louisville, KY-51000.csv
2025-12-26 00:43:42,049 | INFO | ✅ Added patterns | File: db_Louisville, KY-51000.csv | Folder: E:\\EmailTool-V2\Barzaan\email_creator_app\old_database_files
2025-12-26 00:43:42,049 | INFO | 📊 Current database size: 568239 companies
2025-12-26 00:43:42,049 | INFO | 📄 Found file: E:\\EmailTool-V2\Barzaan\email_creator_app\old_database_files\db_Louisville, KY-PMP-58958.csv
2025-12-26 00:43:42,538 | INFO | ✅ Added patterns | File: db_Louisville, KY-PMP-58958.csv | Folder: E:\\EmailTool-V2\Barzaan\email_creator_app\old_database_files
2025-12-26 00:43:42,538 | INFO | 📊 Current database size: 568239 companies
2025-12-26 00:43:42,538 | INFO | 📄 Found file: E:\\EmailTool-V2\Barzaan\email_creator_app\old_database_files\db_Mexico City-74000.csv
2025-12-26 00:43:43,019 | INFO | ✅ Added patterns | File: db_Mexico City-74000.csv | Folder: E:\\EmailTool-V2\Barzaan\email_creator_app\old_database_files
2025-12-26 00:43:43,019 | INFO | 📊 Current database size: 568239 companies
2025-12-26 00:43:43,019 | INFO | 📄 Found file: E:\\EmailTool-V2\Barzaan\email_creator_app\old_database_files\db_Mexico City-74958.csv
2025-12-26 00:43:43,538 | INFO | ✅ Added patterns | File: db_Mexico City-74958.csv | Folder: E:\\EmailTool-V2\Barzaan\email_creator_app\old_database_files
2025-12-26 00:43:43,538 | INFO | 📊 Current database size: 568239 companies
2025-12-26 00:43:43,538 | INFO | 📄 Found file: E:\\EmailTool-V2\Barzaan\email_creator_app\old_database_files\db_Miami, FL-149000.csv
2025-12-26 00:43:44,291 | INFO | ✅ Added patterns | File: db_Miami, FL-149000.csv | Folder: E:\\EmailTool-V2\Barzaan\email_creator_app\old_database_files
2025-12-26 00:43:44,291 | INFO | 📊 Current database size: 568239 companies
2025-12-26 00:43:44,291 | INFO | 📄 Found file: E:\\EmailTool-V2\Barzaan\email_creator_app\old_database_files\db_Miami, FL-29144.csv
2025-12-26 00:43:44,675 | INFO | ✅ Added patterns | File: db_Miami, FL-29144.csv | Folder: E:\\EmailTool-V2\Barzaan\email_creator_app\old_database_files
2025-12-26 00:43:44,675 | INFO | 📊 Current database size: 568239 companies
2025-12-26 00:43:44,675 | INFO | 📄 Found file: E:\\EmailTool-V2\Barzaan\email_creator_app\old_database_files\db_Miami, FL-B2B-21096.csv
2025-12-26 00:43:45,043 | INFO | ✅ Added patterns | File: db_Miami, FL-B2B-21096.csv | Folder: E:\\EmailTool-V2\Barzaan\email_creator_app\old_database_files
2025-12-26 00:43:45,043 | INFO | 📊 Current database size: 568239 companies
2025-12-26 00:43:45,043 | INFO | 📄 Found file: E:\\EmailTool-V2\Barzaan\email_creator_app\old_database_files\db_Miami, FL-PMP-99051.csv
2025-12-26 00:43:45,635 | INFO | ✅ Added patterns | File: db_Miami, FL-PMP-99051.csv | Folder: E:\\EmailTool-V2\Barzaan\email_creator_app\old_database_files
2025-12-26 00:43:45,635 | INFO | 📊 Current database size: 568239 companies
2025-12-26 00:43:45,635 | INFO | 📄 Found file: E:\\EmailTool-V2\Barzaan\email_creator_app\old_database_files\db_Milwaukee, WI-128000.csv
2025-12-26 00:43:46,331 | INFO | ✅ Added patterns | File: db_Milwaukee, WI-128000.csv | Folder: E:\\EmailTool-V2\Barzaan\email_creator_app\old_database_files
2025-12-26 00:43:46,331 | INFO | 📊 Current database size: 568239 companies
2025-12-26 00:43:46,331 | INFO | 📄 Found file: E:\\EmailTool-V2\Barzaan\email_creator_app\old_database_files\db_Milwaukee, WI-129000.csv
2025-12-26 00:43:47,017 | INFO | ✅ Added patterns | File: db_Milwaukee, WI-129000.csv | Folder: E:\\EmailTool-V2\Barzaan\email_creator_app\old_database_files
2025-12-26 00:43:47,017 | INFO | 📊 Current database size: 568239 companies
2025-12-26 00:43:47,017 | INFO | 📄 Found file: E:\\EmailTool-V2\Barzaan\email_creator_app\old_database_files\db_Minneapolis, MN-B2B-24188.csv
2025-12-26 00:43:47,384 | INFO | ✅ Added patterns | File: db_Minneapolis, MN-B2B-24188.csv | Folder: E:\\EmailTool-V2\Barzaan\email_creator_app\old_database_files
2025-12-26 00:43:47,385 | INFO | 📊 Current database size: 568239 companies
2025-12-26 00:43:47,385 | INFO | 📄 Found file: E:\\EmailTool-V2\Barzaan\email_creator_app\old_database_files\db_Minneapolis, MN-PMP-117782.csv
2025-12-26 00:43:47,970 | INFO | ✅ Added patterns | File: db_Minneapolis, MN-PMP-117782.csv | Folder: E:\\EmailTool-V2\Barzaan\email_creator_app\old_database_files
2025-12-26 00:43:47,970 | INFO | 📊 Current database size: 568239 companies
2025-12-26 00:43:47,970 | INFO | 📄 Found file: E:\\EmailTool-V2\Barzaan\email_creator_app\old_database_files\db_Montreal, QC-180000 (1).csv
2025-12-26 00:43:48,723 | INFO | ✅ Added patterns | File: db_Montreal, QC-180000 (1).csv | Folder: E:\\EmailTool-V2\Barzaan\email_creator_app\old_database_files
2025-12-26 00:43:48,723 | INFO | 📊 Current database size: 568239 companies
2025-12-26 00:43:48,738 | INFO | 📄 Found file: E:\\EmailTool-V2\Barzaan\email_creator_app\old_database_files\db_Montreal, QC-180000.csv
2025-12-26 00:43:49,510 | INFO | ✅ Added patterns | File: db_Montreal, QC-180000.csv | Folder: E:\\EmailTool-V2\Barzaan\email_creator_app\old_database_files
2025-12-26 00:43:49,512 | INFO | 📊 Current database size: 568239 companies
2025-12-26 00:43:49,512 | INFO | 📄 Found file: E:\\EmailTool-V2\Barzaan\email_creator_app\old_database_files\db_Nashville, TN-108000.csv
2025-12-26 00:43:50,114 | INFO | ✅ Added patterns | File: db_Nashville, TN-108000.csv | Folder: E:\\EmailTool-V2\Barzaan\email_creator_app\old_database_files
2025-12-26 00:43:50,114 | INFO | 📊 Current database size: 568239 companies
2025-12-26 00:43:50,114 | INFO | 📄 Found file: E:\\EmailTool-V2\Barzaan\email_creator_app\old_database_files\db_Nashville, TN-120000.csv
2025-12-26 00:43:50,763 | INFO | ✅ Added patterns | File: db_Nashville, TN-120000.csv | Folder: E:\\EmailTool-V2\Barzaan\email_creator_app\old_database_files
2025-12-26 00:43:50,763 | INFO | 📊 Current database size: 568239 companies
2025-12-26 00:43:50,763 | INFO | 📄 Found file: E:\\EmailTool-V2\Barzaan\email_creator_app\old_database_files\db_New Hampshire, NH-PMP-90148.csv
2025-12-26 00:43:51,309 | INFO | ✅ Added patterns | File: db_New Hampshire, NH-PMP-90148.csv | Folder: E:\\EmailTool-V2\Barzaan\email_creator_app\old_database_files
2025-12-26 00:43:51,310 | INFO | 📊 Current database size: 568239 companies
2025-12-26 00:43:51,310 | INFO | 📄 Found file: E:\\EmailTool-V2\Barzaan\email_creator_app\old_database_files\db_New Orleans, LA-130000.csv
2025-12-26 00:43:52,031 | INFO | ✅ Added patterns | File: db_New Orleans, LA-130000.csv | Folder: E:\\EmailTool-V2\Barzaan\email_creator_app\old_database_files
2025-12-26 00:43:52,033 | INFO | 📊 Current database size: 568239 companies
2025-12-26 00:43:52,034 | INFO | 📄 Found file: E:\\EmailTool-V2\Barzaan\email_creator_app\old_database_files\db_New York, NY-110000.csv
2025-12-26 00:43:52,705 | INFO | ✅ Added patterns | File: db_New York, NY-110000.csv | Folder: E:\\EmailTool-V2\Barzaan\email_creator_app\old_database_files
2025-12-26 00:43:52,705 | INFO | 📊 Current database size: 568239 companies
2025-12-26 00:43:52,705 | INFO | 📄 Found file: E:\\EmailTool-V2\Barzaan\email_creator_app\old_database_files\db_New York, NY-151381.csv
2025-12-26 00:43:53,456 | INFO | ✅ Added patterns | File: db_New York, NY-151381.csv | Folder: E:\\EmailTool-V2\Barzaan\email_creator_app\old_database_files
2025-12-26 00:43:53,456 | INFO | 📊 Current database size: 568239 companies
2025-12-26 00:43:53,456 | INFO | 📄 Found file: E:\\EmailTool-V2\Barzaan\email_creator_app\old_database_files\db_New York, NY-240000.csv
2025-12-26 00:43:53,807 | INFO | ✅ Added patterns | File: db_New York, NY-240000.csv | Folder: E:\\EmailTool-V2\Barzaan\email_creator_app\old_database_files
2025-12-26 00:43:53,807 | INFO | 📊 Current database size: 568239 companies
2025-12-26 00:43:53,807 | INFO | 📄 Found file: E:\\EmailTool-V2\Barzaan\email_creator_app\old_database_files\db_New York, NY-297000-230000k Done.csv
2025-12-26 00:43:54,965 | INFO | ✅ Added patterns | File: db_New York, NY-297000-230000k Done.csv | Folder: E:\\EmailTool-V2\Barzaan\email_creator_app\old_database_files
2025-12-26 00:43:54,965 | INFO | 📊 Current database size: 568239 companies
2025-12-26 00:43:54,965 | INFO | 📄 Found file: E:\\EmailTool-V2\Barzaan\email_creator_app\old_database_files\db_New York, NY-297000.csv
2025-12-26 00:43:55,982 | INFO | ✅ Added patterns | File: db_New York, NY-297000.csv | Folder: E:\\EmailTool-V2\Barzaan\email_creator_app\old_database_files
2025-12-26 00:43:55,982 | INFO | 📊 Current database size: 568239 companies
2025-12-26 00:43:55,982 | INFO | 📄 Found file: E:\\EmailTool-V2\Barzaan\email_creator_app\old_database_files\db_New York, NY-B2B-62259 (1).csv
2025-12-26 00:43:56,483 | INFO | ✅ Added patterns | File: db_New York, NY-B2B-62259 (1).csv | Folder: E:\\EmailTool-V2\Barzaan\email_creator_app\old_database_files
2025-12-26 00:43:56,483 | INFO | 📊 Current database size: 568239 companies
2025-12-26 00:43:56,483 | INFO | 📄 Found file: E:\\EmailTool-V2\Barzaan\email_creator_app\old_database_files\db_New York, NY-B2B-62259.csv
2025-12-26 00:43:57,019 | INFO | ✅ Added patterns | File: db_New York, NY-B2B-62259.csv | Folder: E:\\EmailTool-V2\Barzaan\email_creator_app\old_database_files
2025-12-26 00:43:57,019 | INFO | 📊 Current database size: 568239 companies
2025-12-26 00:43:57,019 | INFO | 📄 Found file: E:\\EmailTool-V2\Barzaan\email_creator_app\old_database_files\db_New York, NY-LSSGB-166654 (1).csv
2025-12-26 00:43:57,821 | INFO | ✅ Added patterns | File: db_New York, NY-LSSGB-166654 (1).csv | Folder: E:\\EmailTool-V2\Barzaan\email_creator_app\old_database_files
2025-12-26 00:43:57,837 | INFO | 📊 Current database size: 568239 companies
2025-12-26 00:43:57,838 | INFO | 📄 Found file: E:\\EmailTool-V2\Barzaan\email_creator_app\old_database_files\db_New York, NY-LSSGB-166654.csv
2025-12-26 00:43:58,675 | INFO | ✅ Added patterns | File: db_New York, NY-LSSGB-166654.csv | Folder: E:\\EmailTool-V2\Barzaan\email_creator_app\old_database_files
2025-12-26 00:43:58,675 | INFO | 📊 Current database size: 568239 companies
2025-12-26 00:43:58,675 | INFO | 📄 Found file: E:\\EmailTool-V2\Barzaan\email_creator_app\old_database_files\db_New York, NY-PMP-202410 (1).csv
2025-12-26 00:43:59,530 | INFO | ✅ Added patterns | File: db_New York, NY-PMP-202410 (1).csv | Folder: E:\\EmailTool-V2\Barzaan\email_creator_app\old_database_files
2025-12-26 00:43:59,530 | INFO | 📊 Current database size: 568239 companies
2025-12-26 00:43:59,530 | INFO | 📄 Found file: E:\\EmailTool-V2\Barzaan\email_creator_app\old_database_files\db_New York, NY-PMP-202410.csv
2025-12-26 00:44:00,431 | INFO | ✅ Added patterns | File: db_New York, NY-PMP-202410.csv | Folder: E:\\EmailTool-V2\Barzaan\email_creator_app\old_database_files
2025-12-26 00:44:00,432 | INFO | 📊 Current database size: 568239 companies
2025-12-26 00:44:00,432 | INFO | 📄 Found file: E:\\EmailTool-V2\Barzaan\email_creator_app\old_database_files\db_New York.csv
2025-12-26 00:44:00,904 | INFO | ✅ Added patterns | File: db_New York.csv | Folder: E:\\EmailTool-V2\Barzaan\email_creator_app\old_database_files
2025-12-26 00:44:00,905 | INFO | 📊 Current database size: 568239 companies
2025-12-26 00:44:00,906 | INFO | 📄 Found file: E:\\EmailTool-V2\Barzaan\email_creator_app\old_database_files\db_Omaha, NE-94000.csv
2025-12-26 00:44:01,529 | INFO | ✅ Added patterns | File: db_Omaha, NE-94000.csv | Folder: E:\\EmailTool-V2\Barzaan\email_creator_app\old_database_files
2025-12-26 00:44:01,529 | INFO | 📊 Current database size: 568239 companies
2025-12-26 00:44:01,529 | INFO | 📄 Found file: E:\\EmailTool-V2\Barzaan\email_creator_app\old_database_files\db_Orange County, CA Seggrigation 2018 (1).csv
2025-12-26 00:44:02,120 | INFO | ✅ Added patterns | File: db_Orange County, CA Seggrigation 2018 (1).csv | Folder: E:\\EmailTool-V2\Barzaan\email_creator_app\old_database_files
2025-12-26 00:44:02,121 | INFO | 📊 Current database size: 568239 companies
2025-12-26 00:44:02,122 | INFO | 📄 Found file: E:\\EmailTool-V2\Barzaan\email_creator_app\old_database_files\db_Orange County, CA Seggrigation 2018.csv
2025-12-26 00:44:02,739 | INFO | ✅ Added patterns | File: db_Orange County, CA Seggrigation 2018.csv | Folder: E:\\EmailTool-V2\Barzaan\email_creator_app\old_database_files
2025-12-26 00:44:02,739 | INFO | 📊 Current database size: 568239 companies
2025-12-26 00:44:02,739 | INFO | 📄 Found file: E:\\EmailTool-V2\Barzaan\email_creator_app\old_database_files\db_Orlando, FL-PMP-25884.csv
2025-12-26 00:44:03,127 | INFO | ✅ Added patterns | File: db_Orlando, FL-PMP-25884.csv | Folder: E:\\EmailTool-V2\Barzaan\email_creator_app\old_database_files
2025-12-26 00:44:03,127 | INFO | 📊 Current database size: 568239 companies
2025-12-26 00:44:03,127 | INFO | 📄 Found file: E:\\EmailTool-V2\Barzaan\email_creator_app\old_database_files\db_Ottawa, ON-102000.csv
2025-12-26 00:44:03,742 | INFO | ✅ Added patterns | File: db_Ottawa, ON-102000.csv | Folder: E:\\EmailTool-V2\Barzaan\email_creator_app\old_database_files
2025-12-26 00:44:03,742 | INFO | 📊 Current database size: 568239 companies
2025-12-26 00:44:03,742 | INFO | 📄 Found file: E:\\EmailTool-V2\Barzaan\email_creator_app\old_database_files\db_Philadelphia, PA-118000.csv
2025-12-26 00:44:04,403 | INFO | ✅ Added patterns | File: db_Philadelphia, PA-118000.csv | Folder: E:\\EmailTool-V2\Barzaan\email_creator_app\old_database_files
2025-12-26 00:44:04,403 | INFO | 📊 Current database size: 568239 companies
2025-12-26 00:44:04,403 | INFO | 📄 Found file: E:\\EmailTool-V2\Barzaan\email_creator_app\old_database_files\db_Philadelphia, PA-173000.csv
2025-12-26 00:44:05,247 | INFO | ✅ Added patterns | File: db_Philadelphia, PA-173000.csv | Folder: E:\\EmailTool-V2\Barzaan\email_creator_app\old_database_files
2025-12-26 00:44:05,247 | INFO | 📊 Current database size: 568239 companies
2025-12-26 00:44:05,247 | INFO | 📄 Found file: E:\\EmailTool-V2\Barzaan\email_creator_app\old_database_files\db_Philadelphia, PA-197000.csv
2025-12-26 00:44:06,151 | INFO | ✅ Added patterns | File: db_Philadelphia, PA-197000.csv | Folder: E:\\EmailTool-V2\Barzaan\email_creator_app\old_database_files
2025-12-26 00:44:06,151 | INFO | 📊 Current database size: 568239 companies
2025-12-26 00:44:06,151 | INFO | 📄 Found file: E:\\EmailTool-V2\Barzaan\email_creator_app\old_database_files\db_Philadelphia, PA-B2B-21245.csv
2025-12-26 00:44:06,584 | INFO | ✅ Added patterns | File: db_Philadelphia, PA-B2B-21245.csv | Folder: E:\\EmailTool-V2\Barzaan\email_creator_app\old_database_files
2025-12-26 00:44:06,585 | INFO | 📊 Current database size: 568239 companies
2025-12-26 00:44:06,585 | INFO | 📄 Found file: E:\\EmailTool-V2\Barzaan\email_creator_app\old_database_files\db_Philadelphia, PA-PMP-99215.csv
2025-12-26 00:44:07,188 | INFO | ✅ Added patterns | File: db_Philadelphia, PA-PMP-99215.csv | Folder: E:\\EmailTool-V2\Barzaan\email_creator_app\old_database_files
2025-12-26 00:44:07,188 | INFO | 📊 Current database size: 568239 companies
2025-12-26 00:44:07,188 | INFO | 📄 Found file: E:\\EmailTool-V2\Barzaan\email_creator_app\old_database_files\db_Philadelphia.csv
2025-12-26 00:44:07,714 | INFO | ✅ Added patterns | File: db_Philadelphia.csv | Folder: E:\\EmailTool-V2\Barzaan\email_creator_app\old_database_files
2025-12-26 00:44:07,714 | INFO | 📊 Current database size: 568239 companies
2025-12-26 00:44:07,714 | INFO | 📄 Found file: E:\\EmailTool-V2\Barzaan\email_creator_app\old_database_files\db_Phoenix, AZ-280000.csv
2025-12-26 00:44:08,679 | INFO | ✅ Added patterns | File: db_Phoenix, AZ-280000.csv | Folder: E:\\EmailTool-V2\Barzaan\email_creator_app\old_database_files
2025-12-26 00:44:08,679 | INFO | 📊 Current database size: 568239 companies
2025-12-26 00:44:08,679 | INFO | 📄 Found file: E:\\EmailTool-V2\Barzaan\email_creator_app\old_database_files\db_Raleigh, NC-PMP-23769.csv
2025-12-26 00:44:09,044 | INFO | ✅ Added patterns | File: db_Raleigh, NC-PMP-23769.csv | Folder: E:\\EmailTool-V2\Barzaan\email_creator_app\old_database_files
2025-12-26 00:44:09,044 | INFO | 📊 Current database size: 568239 companies
2025-12-26 00:44:09,044 | INFO | 📄 Found file: E:\\EmailTool-V2\Barzaan\email_creator_app\old_database_files\db_Richmond, VA-95940.csv
2025-12-26 00:44:09,663 | INFO | ✅ Added patterns | File: db_Richmond, VA-95940.csv | Folder: E:\\EmailTool-V2\Barzaan\email_creator_app\old_database_files
2025-12-26 00:44:09,663 | INFO | 📊 Current database size: 568239 companies
2025-12-26 00:44:09,663 | INFO | 📄 Found file: E:\\EmailTool-V2\Barzaan\email_creator_app\old_database_files\db_Richmond, VA-B2B-26644 (1).csv
2025-12-26 00:44:10,061 | INFO | ✅ Added patterns | File: db_Richmond, VA-B2B-26644 (1).csv | Folder: E:\\EmailTool-V2\Barzaan\email_creator_app\old_database_files
2025-12-26 00:44:10,061 | INFO | 📊 Current database size: 568239 companies
2025-12-26 00:44:10,061 | INFO | 📄 Found file: E:\\EmailTool-V2\Barzaan\email_creator_app\old_database_files\db_Richmond, VA-B2B-26644.csv
2025-12-26 00:44:10,449 | INFO | ✅ Added patterns | File: db_Richmond, VA-B2B-26644.csv | Folder: E:\\EmailTool-V2\Barzaan\email_creator_app\old_database_files
2025-12-26 00:44:10,465 | INFO | 📊 Current database size: 568239 companies
2025-12-26 00:44:10,466 | INFO | 📄 Found file: E:\\EmailTool-V2\Barzaan\email_creator_app\old_database_files\db_Richmond, VA-PMP-115153 (1).csv
2025-12-26 00:44:11,121 | INFO | ✅ Added patterns | File: db_Richmond, VA-PMP-115153 (1).csv | Folder: E:\\EmailTool-V2\Barzaan\email_creator_app\old_database_files
2025-12-26 00:44:11,121 | INFO | 📊 Current database size: 568239 companies
2025-12-26 00:44:11,121 | INFO | 📄 Found file: E:\\EmailTool-V2\Barzaan\email_creator_app\old_database_files\db_Richmond, VA-PMP-115153.csv
2025-12-26 00:44:11,770 | INFO | ✅ Added patterns | File: db_Richmond, VA-PMP-115153.csv | Folder: E:\\EmailTool-V2\Barzaan\email_creator_app\old_database_files
2025-12-26 00:44:11,770 | INFO | 📊 Current database size: 568239 companies
2025-12-26 00:44:11,770 | INFO | 📄 Found file: E:\\EmailTool-V2\Barzaan\email_creator_app\old_database_files\db_Saint Louis, MO-56000.csv
2025-12-26 00:44:12,272 | INFO | ✅ Added patterns | File: db_Saint Louis, MO-56000.csv | Folder: E:\\EmailTool-V2\Barzaan\email_creator_app\old_database_files
2025-12-26 00:44:12,272 | INFO | 📊 Current database size: 568239 companies
2025-12-26 00:44:12,272 | INFO | 📄 Found file: E:\\EmailTool-V2\Barzaan\email_creator_app\old_database_files\db_Saint Louis, MO-PMP-56706.csv
2025-12-26 00:44:12,740 | INFO | ✅ Added patterns | File: db_Saint Louis, MO-PMP-56706.csv | Folder: E:\\EmailTool-V2\Barzaan\email_creator_app\old_database_files
2025-12-26 00:44:12,740 | INFO | 📊 Current database size: 568239 companies
2025-12-26 00:44:12,740 | INFO | 📄 Found file: E:\\EmailTool-V2\Barzaan\email_creator_app\old_database_files\db_Salt Lake , UTseggrigation done_2018 (1).csv
2025-12-26 00:44:13,309 | INFO | ✅ Added patterns | File: db_Salt Lake , UTseggrigation done_2018 (1).csv | Folder: E:\\EmailTool-V2\Barzaan\email_creator_app\old_database_files
2025-12-26 00:44:13,309 | INFO | 📊 Current database size: 568239 companies
2025-12-26 00:44:13,309 | INFO | 📄 Found file: E:\\EmailTool-V2\Barzaan\email_creator_app\old_database_files\db_Salt Lake , UTseggrigation done_2018.csv
2025-12-26 00:44:13,811 | INFO | ✅ Added patterns | File: db_Salt Lake , UTseggrigation done_2018.csv | Folder: E:\\EmailTool-V2\Barzaan\email_creator_app\old_database_files
2025-12-26 00:44:13,811 | INFO | 📊 Current database size: 568239 companies
2025-12-26 00:44:13,811 | INFO | 📄 Found file: E:\\EmailTool-V2\Barzaan\email_creator_app\old_database_files\db_San Antonio, TX Seggrigation_1.csv
2025-12-26 00:44:14,329 | INFO | ✅ Added patterns | File: db_San Antonio, TX Seggrigation_1.csv | Folder: E:\\EmailTool-V2\Barzaan\email_creator_app\old_database_files
2025-12-26 00:44:14,329 | INFO | 📊 Current database size: 568239 companies
2025-12-26 00:44:14,329 | INFO | 📄 Found file: E:\\EmailTool-V2\Barzaan\email_creator_app\old_database_files\db_San Diego seggrigation done_2018.csv
2025-12-26 00:44:14,848 | INFO | ✅ Added patterns | File: db_San Diego seggrigation done_2018.csv | Folder: E:\\EmailTool-V2\Barzaan\email_creator_app\old_database_files
2025-12-26 00:44:14,848 | INFO | 📊 Current database size: 568239 companies
2025-12-26 00:44:14,848 | INFO | 📄 Found file: E:\\EmailTool-V2\Barzaan\email_creator_app\old_database_files\db_San francisco Seggrigation.csv
2025-12-26 00:44:15,768 | INFO | ✅ Added patterns | File: db_San francisco Seggrigation.csv | Folder: E:\\EmailTool-V2\Barzaan\email_creator_app\old_database_files
2025-12-26 00:44:15,768 | INFO | 📊 Current database size: 568239 companies
2025-12-26 00:44:15,768 | INFO | 📄 Found file: E:\\EmailTool-V2\Barzaan\email_creator_app\old_database_files\db_San Francisco, CA.csv
2025-12-26 00:44:17,424 | INFO | ✅ Added patterns | File: db_San Francisco, CA.csv | Folder: E:\\EmailTool-V2\Barzaan\email_creator_app\old_database_files
2025-12-26 00:44:17,424 | INFO | 📊 Current database size: 568239 companies
2025-12-26 00:44:17,424 | INFO | 📄 Found file: E:\\EmailTool-V2\Barzaan\email_creator_app\old_database_files\db_Santa Barbara, CA-22000.csv
2025-12-26 00:44:17,825 | INFO | ✅ Added patterns | File: db_Santa Barbara, CA-22000.csv | Folder: E:\\EmailTool-V2\Barzaan\email_creator_app\old_database_files
2025-12-26 00:44:17,841 | INFO | 📊 Current database size: 568239 companies
2025-12-26 00:44:17,841 | INFO | 📄 Found file: E:\\EmailTool-V2\Barzaan\email_creator_app\old_database_files\db_Seattle, WA Seggrigation 1_1.csv
2025-12-26 00:44:18,461 | INFO | ✅ Added patterns | File: db_Seattle, WA Seggrigation 1_1.csv | Folder: E:\\EmailTool-V2\Barzaan\email_creator_app\old_database_files
2025-12-26 00:44:18,470 | INFO | 📊 Current database size: 568239 companies
2025-12-26 00:44:18,470 | INFO | 📄 Found file: E:\\EmailTool-V2\Barzaan\email_creator_app\old_database_files\db_Seattle, WA seggrigation_1.csv
2025-12-26 00:44:18,848 | INFO | ✅ Added patterns | File: db_Seattle, WA seggrigation_1.csv | Folder: E:\\EmailTool-V2\Barzaan\email_creator_app\old_database_files
2025-12-26 00:44:18,848 | INFO | 📊 Current database size: 568239 companies
2025-12-26 00:44:18,848 | INFO | 📄 Found file: E:\\EmailTool-V2\Barzaan\email_creator_app\old_database_files\db_Seattle, WA-350000.csv
2025-12-26 00:44:19,949 | INFO | ✅ Added patterns | File: db_Seattle, WA-350000.csv | Folder: E:\\EmailTool-V2\Barzaan\email_creator_app\old_database_files
2025-12-26 00:44:19,949 | INFO | 📊 Current database size: 568239 companies
2025-12-26 00:44:19,949 | INFO | 📄 Found file: E:\\EmailTool-V2\Barzaan\email_creator_app\old_database_files\db_Spokane, WA-43000.csv
2025-12-26 00:44:20,387 | INFO | ✅ Added patterns | File: db_Spokane, WA-43000.csv | Folder: E:\\EmailTool-V2\Barzaan\email_creator_app\old_database_files
2025-12-26 00:44:20,387 | INFO | 📊 Current database size: 568239 companies
2025-12-26 00:44:20,387 | INFO | 📄 Found file: E:\\EmailTool-V2\Barzaan\email_creator_app\old_database_files\db_Springfield, MI-PMP-31377.csv
2025-12-26 00:44:20,802 | INFO | ✅ Added patterns | File: db_Springfield, MI-PMP-31377.csv | Folder: E:\\EmailTool-V2\Barzaan\email_creator_app\old_database_files
2025-12-26 00:44:20,802 | INFO | 📊 Current database size: 568239 companies
2025-12-26 00:44:20,802 | INFO | 📄 Found file: E:\\EmailTool-V2\Barzaan\email_creator_app\old_database_files\db_Tallahassee, FL-236000.csv
2025-12-26 00:44:21,772 | INFO | ✅ Added patterns | File: db_Tallahassee, FL-236000.csv | Folder: E:\\EmailTool-V2\Barzaan\email_creator_app\old_database_files
2025-12-26 00:44:21,772 | INFO | 📊 Current database size: 568239 companies
2025-12-26 00:44:21,772 | INFO | 📄 Found file: E:\\EmailTool-V2\Barzaan\email_creator_app\old_database_files\db_Tallahassee, FL-PMP-21979.csv
2025-12-26 00:44:22,123 | INFO | ✅ Added patterns | File: db_Tallahassee, FL-PMP-21979.csv | Folder: E:\\EmailTool-V2\Barzaan\email_creator_app\old_database_files
2025-12-26 00:44:22,123 | INFO | 📊 Current database size: 568239 companies
2025-12-26 00:44:22,123 | INFO | 📄 Found file: E:\\EmailTool-V2\Barzaan\email_creator_app\old_database_files\db_Tampa, FL-45000.csv
2025-12-26 00:44:22,612 | INFO | ✅ Added patterns | File: db_Tampa, FL-45000.csv | Folder: E:\\EmailTool-V2\Barzaan\email_creator_app\old_database_files
2025-12-26 00:44:22,612 | INFO | 📊 Current database size: 568239 companies
2025-12-26 00:44:22,612 | INFO | 📄 Found file: E:\\EmailTool-V2\Barzaan\email_creator_app\old_database_files\db_Tampa, FL-PMP-46015.csv
2025-12-26 00:44:23,040 | INFO | ✅ Added patterns | File: db_Tampa, FL-PMP-46015.csv | Folder: E:\\EmailTool-V2\Barzaan\email_creator_app\old_database_files
2025-12-26 00:44:23,040 | INFO | 📊 Current database size: 568239 companies
2025-12-26 00:44:23,040 | INFO | 📄 Found file: E:\\EmailTool-V2\Barzaan\email_creator_app\old_database_files\db_Toronto, ON-590000.csv
2025-12-26 00:44:24,515 | INFO | ✅ Added patterns | File: db_Toronto, ON-590000.csv | Folder: E:\\EmailTool-V2\Barzaan\email_creator_app\old_database_files
2025-12-26 00:44:24,515 | INFO | 📊 Current database size: 568239 companies
2025-12-26 00:44:24,515 | INFO | 📄 Found file: E:\\EmailTool-V2\Barzaan\email_creator_app\old_database_files\db_Toronto, ON-88000-New.csv
2025-12-26 00:44:25,067 | INFO | ✅ Added patterns | File: db_Toronto, ON-88000-New.csv | Folder: E:\\EmailTool-V2\Barzaan\email_creator_app\old_database_files
2025-12-26 00:44:25,067 | INFO | 📊 Current database size: 568239 companies
2025-12-26 00:44:25,067 | INFO | 📄 Found file: E:\\EmailTool-V2\Barzaan\email_creator_app\old_database_files\db_Tulsa, OK Seggrigation  2018.csv
2025-12-26 00:44:25,488 | INFO | ✅ Added patterns | File: db_Tulsa, OK Seggrigation  2018.csv | Folder: E:\\EmailTool-V2\Barzaan\email_creator_app\old_database_files
2025-12-26 00:44:25,488 | INFO | 📊 Current database size: 568239 companies
2025-12-26 00:44:25,488 | INFO | 📄 Found file: E:\\EmailTool-V2\Barzaan\email_creator_app\old_database_files\db_Tulsa, Ok-83000.csv
2025-12-26 00:44:26,037 | INFO | ✅ Added patterns | File: db_Tulsa, Ok-83000.csv | Folder: E:\\EmailTool-V2\Barzaan\email_creator_app\old_database_files
2025-12-26 00:44:26,037 | INFO | 📊 Current database size: 568239 companies
2025-12-26 00:44:26,037 | INFO | 📄 Found file: E:\\EmailTool-V2\Barzaan\email_creator_app\old_database_files\db_Vancouver, BC-New-32000 (1).csv
2025-12-26 00:44:26,422 | INFO | ✅ Added patterns | File: db_Vancouver, BC-New-32000 (1).csv | Folder: E:\\EmailTool-V2\Barzaan\email_creator_app\old_database_files
2025-12-26 00:44:26,422 | INFO | 📊 Current database size: 568239 companies
2025-12-26 00:44:26,422 | INFO | 📄 Found file: E:\\EmailTool-V2\Barzaan\email_creator_app\old_database_files\db_Vancouver, BC-New-32000.csv
2025-12-26 00:44:26,809 | INFO | ✅ Added patterns | File: db_Vancouver, BC-New-32000.csv | Folder: E:\\EmailTool-V2\Barzaan\email_creator_app\old_database_files
2025-12-26 00:44:26,809 | INFO | 📊 Current database size: 568239 companies
2025-12-26 00:44:26,809 | INFO | 📄 Found file: E:\\EmailTool-V2\Barzaan\email_creator_app\old_database_files\db_Washington, DC-56000.csv
2025-12-26 00:44:27,342 | INFO | ✅ Added patterns | File: db_Washington, DC-56000.csv | Folder: E:\\EmailTool-V2\Barzaan\email_creator_app\old_database_files
2025-12-26 00:44:27,342 | INFO | 📊 Current database size: 568239 companies
2025-12-26 00:44:27,342 | INFO | 📄 Found file: E:\\EmailTool-V2\Barzaan\email_creator_app\old_database_files\db_Washington, DC-75892.csv
2025-12-26 00:44:27,876 | INFO | ✅ Added patterns | File: db_Washington, DC-75892.csv | Folder: E:\\EmailTool-V2\Barzaan\email_creator_app\old_database_files
2025-12-26 00:44:27,877 | INFO | 📊 Current database size: 568239 companies
2025-12-26 00:44:27,877 | INFO | 📄 Found file: E:\\EmailTool-V2\Barzaan\email_creator_app\old_database_files\db_Washington, DC-97000.csv
2025-12-26 00:44:28,144 | INFO | ✅ Added patterns | File: db_Washington, DC-97000.csv | Folder: E:\\EmailTool-V2\Barzaan\email_creator_app\old_database_files
2025-12-26 00:44:28,144 | INFO | 📊 Current database size: 568239 companies
2025-12-26 00:44:28,144 | INFO | 📄 Found file: E:\\EmailTool-V2\Barzaan\email_creator_app\old_database_files\db_Washington, DC-B2B-65589 (1).csv
2025-12-26 00:44:28,663 | INFO | ✅ Added patterns | File: db_Washington, DC-B2B-65589 (1).csv | Folder: E:\\EmailTool-V2\Barzaan\email_creator_app\old_database_files
2025-12-26 00:44:28,663 | INFO | 📊 Current database size: 568239 companies
2025-12-26 00:44:28,663 | INFO | 📄 Found file: E:\\EmailTool-V2\Barzaan\email_creator_app\old_database_files\db_Washington, DC-B2B-65589.csv
2025-12-26 00:44:29,166 | INFO | ✅ Added patterns | File: db_Washington, DC-B2B-65589.csv | Folder: E:\\EmailTool-V2\Barzaan\email_creator_app\old_database_files
2025-12-26 00:44:29,166 | INFO | 📊 Current database size: 568239 companies
2025-12-26 00:44:29,166 | INFO | 📄 Found file: E:\\EmailTool-V2\Barzaan\email_creator_app\old_database_files\db_Washington, DC-LSSGB-177097 (1).csv
2025-12-26 00:44:30,034 | INFO | ✅ Added patterns | File: db_Washington, DC-LSSGB-177097 (1).csv | Folder: E:\\EmailTool-V2\Barzaan\email_creator_app\old_database_files
2025-12-26 00:44:30,034 | INFO | 📊 Current database size: 568239 companies
2025-12-26 00:44:30,034 | INFO | 📄 Found file: E:\\EmailTool-V2\Barzaan\email_creator_app\old_database_files\db_Washington, DC-LSSGB-177097.csv
2025-12-26 00:44:30,890 | INFO | ✅ Added patterns | File: db_Washington, DC-LSSGB-177097.csv | Folder: E:\\EmailTool-V2\Barzaan\email_creator_app\old_database_files
2025-12-26 00:44:30,890 | INFO | 📊 Current database size: 568239 companies
2025-12-26 00:44:30,890 | INFO | 📄 Found file: E:\\EmailTool-V2\Barzaan\email_creator_app\old_database_files\db_Washington, DC-PMP-232708 (1).csv
2025-12-26 00:44:31,807 | INFO | ✅ Added patterns | File: db_Washington, DC-PMP-232708 (1).csv | Folder: E:\\EmailTool-V2\Barzaan\email_creator_app\old_database_files
2025-12-26 00:44:31,807 | INFO | 📊 Current database size: 568239 companies
2025-12-26 00:44:31,807 | INFO | 📄 Found file: E:\\EmailTool-V2\Barzaan\email_creator_app\old_database_files\db_Washington, DC-PMP-232708.csv
2025-12-26 00:44:32,761 | INFO | ✅ Added patterns | File: db_Washington, DC-PMP-232708.csv | Folder: E:\\EmailTool-V2\Barzaan\email_creator_app\old_database_files
2025-12-26 00:44:32,776 | INFO | 📊 Current database size: 568239 companies
2025-12-26 00:44:32,777 | INFO | 📄 Found file: E:\\EmailTool-V2\Barzaan\email_creator_app\old_database_files\db_Winnipeg, MB-29000.csv
2025-12-26 00:44:33,129 | INFO | ✅ Added patterns | File: db_Winnipeg, MB-29000.csv | Folder: E:\\EmailTool-V2\Barzaan\email_creator_app\old_database_files
2025-12-26 00:44:33,129 | INFO | 📊 Current database size: 568239 companies
2025-12-26 00:44:33,129 | INFO | 📄 Found file: E:\\EmailTool-V2\Barzaan\email_creator_app\output_csv_files\$R07WU6E_2025-12-25_output.csv
2025-12-26 00:44:33,567 | INFO | ✅ Added patterns | File: $R07WU6E_2025-12-25_output.csv | Folder: E:\\EmailTool-V2\Barzaan\email_creator_app\output_csv_files
2025-12-26 00:44:33,567 | INFO | 📊 Current database size: 568239 companies
2025-12-26 00:44:33,567 | INFO | 📄 Found file: E:\\EmailTool-V2\Barzaan\email_creator_app\output_csv_files\$R0AFXXN_2025-12-25_output.csv
2025-12-26 00:44:33,903 | INFO | ✅ Added patterns | File: $R0AFXXN_2025-12-25_output.csv | Folder: E:\\EmailTool-V2\Barzaan\email_creator_app\output_csv_files
2025-12-26 00:44:33,904 | INFO | 📊 Current database size: 568239 companies
2025-12-26 00:44:33,904 | INFO | 📄 Found file: E:\\EmailTool-V2\Barzaan\email_creator_app\output_csv_files\$R3UHN4E_2025-12-25_output.csv
2025-12-26 00:44:34,851 | INFO | ✅ Added patterns | File: $R3UHN4E_2025-12-25_output.csv | Folder: E:\\EmailTool-V2\Barzaan\email_creator_app\output_csv_files
2025-12-26 00:44:34,851 | INFO | 📊 Current database size: 568239 companies
2025-12-26 00:44:34,851 | INFO | 📄 Found file: E:\\EmailTool-V2\Barzaan\email_creator_app\output_csv_files\$R4JT8KL_2025-12-25_output.csv
2025-12-26 00:44:35,253 | INFO | ✅ Added patterns | File: $R4JT8KL_2025-12-25_output.csv | Folder: E:\\EmailTool-V2\Barzaan\email_creator_app\output_csv_files
2025-12-26 00:44:35,253 | INFO | 📊 Current database size: 568239 companies
2025-12-26 00:44:35,253 | INFO | 📄 Found file: E:\\EmailTool-V2\Barzaan\email_creator_app\output_csv_files\$R6CMMZS_2025-12-25_output.csv
2025-12-26 00:44:35,855 | INFO | ✅ Added patterns | File: $R6CMMZS_2025-12-25_output.csv | Folder: E:\\EmailTool-V2\Barzaan\email_creator_app\output_csv_files
2025-12-26 00:44:35,855 | INFO | 📊 Current database size: 568239 companies
2025-12-26 00:44:35,855 | INFO | 📄 Found file: E:\\EmailTool-V2\Barzaan\email_creator_app\output_csv_files\$R703CII_2025-12-25_output.csv
2025-12-26 00:44:36,273 | INFO | ✅ Added patterns | File: $R703CII_2025-12-25_output.csv | Folder: E:\\EmailTool-V2\Barzaan\email_creator_app\output_csv_files
2025-12-26 00:44:36,273 | INFO | 📊 Current database size: 568239 companies
2025-12-26 00:44:36,273 | INFO | 📄 Found file: E:\\EmailTool-V2\Barzaan\email_creator_app\output_csv_files\$RAU8K1B_2025-12-25_output.csv
2025-12-26 00:44:36,574 | INFO | ✅ Added patterns | File: $RAU8K1B_2025-12-25_output.csv | Folder: E:\\EmailTool-V2\Barzaan\email_creator_app\output_csv_files
2025-12-26 00:44:36,574 | INFO | 📊 Current database size: 568239 companies
2025-12-26 00:44:36,574 | INFO | 📄 Found file: E:\\EmailTool-V2\Barzaan\email_creator_app\output_csv_files\$RBYY4U3_2025-12-25_output.csv
2025-12-26 00:44:37,109 | INFO | ✅ Added patterns | File: $RBYY4U3_2025-12-25_output.csv | Folder: E:\\EmailTool-V2\Barzaan\email_creator_app\output_csv_files
2025-12-26 00:44:37,109 | INFO | 📊 Current database size: 568239 companies
2025-12-26 00:44:37,109 | INFO | 📄 Found file: E:\\EmailTool-V2\Barzaan\email_creator_app\output_csv_files\$RC6RSAP_2025-12-25_output.csv
2025-12-26 00:44:37,427 | INFO | ✅ Added patterns | File: $RC6RSAP_2025-12-25_output.csv | Folder: E:\\EmailTool-V2\Barzaan\email_creator_app\output_csv_files
2025-12-26 00:44:37,427 | INFO | 📊 Current database size: 568239 companies
2025-12-26 00:44:37,427 | INFO | 📄 Found file: E:\\EmailTool-V2\Barzaan\email_creator_app\output_csv_files\$RCPSI0P_2025-12-25_output.csv
2025-12-26 00:44:37,795 | INFO | ✅ Added patterns | File: $RCPSI0P_2025-12-25_output.csv | Folder: E:\\EmailTool-V2\Barzaan\email_creator_app\output_csv_files
2025-12-26 00:44:37,795 | INFO | 📊 Current database size: 568239 companies
2025-12-26 00:44:37,797 | INFO | 📄 Found file: E:\\EmailTool-V2\Barzaan\email_creator_app\output_csv_files\$RF05GFV_2025-12-25_output.csv
2025-12-26 00:44:38,615 | INFO | ✅ Added patterns | File: $RF05GFV_2025-12-25_output.csv | Folder: E:\\EmailTool-V2\Barzaan\email_creator_app\output_csv_files
2025-12-26 00:44:38,630 | INFO | 📊 Current database size: 568239 companies
2025-12-26 00:44:38,631 | INFO | 📄 Found file: E:\\EmailTool-V2\Barzaan\email_creator_app\output_csv_files\$RGTWZYI_2025-12-25_output.csv
2025-12-26 00:44:38,916 | INFO | ✅ Added patterns | File: $RGTWZYI_2025-12-25_output.csv | Folder: E:\\EmailTool-V2\Barzaan\email_creator_app\output_csv_files
2025-12-26 00:44:38,931 | INFO | 📊 Current database size: 568239 companies
2025-12-26 00:44:38,931 | INFO | 📄 Found file: E:\\EmailTool-V2\Barzaan\email_creator_app\output_csv_files\$RL64R17_2025-12-25_output.csv
2025-12-26 00:44:39,287 | INFO | ✅ Added patterns | File: $RL64R17_2025-12-25_output.csv | Folder: E:\\EmailTool-V2\Barzaan\email_creator_app\output_csv_files
2025-12-26 00:44:39,287 | INFO | 📊 Current database size: 568239 companies
2025-12-26 00:44:39,287 | INFO | 📄 Found file: E:\\EmailTool-V2\Barzaan\email_creator_app\output_csv_files\$RM88RKK_2025-12-25_output.csv
2025-12-26 00:44:39,588 | INFO | ✅ Added patterns | File: $RM88RKK_2025-12-25_output.csv | Folder: E:\\EmailTool-V2\Barzaan\email_creator_app\output_csv_files
2025-12-26 00:44:39,588 | INFO | 📊 Current database size: 568239 companies
2025-12-26 00:44:39,588 | INFO | 📄 Found file: E:\\EmailTool-V2\Barzaan\email_creator_app\output_csv_files\$RMPHI19_2025-12-25_output.csv
2025-12-26 00:44:40,404 | INFO | ✅ Added patterns | File: $RMPHI19_2025-12-25_output.csv | Folder: E:\\EmailTool-V2\Barzaan\email_creator_app\output_csv_files
2025-12-26 00:44:40,404 | INFO | 📊 Current database size: 568239 companies
2025-12-26 00:44:40,404 | INFO | 📄 Found file: E:\\EmailTool-V2\Barzaan\email_creator_app\output_csv_files\$RO0GAB5_2025-12-25_output.csv
2025-12-26 00:44:40,680 | INFO | ✅ Added patterns | File: $RO0GAB5_2025-12-25_output.csv | Folder: E:\\EmailTool-V2\Barzaan\email_creator_app\output_csv_files
2025-12-26 00:44:40,682 | INFO | 📊 Current database size: 568239 companies
2025-12-26 00:44:40,682 | INFO | 📄 Found file: E:\\EmailTool-V2\Barzaan\email_creator_app\output_csv_files\$RQ2FI77_2025-12-25_output.csv
2025-12-26 00:44:41,023 | INFO | ✅ Added patterns | File: $RQ2FI77_2025-12-25_output.csv | Folder: E:\\EmailTool-V2\Barzaan\email_creator_app\output_csv_files
2025-12-26 00:44:41,023 | INFO | 📊 Current database size: 568239 companies
2025-12-26 00:44:41,023 | INFO | 📄 Found file: E:\\EmailTool-V2\Barzaan\email_creator_app\output_csv_files\$RUA7JK8_2025-12-25_output.csv
2025-12-26 00:44:41,358 | INFO | ✅ Added patterns | File: $RUA7JK8_2025-12-25_output.csv | Folder: E:\\EmailTool-V2\Barzaan\email_creator_app\output_csv_files
2025-12-26 00:44:41,358 | INFO | 📊 Current database size: 568239 companies
2025-12-26 00:44:41,373 | INFO | 📄 Found file: E:\\EmailTool-V2\Barzaan\email_creator_app\output_csv_files\$RYGZ6FB_2025-12-25_output.csv
2025-12-26 00:44:41,726 | INFO | ✅ Added patterns | File: $RYGZ6FB_2025-12-25_output.csv | Folder: E:\\EmailTool-V2\Barzaan\email_creator_app\output_csv_files
2025-12-26 00:44:41,726 | INFO | 📊 Current database size: 568239 companies
2025-12-26 00:44:41,726 | INFO | 📄 Found file: E:\\EmailTool-V2\Barzaan\email_creator_app\output_csv_files\9L May 31 Formatted File_old_tool_output_2025-12-25_output.csv
2025-12-26 00:44:43,133 | INFO | ✅ Added patterns | File: 9L May 31 Formatted File_old_tool_output_2025-12-25_output.csv | Folder: E:\\EmailTool-V2\Barzaan\email_creator_app\output_csv_files
2025-12-26 00:44:43,133 | INFO | 📊 Current database size: 568239 companies
2025-12-26 00:44:43,133 | INFO | 📄 Found file: E:\\EmailTool-V2\Barzaan\email_creator_app\output_csv_files\9L May 31 Formatted File_old_tool_output_2025-12-26_output.csv
2025-12-26 00:44:44,522 | INFO | ✅ Added patterns | File: 9L May 31 Formatted File_old_tool_output_2025-12-26_output.csv | Folder: E:\\EmailTool-V2\Barzaan\email_creator_app\output_csv_files
2025-12-26 00:44:44,522 | INFO | 📊 Current database size: 568239 companies
2025-12-26 00:44:44,522 | INFO | 📄 Found file: E:\\EmailTool-V2\Barzaan\email_creator_app\output_csv_files\9L May 31 Formatted File_old_tool_output_new_tool_output_2025-12-26_output.csv
2025-12-26 00:44:45,137 | INFO | ✅ Added patterns | File: 9L May 31 Formatted File_old_tool_output_new_tool_output_2025-12-26_output.csv | Folder: E:\\EmailTool-V2\Barzaan\email_creator_app\output_csv_files
2025-12-26 00:44:45,138 | INFO | 📊 Current database size: 568239 companies
2025-12-26 00:44:45,138 | INFO | 📄 Found file: E:\\EmailTool-V2\Barzaan\email_creator_app\output_csv_files\Atlanta, GA-B2B-44874_2025-12-25_output.csv
2025-12-26 00:44:45,558 | INFO | ✅ Added patterns | File: Atlanta, GA-B2B-44874_2025-12-25_output.csv | Folder: E:\\EmailTool-V2\Barzaan\email_creator_app\output_csv_files
2025-12-26 00:44:45,558 | INFO | 📊 Current database size: 568239 companies
2025-12-26 00:44:45,558 | INFO | 📄 Found file: E:\\EmailTool-V2\Barzaan\email_creator_app\output_csv_files\Atlanta, GA-B2B-44874_2025-12-26_output.csv
2025-12-26 00:44:45,924 | INFO | ✅ Added patterns | File: Atlanta, GA-B2B-44874_2025-12-26_output.csv | Folder: E:\\EmailTool-V2\Barzaan\email_creator_app\output_csv_files
2025-12-26 00:44:45,924 | INFO | 📊 Current database size: 568239 companies
2025-12-26 00:44:45,924 | INFO | 📄 Found file: E:\\EmailTool-V2\Barzaan\email_creator_app\output_csv_files\Atlanta, GA-LSSGB-137575_2025-12-25_output.csv
2025-12-26 00:44:46,476 | INFO | ✅ Added patterns | File: Atlanta, GA-LSSGB-137575_2025-12-25_output.csv | Folder: E:\\EmailTool-V2\Barzaan\email_creator_app\output_csv_files
2025-12-26 00:44:46,476 | INFO | 📊 Current database size: 568239 companies
2025-12-26 00:44:46,476 | INFO | 📄 Found file: E:\\EmailTool-V2\Barzaan\email_creator_app\output_csv_files\Atlanta, GA-LSSGB-137575_2025-12-26_output.csv
2025-12-26 00:44:47,027 | INFO | ✅ Added patterns | File: Atlanta, GA-LSSGB-137575_2025-12-26_output.csv | Folder: E:\\EmailTool-V2\Barzaan\email_creator_app\output_csv_files
2025-12-26 00:44:47,027 | INFO | 📊 Current database size: 568239 companies
2025-12-26 00:44:47,027 | INFO | 📄 Found file: E:\\EmailTool-V2\Barzaan\email_creator_app\output_csv_files\Atlanta, GA-PMP-176938_2025-12-26_output.csv
2025-12-26 00:44:47,645 | INFO | ✅ Added patterns | File: Atlanta, GA-PMP-176938_2025-12-26_output.csv | Folder: E:\\EmailTool-V2\Barzaan\email_creator_app\output_csv_files
2025-12-26 00:44:47,645 | INFO | 📊 Current database size: 568239 companies
2025-12-26 00:44:47,645 | INFO | 📄 Found file: E:\\EmailTool-V2\Barzaan\email_creator_app\output_csv_files\Austin, Tx seggrigation_1_2025-12-25_output.csv
2025-12-26 00:44:48,048 | INFO | ✅ Added patterns | File: Austin, Tx seggrigation_1_2025-12-25_output.csv | Folder: E:\\EmailTool-V2\Barzaan\email_creator_app\output_csv_files
2025-12-26 00:44:48,048 | INFO | 📊 Current database size: 568239 companies
2025-12-26 00:44:48,048 | INFO | 📄 Found file: E:\\EmailTool-V2\Barzaan\email_creator_app\output_csv_files\Austin, Tx seggrigation_1_2025-12-26_output.csv
2025-12-26 00:44:48,570 | INFO | ✅ Added patterns | File: Austin, Tx seggrigation_1_2025-12-26_output.csv | Folder: E:\\EmailTool-V2\Barzaan\email_creator_app\output_csv_files
2025-12-26 00:44:48,570 | INFO | 📊 Current database size: 568239 companies
2025-12-26 00:44:48,570 | INFO | 📄 Found file: E:\\EmailTool-V2\Barzaan\email_creator_app\output_csv_files\Austin, Tx seggrigation_1_output_2025-12-26_output.csv
2025-12-26 00:44:48,951 | INFO | ✅ Added patterns | File: Austin, Tx seggrigation_1_output_2025-12-26_output.csv | Folder: E:\\EmailTool-V2\Barzaan\email_creator_app\output_csv_files
2025-12-26 00:44:48,951 | INFO | 📊 Current database size: 568239 companies
2025-12-26 00:44:48,951 | INFO | 📄 Found file: E:\\EmailTool-V2\Barzaan\email_creator_app\output_csv_files\Baltimore, MD-B2B-23152_2025-12-25_output.csv
2025-12-26 00:44:49,328 | INFO | ✅ Added patterns | File: Baltimore, MD-B2B-23152_2025-12-25_output.csv | Folder: E:\\EmailTool-V2\Barzaan\email_creator_app\output_csv_files
2025-12-26 00:44:49,328 | INFO | 📊 Current database size: 568239 companies
2025-12-26 00:44:49,328 | INFO | 📄 Found file: E:\\EmailTool-V2\Barzaan\email_creator_app\output_csv_files\Baltimore, MD-B2B-23152_2025-12-26_output.csv
2025-12-26 00:44:49,670 | INFO | ✅ Added patterns | File: Baltimore, MD-B2B-23152_2025-12-26_output.csv | Folder: E:\\EmailTool-V2\Barzaan\email_creator_app\output_csv_files
2025-12-26 00:44:49,670 | INFO | 📊 Current database size: 568239 companies
2025-12-26 00:44:49,670 | INFO | 📄 Found file: E:\\EmailTool-V2\Barzaan\email_creator_app\output_csv_files\Baltimore, MD-PMP-109446_2025-12-25_output.csv
2025-12-26 00:44:50,222 | INFO | ✅ Added patterns | File: Baltimore, MD-PMP-109446_2025-12-25_output.csv | Folder: E:\\EmailTool-V2\Barzaan\email_creator_app\output_csv_files
2025-12-26 00:44:50,222 | INFO | 📊 Current database size: 568239 companies
2025-12-26 00:44:50,222 | INFO | 📄 Found file: E:\\EmailTool-V2\Barzaan\email_creator_app\output_csv_files\Baltimore, MD-PMP-109446_2025-12-26_output.csv
2025-12-26 00:44:50,707 | INFO | ✅ Added patterns | File: Baltimore, MD-PMP-109446_2025-12-26_output.csv | Folder: E:\\EmailTool-V2\Barzaan\email_creator_app\output_csv_files
2025-12-26 00:44:50,708 | INFO | 📊 Current database size: 568239 companies
2025-12-26 00:44:50,709 | INFO | 📄 Found file: E:\\EmailTool-V2\Barzaan\email_creator_app\output_csv_files\Baltimore, MD-PMP-109446_missing_output -may be wring_2025-12-26_output.csv
2025-12-26 00:44:51,159 | INFO | ✅ Added patterns | File: Baltimore, MD-PMP-109446_missing_output -may be wring_2025-12-26_output.csv | Folder: E:\\EmailTool-V2\Barzaan\email_creator_app\output_csv_files
2025-12-26 00:44:51,159 | INFO | 📊 Current database size: 568239 companies
2025-12-26 00:44:51,159 | INFO | 📄 Found file: E:\\EmailTool-V2\Barzaan\email_creator_app\output_csv_files\Baltimore, MD-PMP-109446_missing_output_2025-12-26_output.csv
2025-12-26 00:44:51,575 | INFO | ✅ Added patterns | File: Baltimore, MD-PMP-109446_missing_output_2025-12-26_output.csv | Folder: E:\\EmailTool-V2\Barzaan\email_creator_app\output_csv_files
2025-12-26 00:44:51,576 | INFO | 📊 Current database size: 568239 companies
2025-12-26 00:44:51,577 | INFO | 📄 Found file: E:\\EmailTool-V2\Barzaan\email_creator_app\output_csv_files\Boise, ID Seggrigation 2018_2025-12-25_output.csv
2025-12-26 00:44:51,945 | INFO | ✅ Added patterns | File: Boise, ID Seggrigation 2018_2025-12-25_output.csv | Folder: E:\\EmailTool-V2\Barzaan\email_creator_app\output_csv_files
2025-12-26 00:44:51,945 | INFO | 📊 Current database size: 568239 companies
2025-12-26 00:44:51,945 | INFO | 📄 Found file: E:\\EmailTool-V2\Barzaan\email_creator_app\output_csv_files\Boise, ID Seggrigation 2018_2025-12-26_output.csv
2025-12-26 00:44:52,291 | INFO | ✅ Added patterns | File: Boise, ID Seggrigation 2018_2025-12-26_output.csv | Folder: E:\\EmailTool-V2\Barzaan\email_creator_app\output_csv_files
2025-12-26 00:44:52,291 | INFO | 📊 Current database size: 568239 companies
2025-12-26 00:44:52,291 | INFO | 📄 Found file: E:\\EmailTool-V2\Barzaan\email_creator_app\output_csv_files\Boise, ID Seggrigation 2018_output_2025-12-26_output.csv
2025-12-26 00:44:52,637 | INFO | ✅ Added patterns | File: Boise, ID Seggrigation 2018_output_2025-12-26_output.csv | Folder: E:\\EmailTool-V2\Barzaan\email_creator_app\output_csv_files
2025-12-26 00:44:52,639 | INFO | 📊 Current database size: 568239 companies
2025-12-26 00:44:52,639 | INFO | 📄 Found file: E:\\EmailTool-V2\Barzaan\email_creator_app\output_csv_files\CA-ND-8Jul-For creation_missing_new_tool_missing_new_tool_output_2025-12-26_output.csv
2025-12-26 00:44:52,939 | INFO | ✅ Added patterns | File: CA-ND-8Jul-For creation_missing_new_tool_missing_new_tool_output_2025-12-26_output.csv | Folder: E:\\EmailTool-V2\Barzaan\email_creator_app\output_csv_files
2025-12-26 00:44:52,941 | INFO | 📊 Current database size: 568239 companies
2025-12-26 00:44:52,941 | INFO | 📄 Found file: E:\\EmailTool-V2\Barzaan\email_creator_app\output_csv_files\CA-ND-8Jul-For creation_missing_old_tool_output_2025-12-26_output.csv
2025-12-26 00:44:53,283 | INFO | ✅ Added patterns | File: CA-ND-8Jul-For creation_missing_old_tool_output_2025-12-26_output.csv | Folder: E:\\EmailTool-V2\Barzaan\email_creator_app\output_csv_files
2025-12-26 00:44:53,283 | INFO | 📊 Current database size: 568239 companies
2025-12-26 00:44:53,283 | INFO | 📄 Found file: E:\\EmailTool-V2\Barzaan\email_creator_app\output_csv_files\CA-ND-8Jul-For creation_new_tool_output_2025-12-26_output.csv
2025-12-26 00:44:53,601 | INFO | ✅ Added patterns | File: CA-ND-8Jul-For creation_new_tool_output_2025-12-26_output.csv | Folder: E:\\EmailTool-V2\Barzaan\email_creator_app\output_csv_files
2025-12-26 00:44:53,601 | INFO | 📊 Current database size: 568239 companies
2025-12-26 00:44:53,601 | INFO | 📄 Found file: E:\\EmailTool-V2\Barzaan\email_creator_app\output_csv_files\CA-ND-8Jul-For creation_old_tool_output_2025-12-26_output.csv
2025-12-26 00:44:53,985 | INFO | ✅ Added patterns | File: CA-ND-8Jul-For creation_old_tool_output_2025-12-26_output.csv | Folder: E:\\EmailTool-V2\Barzaan\email_creator_app\output_csv_files
2025-12-26 00:44:53,985 | INFO | 📊 Current database size: 568239 companies
2025-12-26 00:44:53,985 | INFO | 📄 Found file: E:\\EmailTool-V2\Barzaan\email_creator_app\output_csv_files\Calgary, AB-174000 (1)_2025-12-26_output.csv
2025-12-26 00:44:54,520 | INFO | ✅ Added patterns | File: Calgary, AB-174000 (1)_2025-12-26_output.csv | Folder: E:\\EmailTool-V2\Barzaan\email_creator_app\output_csv_files
2025-12-26 00:44:54,527 | INFO | 📊 Current database size: 568239 companies
2025-12-26 00:44:54,527 | INFO | 📄 Found file: E:\\EmailTool-V2\Barzaan\email_creator_app\output_csv_files\Calgary, AB-174000_2025-12-26_output.csv
2025-12-26 00:44:55,123 | INFO | ✅ Added patterns | File: Calgary, AB-174000_2025-12-26_output.csv | Folder: E:\\EmailTool-V2\Barzaan\email_creator_app\output_csv_files
2025-12-26 00:44:55,123 | INFO | 📊 Current database size: 568239 companies
2025-12-26 00:44:55,123 | INFO | 📄 Found file: E:\\EmailTool-V2\Barzaan\email_creator_app\output_csv_files\Calgary, AB-174000_new_tool_missing_new_tool_output_2025-12-26_output.csv
2025-12-26 00:44:55,510 | INFO | ✅ Added patterns | File: Calgary, AB-174000_new_tool_missing_new_tool_output_2025-12-26_output.csv | Folder: E:\\EmailTool-V2\Barzaan\email_creator_app\output_csv_files
2025-12-26 00:44:55,510 | INFO | 📊 Current database size: 568239 companies
2025-12-26 00:44:55,510 | INFO | 📄 Found file: E:\\EmailTool-V2\Barzaan\email_creator_app\output_csv_files\Canada ND-23Sep- For creation_old_tool_output_2025-12-26_output.csv
2025-12-26 00:44:56,076 | INFO | ✅ Added patterns | File: Canada ND-23Sep- For creation_old_tool_output_2025-12-26_output.csv | Folder: E:\\EmailTool-V2\Barzaan\email_creator_app\output_csv_files
2025-12-26 00:44:56,076 | INFO | 📊 Current database size: 568239 companies
2025-12-26 00:44:56,076 | INFO | 📄 Found file: E:\\EmailTool-V2\Barzaan\email_creator_app\output_csv_files\Canada-ND-06Oct- For Creation_old_tool_output_2025-12-26_output.csv
2025-12-26 00:44:56,522 | INFO | ✅ Added patterns | File: Canada-ND-06Oct- For Creation_old_tool_output_2025-12-26_output.csv | Folder: E:\\EmailTool-V2\Barzaan\email_creator_app\output_csv_files
2025-12-26 00:44:56,522 | INFO | 📊 Current database size: 568239 companies
2025-12-26 00:44:56,522 | INFO | 📄 Found file: E:\\EmailTool-V2\Barzaan\email_creator_app\output_csv_files\Canada-ND-09Sep- For creation_old_tool_output_2025-12-26_output.csv
2025-12-26 00:44:56,929 | INFO | ✅ Added patterns | File: Canada-ND-09Sep- For creation_old_tool_output_2025-12-26_output.csv | Folder: E:\\EmailTool-V2\Barzaan\email_creator_app\output_csv_files
2025-12-26 00:44:56,931 | INFO | 📊 Current database size: 568239 companies
2025-12-26 00:44:56,931 | INFO | 📄 Found file: E:\\EmailTool-V2\Barzaan\email_creator_app\output_csv_files\Canada-ND-18nov-For Creation_old_tool_output_2025-12-26_output.csv
2025-12-26 00:44:57,597 | INFO | ✅ Added patterns | File: Canada-ND-18nov-For Creation_old_tool_output_2025-12-26_output.csv | Folder: E:\\EmailTool-V2\Barzaan\email_creator_app\output_csv_files
2025-12-26 00:44:57,597 | INFO | 📊 Current database size: 568239 companies
2025-12-26 00:44:57,597 | INFO | 📄 Found file: E:\\EmailTool-V2\Barzaan\email_creator_app\output_csv_files\Canada-ND-21Aug-For Creation_missing_new_tool_output_2025-12-26_output.csv
2025-12-26 00:44:57,916 | INFO | ✅ Added patterns | File: Canada-ND-21Aug-For Creation_missing_new_tool_output_2025-12-26_output.csv | Folder: E:\\EmailTool-V2\Barzaan\email_creator_app\output_csv_files
2025-12-26 00:44:57,916 | INFO | 📊 Current database size: 568239 companies
2025-12-26 00:44:57,916 | INFO | 📄 Found file: E:\\EmailTool-V2\Barzaan\email_creator_app\output_csv_files\Canada-ND-21Aug-For Creation_old_tool_output_2025-12-26_output.csv
2025-12-26 00:44:58,250 | INFO | ✅ Added patterns | File: Canada-ND-21Aug-For Creation_old_tool_output_2025-12-26_output.csv | Folder: E:\\EmailTool-V2\Barzaan\email_creator_app\output_csv_files
2025-12-26 00:44:58,250 | INFO | 📊 Current database size: 568239 companies
2025-12-26 00:44:58,250 | INFO | 📄 Found file: E:\\EmailTool-V2\Barzaan\email_creator_app\output_csv_files\Canada-ND-28Aug-For Creation_missing_new_tool_output_2025-12-26_output.csv
2025-12-26 00:44:58,601 | INFO | ✅ Added patterns | File: Canada-ND-28Aug-For Creation_missing_new_tool_output_2025-12-26_output.csv | Folder: E:\\EmailTool-V2\Barzaan\email_creator_app\output_csv_files
2025-12-26 00:44:58,601 | INFO | 📊 Current database size: 568239 companies
2025-12-26 00:44:58,601 | INFO | 📄 Found file: E:\\EmailTool-V2\Barzaan\email_creator_app\output_csv_files\Canada-ND-28Aug-For Creation_missing_old_tool_output_2025-12-26_output.csv
2025-12-26 00:44:58,902 | INFO | ✅ Added patterns | File: Canada-ND-28Aug-For Creation_missing_old_tool_output_2025-12-26_output.csv | Folder: E:\\EmailTool-V2\Barzaan\email_creator_app\output_csv_files
2025-12-26 00:44:58,902 | INFO | 📊 Current database size: 568239 companies
2025-12-26 00:44:58,902 | INFO | 📄 Found file: E:\\EmailTool-V2\Barzaan\email_creator_app\output_csv_files\Canada-ND-28Aug-For Creation_old_tool_output_2025-12-26_output.csv
2025-12-26 00:44:59,321 | INFO | ✅ Added patterns | File: Canada-ND-28Aug-For Creation_old_tool_output_2025-12-26_output.csv | Folder: E:\\EmailTool-V2\Barzaan\email_creator_app\output_csv_files
2025-12-26 00:44:59,321 | INFO | 📊 Current database size: 568239 companies
2025-12-26 00:44:59,321 | INFO | 📄 Found file: E:\\EmailTool-V2\Barzaan\email_creator_app\output_csv_files\CANADA-ND-7-Aug- For Creation_old_tool_output_2025-12-26_output.csv
2025-12-26 00:44:59,707 | INFO | ✅ Added patterns | File: CANADA-ND-7-Aug- For Creation_old_tool_output_2025-12-26_output.csv | Folder: E:\\EmailTool-V2\Barzaan\email_creator_app\output_csv_files
2025-12-26 00:44:59,707 | INFO | 📊 Current database size: 568239 companies
2025-12-26 00:44:59,707 | INFO | 📄 Found file: E:\\EmailTool-V2\Barzaan\email_creator_app\output_csv_files\Colorado Springs, CO Seggrigation __2025-12-25_output.csv
2025-12-26 00:45:00,093 | INFO | ✅ Added patterns | File: Colorado Springs, CO Seggrigation __2025-12-25_output.csv | Folder: E:\\EmailTool-V2\Barzaan\email_creator_app\output_csv_files
2025-12-26 00:45:00,093 | INFO | 📊 Current database size: 568239 companies
2025-12-26 00:45:00,093 | INFO | 📄 Found file: E:\\EmailTool-V2\Barzaan\email_creator_app\output_csv_files\Colorado Springs, CO Seggrigation __2025-12-26_output.csv
2025-12-26 00:45:00,406 | INFO | ✅ Added patterns | File: Colorado Springs, CO Seggrigation __2025-12-26_output.csv | Folder: E:\\EmailTool-V2\Barzaan\email_creator_app\output_csv_files
2025-12-26 00:45:00,407 | INFO | 📊 Current database size: 568239 companies
2025-12-26 00:45:00,407 | INFO | 📄 Found file: E:\\EmailTool-V2\Barzaan\email_creator_app\output_csv_files\Colorado Springs, CO Seggrigation __output_2025-12-26_output.csv
2025-12-26 00:45:00,744 | INFO | ✅ Added patterns | File: Colorado Springs, CO Seggrigation __output_2025-12-26_output.csv | Folder: E:\\EmailTool-V2\Barzaan\email_creator_app\output_csv_files
2025-12-26 00:45:00,744 | INFO | 📊 Current database size: 568239 companies
2025-12-26 00:45:00,746 | INFO | 📄 Found file: E:\\EmailTool-V2\Barzaan\email_creator_app\output_csv_files\Colorado Springs, CO Seggrigation __output_Verified_2025-12-26_output.csv
2025-12-26 00:45:01,027 | INFO | ✅ Added patterns | File: Colorado Springs, CO Seggrigation __output_Verified_2025-12-26_output.csv | Folder: E:\\EmailTool-V2\Barzaan\email_creator_app\output_csv_files
2025-12-26 00:45:01,027 | INFO | 📊 Current database size: 568239 companies
2025-12-26 00:45:01,027 | INFO | 📄 Found file: E:\\EmailTool-V2\Barzaan\email_creator_app\output_csv_files\Colorado_2025-12-25_output.csv
2025-12-26 00:45:01,361 | INFO | ✅ Added patterns | File: Colorado_2025-12-25_output.csv | Folder: E:\\EmailTool-V2\Barzaan\email_creator_app\output_csv_files
2025-12-26 00:45:01,361 | INFO | 📊 Current database size: 568239 companies
2025-12-26 00:45:01,361 | INFO | 📄 Found file: E:\\EmailTool-V2\Barzaan\email_creator_app\output_csv_files\Colorado_2025-12-26_output.csv
2025-12-26 00:45:01,716 | INFO | ✅ Added patterns | File: Colorado_2025-12-26_output.csv | Folder: E:\\EmailTool-V2\Barzaan\email_creator_app\output_csv_files
2025-12-26 00:45:01,716 | INFO | 📊 Current database size: 568239 companies
2025-12-26 00:45:01,716 | INFO | 📄 Found file: E:\\EmailTool-V2\Barzaan\email_creator_app\output_csv_files\Colorado_output_2025-12-25_output.csv
2025-12-26 00:45:02,014 | INFO | ✅ Added patterns | File: Colorado_output_2025-12-25_output.csv | Folder: E:\\EmailTool-V2\Barzaan\email_creator_app\output_csv_files
2025-12-26 00:45:02,014 | INFO | 📊 Current database size: 568239 companies
2025-12-26 00:45:02,014 | INFO | 📄 Found file: E:\\EmailTool-V2\Barzaan\email_creator_app\output_csv_files\Colorado_output_2025-12-26_output.csv
2025-12-26 00:45:02,399 | INFO | ✅ Added patterns | File: Colorado_output_2025-12-26_output.csv | Folder: E:\\EmailTool-V2\Barzaan\email_creator_app\output_csv_files
2025-12-26 00:45:02,399 | INFO | 📊 Current database size: 568239 companies
2025-12-26 00:45:02,400 | INFO | 📄 Found file: E:\\EmailTool-V2\Barzaan\email_creator_app\output_csv_files\Colorado_output_output_2025-12-25_output.csv
2025-12-26 00:45:02,714 | INFO | ✅ Added patterns | File: Colorado_output_output_2025-12-25_output.csv | Folder: E:\\EmailTool-V2\Barzaan\email_creator_app\output_csv_files
2025-12-26 00:45:02,715 | INFO | 📊 Current database size: 568239 companies
2025-12-26 00:45:02,716 | INFO | 📄 Found file: E:\\EmailTool-V2\Barzaan\email_creator_app\output_csv_files\Colorado_output_output_output_2025-12-25_output.csv
2025-12-26 00:45:03,070 | INFO | ✅ Added patterns | File: Colorado_output_output_output_2025-12-25_output.csv | Folder: E:\\EmailTool-V2\Barzaan\email_creator_app\output_csv_files
2025-12-26 00:45:03,070 | INFO | 📊 Current database size: 568239 companies
2025-12-26 00:45:03,070 | INFO | 📄 Found file: E:\\EmailTool-V2\Barzaan\email_creator_app\output_csv_files\complete_2025-12-26_output.csv
2025-12-26 00:45:03,335 | INFO | ✅ Added patterns | File: complete_2025-12-26_output.csv | Folder: E:\\EmailTool-V2\Barzaan\email_creator_app\output_csv_files
2025-12-26 00:45:03,351 | INFO | 📊 Current database size: 568239 companies
2025-12-26 00:45:03,351 | INFO | 📄 Found file: E:\\EmailTool-V2\Barzaan\email_creator_app\output_csv_files\complete_output_2025-12-26_output.csv
2025-12-26 00:45:03,678 | INFO | ✅ Added patterns | File: complete_output_2025-12-26_output.csv | Folder: E:\\EmailTool-V2\Barzaan\email_creator_app\output_csv_files
2025-12-26 00:45:03,678 | INFO | 📊 Current database size: 568239 companies
2025-12-26 00:45:03,678 | INFO | 📄 Found file: E:\\EmailTool-V2\Barzaan\email_creator_app\output_csv_files\EW-City-ND-24Ma_3apr_generated_emails_output_2025-12-26_output.csv
2025-12-26 00:45:03,937 | INFO | ✅ Added patterns | File: EW-City-ND-24Ma_3apr_generated_emails_output_2025-12-26_output.csv | Folder: E:\\EmailTool-V2\Barzaan\email_creator_app\output_csv_files
2025-12-26 00:45:03,937 | INFO | 📊 Current database size: 568239 companies
2025-12-26 00:45:03,937 | INFO | 📄 Found file: E:\\EmailTool-V2\Barzaan\email_creator_app\output_csv_files\EW-City-ND-24Ma_Missing_file2025-03-24 16-38-22_1april_2025-12-26_output.csv
2025-12-26 00:45:04,291 | INFO | ✅ Added patterns | File: EW-City-ND-24Ma_Missing_file2025-03-24 16-38-22_1april_2025-12-26_output.csv | Folder: E:\\EmailTool-V2\Barzaan\email_creator_app\output_csv_files
2025-12-26 00:45:04,291 | INFO | 📊 Current database size: 568239 companies
2025-12-26 00:45:04,291 | INFO | 📄 Found file: E:\\EmailTool-V2\Barzaan\email_creator_app\output_csv_files\EW-City-ND-24Ma_Missing_file2025-03-24 16-38-22_new_tool_output_2025-12-26_output.csv
2025-12-26 00:45:04,607 | INFO | ✅ Added patterns | File: EW-City-ND-24Ma_Missing_file2025-03-24 16-38-22_new_tool_output_2025-12-26_output.csv | Folder: E:\\EmailTool-V2\Barzaan\email_creator_app\output_csv_files
2025-12-26 00:45:04,608 | INFO | 📊 Current database size: 568239 companies
2025-12-26 00:45:04,609 | INFO | 📄 Found file: E:\\EmailTool-V2\Barzaan\email_creator_app\output_csv_files\EW-City-ND-24Ma_Missing_file2025-03-24 16-38-22_output_2025-12-26_output.csv
2025-12-26 00:45:04,972 | INFO | ✅ Added patterns | File: EW-City-ND-24Ma_Missing_file2025-03-24 16-38-22_output_2025-12-26_output.csv | Folder: E:\\EmailTool-V2\Barzaan\email_creator_app\output_csv_files
2025-12-26 00:45:04,974 | INFO | 📊 Current database size: 568239 companies
2025-12-26 00:45:04,974 | INFO | 📄 Found file: E:\\EmailTool-V2\Barzaan\email_creator_app\output_csv_files\EW-City-ND_missing_file_5April_generated_emails_output_2025-12-26_output.csv
2025-12-26 00:45:05,325 | INFO | ✅ Added patterns | File: EW-City-ND_missing_file_5April_generated_emails_output_2025-12-26_output.csv | Folder: E:\\EmailTool-V2\Barzaan\email_creator_app\output_csv_files
2025-12-26 00:45:05,338 | INFO | 📊 Current database size: 568239 companies
2025-12-26 00:45:05,338 | INFO | 📄 Found file: E:\\EmailTool-V2\Barzaan\email_creator_app\output_csv_files\EW-City-ND_missing_file_5April_output_2025-12-26_output.csv
2025-12-26 00:45:05,609 | INFO | ✅ Added patterns | File: EW-City-ND_missing_file_5April_output_2025-12-26_output.csv | Folder: E:\\EmailTool-V2\Barzaan\email_creator_app\output_csv_files
2025-12-26 00:45:05,609 | INFO | 📊 Current database size: 568239 companies
2025-12-26 00:45:05,609 | INFO | 📄 Found file: E:\\EmailTool-V2\Barzaan\email_creator_app\output_csv_files\EW-City-ND_missing_file_5Apr_new_tool_output_2025-12-25_output.csv
2025-12-26 00:45:05,965 | INFO | ✅ Added patterns | File: EW-City-ND_missing_file_5Apr_new_tool_output_2025-12-25_output.csv | Folder: E:\\EmailTool-V2\Barzaan\email_creator_app\output_csv_files
2025-12-26 00:45:05,965 | INFO | 📊 Current database size: 568239 companies
2025-12-26 00:45:05,965 | INFO | 📄 Found file: E:\\EmailTool-V2\Barzaan\email_creator_app\output_csv_files\EW-City-ND_missing_file_5Apr_new_tool_output_2025-12-26_output.csv
2025-12-26 00:45:06,278 | INFO | ✅ Added patterns | File: EW-City-ND_missing_file_5Apr_new_tool_output_2025-12-26_output.csv | Folder: E:\\EmailTool-V2\Barzaan\email_creator_app\output_csv_files
2025-12-26 00:45:06,278 | INFO | 📊 Current database size: 568239 companies
2025-12-26 00:45:06,278 | INFO | 📄 Found file: E:\\EmailTool-V2\Barzaan\email_creator_app\output_csv_files\EW-ND-16Jun-For creation_July 3, 2025_new_tool_missing_new_tool_missing_new_tool_output_2025-12-26_output.csv
2025-12-26 00:45:06,596 | INFO | ✅ Added patterns | File: EW-ND-16Jun-For creation_July 3, 2025_new_tool_missing_new_tool_missing_new_tool_output_2025-12-26_output.csv | Folder: E:\\EmailTool-V2\Barzaan\email_creator_app\output_csv_files
2025-12-26 00:45:06,596 | INFO | 📊 Current database size: 568239 companies
2025-12-26 00:45:06,596 | INFO | 📄 Found file: E:\\EmailTool-V2\Barzaan\email_creator_app\output_csv_files\EW-ND-16Jun-For creation_June 30, 2025_new_tool_missing_new_tool_output_2025-12-26_output.csv
2025-12-26 00:45:06,884 | INFO | ✅ Added patterns | File: EW-ND-16Jun-For creation_June 30, 2025_new_tool_missing_new_tool_output_2025-12-26_output.csv | Folder: E:\\EmailTool-V2\Barzaan\email_creator_app\output_csv_files
2025-12-26 00:45:06,884 | INFO | 📊 Current database size: 568239 companies
2025-12-26 00:45:06,884 | INFO | 📄 Found file: E:\\EmailTool-V2\Barzaan\email_creator_app\output_csv_files\EW-ND-16Jun-For creation_missing_new_tool_missing_new_tool_missing_new_tool_missing_new_tool_output_2025-12-26_output.csv
2025-12-26 00:45:07,217 | INFO | ✅ Added patterns | File: EW-ND-16Jun-For creation_missing_new_tool_missing_new_tool_missing_new_tool_missing_new_tool_output_2025-12-26_output.csv | Folder: E:\\EmailTool-V2\Barzaan\email_creator_app\output_csv_files
2025-12-26 00:45:07,217 | INFO | 📊 Current database size: 568239 companies
2025-12-26 00:45:07,217 | INFO | 📄 Found file: E:\\EmailTool-V2\Barzaan\email_creator_app\output_csv_files\EW-ND-16Jun-For creation_missing_new_tool_missing_new_tool_missing_new_tool_output_2025-12-26_output.csv
2025-12-26 00:45:07,483 | INFO | ✅ Added patterns | File: EW-ND-16Jun-For creation_missing_new_tool_missing_new_tool_missing_new_tool_output_2025-12-26_output.csv | Folder: E:\\EmailTool-V2\Barzaan\email_creator_app\output_csv_files
2025-12-26 00:45:07,483 | INFO | 📊 Current database size: 568239 companies
2025-12-26 00:45:07,498 | INFO | 📄 Found file: E:\\EmailTool-V2\Barzaan\email_creator_app\output_csv_files\EW-ND-16Jun-For creation_missing_new_tool_missing_new_tool_output_2025-12-26_output.csv
2025-12-26 00:45:07,817 | INFO | ✅ Added patterns | File: EW-ND-16Jun-For creation_missing_new_tool_missing_new_tool_output_2025-12-26_output.csv | Folder: E:\\EmailTool-V2\Barzaan\email_creator_app\output_csv_files
2025-12-26 00:45:07,817 | INFO | 📊 Current database size: 568239 companies
2025-12-26 00:45:07,817 | INFO | 📄 Found file: E:\\EmailTool-V2\Barzaan\email_creator_app\output_csv_files\EW-ND-16Jun-For creation_missing_new_tool_output_2025-12-26_output.csv
2025-12-26 00:45:08,118 | INFO | ✅ Added patterns | File: EW-ND-16Jun-For creation_missing_new_tool_output_2025-12-26_output.csv | Folder: E:\\EmailTool-V2\Barzaan\email_creator_app\output_csv_files
2025-12-26 00:45:08,118 | INFO | 📊 Current database size: 568239 companies
2025-12-26 00:45:08,118 | INFO | 📄 Found file: E:\\EmailTool-V2\Barzaan\email_creator_app\output_csv_files\EW-ND-16Jun-For creation_missing_old_tool_output_2025-12-26_output.csv
2025-12-26 00:45:08,512 | INFO | ✅ Added patterns | File: EW-ND-16Jun-For creation_missing_old_tool_output_2025-12-26_output.csv | Folder: E:\\EmailTool-V2\Barzaan\email_creator_app\output_csv_files
2025-12-26 00:45:08,512 | INFO | 📊 Current database size: 568239 companies
2025-12-26 00:45:08,512 | INFO | 📄 Found file: E:\\EmailTool-V2\Barzaan\email_creator_app\output_csv_files\EW-ND-16Jun-For creation_old_tool_output_2025-12-26_output.csv
2025-12-26 00:45:09,306 | INFO | ✅ Added patterns | File: EW-ND-16Jun-For creation_old_tool_output_2025-12-26_output.csv | Folder: E:\\EmailTool-V2\Barzaan\email_creator_app\output_csv_files
2025-12-26 00:45:09,306 | INFO | 📊 Current database size: 568239 companies
2025-12-26 00:45:09,306 | INFO | 📄 Found file: E:\\EmailTool-V2\Barzaan\email_creator_app\output_csv_files\EW-ND-28Apr-For_Missing_file2025-04-28 12-25-26_new_tool_output_2025-12-26_output.csv
2025-12-26 00:45:09,657 | INFO | ✅ Added patterns | File: EW-ND-28Apr-For_Missing_file2025-04-28 12-25-26_new_tool_output_2025-12-26_output.csv | Folder: E:\\EmailTool-V2\Barzaan\email_creator_app\output_csv_files
2025-12-26 00:45:09,657 | INFO | 📊 Current database size: 568239 companies
2025-12-26 00:45:09,657 | INFO | 📄 Found file: E:\\EmailTool-V2\Barzaan\email_creator_app\output_csv_files\EW-ND-30Jun-For creation_missing_new_tool_output_2025-12-26_output.csv
2025-12-26 00:45:09,959 | INFO | ✅ Added patterns | File: EW-ND-30Jun-For creation_missing_new_tool_output_2025-12-26_output.csv | Folder: E:\\EmailTool-V2\Barzaan\email_creator_app\output_csv_files
2025-12-26 00:45:09,959 | INFO | 📊 Current database size: 568239 companies
2025-12-26 00:45:09,959 | INFO | 📄 Found file: E:\\EmailTool-V2\Barzaan\email_creator_app\output_csv_files\EW-ND-30Jun-For creation_old_tool_output_2025-12-26_output.csv
2025-12-26 00:45:10,677 | INFO | ✅ Added patterns | File: EW-ND-30Jun-For creation_old_tool_output_2025-12-26_output.csv | Folder: E:\\EmailTool-V2\Barzaan\email_creator_app\output_csv_files
2025-12-26 00:45:10,679 | INFO | 📊 Current database size: 568239 companies
2025-12-26 00:45:10,679 | INFO | 📄 Found file: E:\\EmailTool-V2\Barzaan\email_creator_app\output_csv_files\EW-ND-PM-7Apr-For creation_new_tool_output - Copy_2025-12-25_output.csv
2025-12-26 00:45:11,095 | INFO | ✅ Added patterns | File: EW-ND-PM-7Apr-For creation_new_tool_output - Copy_2025-12-25_output.csv | Folder: E:\\EmailTool-V2\Barzaan\email_creator_app\output_csv_files
2025-12-26 00:45:11,095 | INFO | 📊 Current database size: 568239 companies
2025-12-26 00:45:11,095 | INFO | 📄 Found file: E:\\EmailTool-V2\Barzaan\email_creator_app\output_csv_files\EW-ND-PM-7Apr-For creation_new_tool_output_2025-12-26_output.csv
2025-12-26 00:45:11,564 | INFO | ✅ Added patterns | File: EW-ND-PM-7Apr-For creation_new_tool_output_2025-12-26_output.csv | Folder: E:\\EmailTool-V2\Barzaan\email_creator_app\output_csv_files
2025-12-26 00:45:11,564 | INFO | 📊 Current database size: 568239 companies
2025-12-26 00:45:11,564 | INFO | 📄 Found file: E:\\EmailTool-V2\Barzaan\email_creator_app\output_csv_files\EW-ND-PM-7Apr-For creation_oldtool_output_2025-12-26_output.csv
2025-12-26 00:45:12,204 | INFO | ✅ Added patterns | File: EW-ND-PM-7Apr-For creation_oldtool_output_2025-12-26_output.csv | Folder: E:\\EmailTool-V2\Barzaan\email_creator_app\output_csv_files
2025-12-26 00:45:12,204 | INFO | 📊 Current database size: 568239 companies
2025-12-26 00:45:12,204 | INFO | 📄 Found file: E:\\EmailTool-V2\Barzaan\email_creator_app\output_csv_files\EW-NDPM-13May-For creation_old_tool_output_2025-12-26_output.csv
2025-12-26 00:45:12,719 | INFO | ✅ Added patterns | File: EW-NDPM-13May-For creation_old_tool_output_2025-12-26_output.csv | Folder: E:\\EmailTool-V2\Barzaan\email_creator_app\output_csv_files
2025-12-26 00:45:12,719 | INFO | 📊 Current database size: 568239 companies
2025-12-26 00:45:12,719 | INFO | 📄 Found file: E:\\EmailTool-V2\Barzaan\email_creator_app\output_csv_files\EW-NDPM-13May_new_tool_output_2025-12-26_output.csv
2025-12-26 00:45:13,035 | INFO | ✅ Added patterns | File: EW-NDPM-13May_new_tool_output_2025-12-26_output.csv | Folder: E:\\EmailTool-V2\Barzaan\email_creator_app\output_csv_files
2025-12-26 00:45:13,035 | INFO | 📊 Current database size: 568239 companies
2025-12-26 00:45:13,035 | INFO | 📄 Found file: E:\\EmailTool-V2\Barzaan\email_creator_app\output_csv_files\EW-NDPM-29May-For creation_missing_new_tool_output_2025-12-26_output.csv
2025-12-26 00:45:13,403 | INFO | ✅ Added patterns | File: EW-NDPM-29May-For creation_missing_new_tool_output_2025-12-26_output.csv | Folder: E:\\EmailTool-V2\Barzaan\email_creator_app\output_csv_files
2025-12-26 00:45:13,403 | INFO | 📊 Current database size: 568239 companies
2025-12-26 00:45:13,403 | INFO | 📄 Found file: E:\\EmailTool-V2\Barzaan\email_creator_app\output_csv_files\EW-NDPM-29May-For creation_old_tool_output_2025-12-25_output.csv
2025-12-26 00:45:14,019 | INFO | ✅ Added patterns | File: EW-NDPM-29May-For creation_old_tool_output_2025-12-25_output.csv | Folder: E:\\EmailTool-V2\Barzaan\email_creator_app\output_csv_files
2025-12-26 00:45:14,021 | INFO | 📊 Current database size: 568239 companies
2025-12-26 00:45:14,022 | INFO | 📄 Found file: E:\\EmailTool-V2\Barzaan\email_creator_app\output_csv_files\EW-NDPM-29May-For creation_old_tool_output_2025-12-26_output.csv
2025-12-26 00:45:14,591 | INFO | ✅ Added patterns | File: EW-NDPM-29May-For creation_old_tool_output_2025-12-26_output.csv | Folder: E:\\EmailTool-V2\Barzaan\email_creator_app\output_csv_files
2025-12-26 00:45:14,591 | INFO | 📊 Current database size: 568239 companies
2025-12-26 00:45:14,591 | INFO | 📄 Found file: E:\\EmailTool-V2\Barzaan\email_creator_app\output_csv_files\EW-NDPM-6May-For Creation_missing_old_tool_output_2025-12-26_output.csv
2025-12-26 00:45:14,912 | INFO | ✅ Added patterns | File: EW-NDPM-6May-For Creation_missing_old_tool_output_2025-12-26_output.csv | Folder: E:\\EmailTool-V2\Barzaan\email_creator_app\output_csv_files
2025-12-26 00:45:14,912 | INFO | 📊 Current database size: 568239 companies
2025-12-26 00:45:14,912 | INFO | 📄 Found file: E:\\EmailTool-V2\Barzaan\email_creator_app\output_csv_files\EW-NDPM-6May-For Creation_new_tool_output_2025-12-26_output.csv
2025-12-26 00:45:15,292 | INFO | ✅ Added patterns | File: EW-NDPM-6May-For Creation_new_tool_output_2025-12-26_output.csv | Folder: E:\\EmailTool-V2\Barzaan\email_creator_app\output_csv_files
2025-12-26 00:45:15,292 | INFO | 📊 Current database size: 568239 companies
2025-12-26 00:45:15,292 | INFO | 📄 Found file: E:\\EmailTool-V2\Barzaan\email_creator_app\output_csv_files\EW-NDPM-6May-For Creation_old_tool_output_2025-12-26_output.csv
2025-12-26 00:45:15,732 | INFO | ✅ Added patterns | File: EW-NDPM-6May-For Creation_old_tool_output_2025-12-26_output.csv | Folder: E:\\EmailTool-V2\Barzaan\email_creator_app\output_csv_files
2025-12-26 00:45:15,732 | INFO | 📊 Current database size: 568239 companies
2025-12-26 00:45:15,732 | INFO | 📄 Found file: E:\\EmailTool-V2\Barzaan\email_creator_app\output_csv_files\EW-NDPM_12june_missing_new_tool_output_2025-12-26_output.csv
2025-12-26 00:45:16,065 | INFO | ✅ Added patterns | File: EW-NDPM_12june_missing_new_tool_output_2025-12-26_output.csv | Folder: E:\\EmailTool-V2\Barzaan\email_creator_app\output_csv_files
2025-12-26 00:45:16,067 | INFO | 📊 Current database size: 568239 companies
2025-12-26 00:45:16,067 | INFO | 📄 Found file: E:\\EmailTool-V2\Barzaan\email_creator_app\output_csv_files\EW_NDPM_29July_new_tool_output_2025-12-26_output.csv
2025-12-26 00:45:16,402 | INFO | ✅ Added patterns | File: EW_NDPM_29July_new_tool_output_2025-12-26_output.csv | Folder: E:\\EmailTool-V2\Barzaan\email_creator_app\output_csv_files
2025-12-26 00:45:16,402 | INFO | 📊 Current database size: 568239 companies
2025-12-26 00:45:16,402 | INFO | 📄 Found file: E:\\EmailTool-V2\Barzaan\email_creator_app\output_csv_files\Formatted_file__Missing_13june_new_tool_output_2025-12-26_output.csv
2025-12-26 00:45:16,782 | INFO | ✅ Added patterns | File: Formatted_file__Missing_13june_new_tool_output_2025-12-26_output.csv | Folder: E:\\EmailTool-V2\Barzaan\email_creator_app\output_csv_files
2025-12-26 00:45:16,782 | INFO | 📊 Current database size: 568239 companies
2025-12-26 00:45:16,782 | INFO | 📄 Found file: E:\\EmailTool-V2\Barzaan\email_creator_app\output_csv_files\Fresno, CA-10000 - Copy_2025-12-25_output.csv
2025-12-26 00:45:17,135 | INFO | ✅ Added patterns | File: Fresno, CA-10000 - Copy_2025-12-25_output.csv | Folder: E:\\EmailTool-V2\Barzaan\email_creator_app\output_csv_files
2025-12-26 00:45:17,136 | INFO | 📊 Current database size: 568239 companies
2025-12-26 00:45:17,136 | INFO | 📄 Found file: E:\\EmailTool-V2\Barzaan\email_creator_app\output_csv_files\Fresno, CA-10000 - Copy_2025-12-26_output.csv
2025-12-26 00:45:17,488 | INFO | ✅ Added patterns | File: Fresno, CA-10000 - Copy_2025-12-26_output.csv | Folder: E:\\EmailTool-V2\Barzaan\email_creator_app\output_csv_files
2025-12-26 00:45:17,488 | INFO | 📊 Current database size: 568239 companies
2025-12-26 00:45:17,488 | INFO | 📄 Found file: E:\\EmailTool-V2\Barzaan\email_creator_app\output_csv_files\Fresno, CA-10000 - Copy_output_2025-12-26_output.csv
2025-12-26 00:45:17,785 | INFO | ✅ Added patterns | File: Fresno, CA-10000 - Copy_output_2025-12-26_output.csv | Folder: E:\\EmailTool-V2\Barzaan\email_creator_app\output_csv_files
2025-12-26 00:45:17,785 | INFO | 📊 Current database size: 568239 companies
2025-12-26 00:45:17,785 | INFO | 📄 Found file: E:\\EmailTool-V2\Barzaan\email_creator_app\output_csv_files\Fresno, CA-10000_2025-12-25_output.csv
2025-12-26 00:45:18,205 | INFO | ✅ Added patterns | File: Fresno, CA-10000_2025-12-25_output.csv | Folder: E:\\EmailTool-V2\Barzaan\email_creator_app\output_csv_files
2025-12-26 00:45:18,205 | INFO | 📊 Current database size: 568239 companies
2025-12-26 00:45:18,205 | INFO | 📄 Found file: E:\\EmailTool-V2\Barzaan\email_creator_app\output_csv_files\Fresno, CA-10000_2025-12-26_output.csv
2025-12-26 00:45:18,505 | INFO | ✅ Added patterns | File: Fresno, CA-10000_2025-12-26_output.csv | Folder: E:\\EmailTool-V2\Barzaan\email_creator_app\output_csv_files
2025-12-26 00:45:18,505 | INFO | 📊 Current database size: 568239 companies
2025-12-26 00:45:18,505 | INFO | 📄 Found file: E:\\EmailTool-V2\Barzaan\email_creator_app\output_csv_files\Fresno, CA-10000_new_tool_output_2025-12-26_output.csv
2025-12-26 00:45:18,856 | INFO | ✅ Added patterns | File: Fresno, CA-10000_new_tool_output_2025-12-26_output.csv | Folder: E:\\EmailTool-V2\Barzaan\email_creator_app\output_csv_files
2025-12-26 00:45:18,856 | INFO | 📊 Current database size: 568239 companies
2025-12-26 00:45:18,856 | INFO | 📄 Found file: E:\\EmailTool-V2\Barzaan\email_creator_app\output_csv_files\Fresno, CA-10000_output_2025-12-26_output.csv
2025-12-26 00:45:19,176 | INFO | ✅ Added patterns | File: Fresno, CA-10000_output_2025-12-26_output.csv | Folder: E:\\EmailTool-V2\Barzaan\email_creator_app\output_csv_files
2025-12-26 00:45:19,176 | INFO | 📊 Current database size: 568239 companies
2025-12-26 00:45:19,176 | INFO | 📄 Found file: E:\\EmailTool-V2\Barzaan\email_creator_app\output_csv_files\Fresno, CA-test_new_tool_output_2025-12-26_output.csv
2025-12-26 00:45:19,491 | INFO | ✅ Added patterns | File: Fresno, CA-test_new_tool_output_2025-12-26_output.csv | Folder: E:\\EmailTool-V2\Barzaan\email_creator_app\output_csv_files
2025-12-26 00:45:19,491 | INFO | 📊 Current database size: 568239 companies
2025-12-26 00:45:19,491 | INFO | 📄 Found file: E:\\EmailTool-V2\Barzaan\email_creator_app\output_csv_files\Fresno, CA-test_output_2025-12-26_output.csv
2025-12-26 00:45:19,776 | INFO | ✅ Added patterns | File: Fresno, CA-test_output_2025-12-26_output.csv | Folder: E:\\EmailTool-V2\Barzaan\email_creator_app\output_csv_files
2025-12-26 00:45:19,777 | INFO | 📊 Current database size: 568239 companies
2025-12-26 00:45:19,777 | INFO | 📄 Found file: E:\\EmailTool-V2\Barzaan\email_creator_app\output_csv_files\May Formatted File1_old_tool_output_2025-12-26_output.csv
2025-12-26 00:45:20,469 | INFO | ✅ Added patterns | File: May Formatted File1_old_tool_output_2025-12-26_output.csv | Folder: E:\\EmailTool-V2\Barzaan\email_creator_app\output_csv_files
2025-12-26 00:45:20,469 | INFO | 📊 Current database size: 568239 companies
2025-12-26 00:45:20,469 | INFO | 📄 Found file: E:\\EmailTool-V2\Barzaan\email_creator_app\output_csv_files\Missin Canada file_new_tool_output_2025-12-26_output.csv
2025-12-26 00:45:20,729 | INFO | ✅ Added patterns | File: Missin Canada file_new_tool_output_2025-12-26_output.csv | Folder: E:\\EmailTool-V2\Barzaan\email_creator_app\output_csv_files
2025-12-26 00:45:20,729 | INFO | 📊 Current database size: 568239 companies
2025-12-26 00:45:20,729 | INFO | 📄 Found file: E:\\EmailTool-V2\Barzaan\email_creator_app\output_csv_files\new_old_tool_output_2025-12-26_output.csv
2025-12-26 00:45:21,901 | INFO | ✅ Added patterns | File: new_old_tool_output_2025-12-26_output.csv | Folder: E:\\EmailTool-V2\Barzaan\email_creator_app\output_csv_files
2025-12-26 00:45:21,902 | INFO | 📊 Current database size: 568239 companies
2025-12-26 00:45:21,903 | INFO | 📄 Found file: E:\\EmailTool-V2\Barzaan\email_creator_app\output_csv_files\open icert 3.78L_2025-12-25_output.csv
2025-12-26 00:45:22,903 | INFO | ✅ Added patterns | File: open icert 3.78L_2025-12-25_output.csv | Folder: E:\\EmailTool-V2\Barzaan\email_creator_app\output_csv_files
2025-12-26 00:45:22,903 | INFO | 📊 Current database size: 568239 companies
2025-12-26 00:45:22,903 | INFO | 📄 Found file: E:\\EmailTool-V2\Barzaan\email_creator_app\output_csv_files\open icert 3.78L_2025-12-26_output.csv
2025-12-26 00:45:23,957 | INFO | ✅ Added patterns | File: open icert 3.78L_2025-12-26_output.csv | Folder: E:\\EmailTool-V2\Barzaan\email_creator_app\output_csv_files
2025-12-26 00:45:23,973 | INFO | 📊 Current database size: 568239 companies
2025-12-26 00:45:23,974 | INFO | 📄 Found file: E:\\EmailTool-V2\Barzaan\email_creator_app\output_csv_files\UK-ND-15Jul-For creation_old_tool_output_2025-12-26_output.csv
2025-12-26 00:45:24,290 | INFO | ✅ Added patterns | File: UK-ND-15Jul-For creation_old_tool_output_2025-12-26_output.csv | Folder: E:\\EmailTool-V2\Barzaan\email_creator_app\output_csv_files
2025-12-26 00:45:24,292 | INFO | 📊 Current database size: 568239 companies
2025-12-26 00:45:24,292 | INFO | 📄 Found file: E:\\EmailTool-V2\Barzaan\email_creator_app\output_csv_files\UK-ND-28Aug-For Creation_old_tool_output_2025-12-26_output.csv
2025-12-26 00:45:24,609 | INFO | ✅ Added patterns | File: UK-ND-28Aug-For Creation_old_tool_output_2025-12-26_output.csv | Folder: E:\\EmailTool-V2\Barzaan\email_creator_app\output_csv_files
2025-12-26 00:45:24,609 | INFO | 📊 Current database size: 568239 companies
2025-12-26 00:45:24,609 | INFO | 📄 Found file: E:\\EmailTool-V2\Barzaan\email_creator_app\output_csv_files\UK-ND-7Aug- FOr creation_old_tool_output_2025-12-26_output.csv
2025-12-26 00:45:24,994 | INFO | ✅ Added patterns | File: UK-ND-7Aug- FOr creation_old_tool_output_2025-12-26_output.csv | Folder: E:\\EmailTool-V2\Barzaan\email_creator_app\output_csv_files
2025-12-26 00:45:24,994 | INFO | 📊 Current database size: 568239 companies
2025-12-26 00:45:24,994 | INFO | 📄 Found file: E:\\EmailTool-V2\Barzaan\email_creator_app\output_csv_files\US-ND-01Dec- For creation_old_tool_output_2025-12-26_output.csv
2025-12-26 00:45:25,824 | INFO | ✅ Added patterns | File: US-ND-01Dec- For creation_old_tool_output_2025-12-26_output.csv | Folder: E:\\EmailTool-V2\Barzaan\email_creator_app\output_csv_files
2025-12-26 00:45:25,824 | INFO | 📊 Current database size: 568239 companies
2025-12-26 00:45:25,824 | INFO | 📄 Found file: E:\\EmailTool-V2\Barzaan\email_creator_app\output_csv_files\US-ND-18NOV-For creation_old_tool_output_2025-12-26_output.csv
2025-12-26 00:45:26,892 | INFO | ✅ Added patterns | File: US-ND-18NOV-For creation_old_tool_output_2025-12-26_output.csv | Folder: E:\\EmailTool-V2\Barzaan\email_creator_app\output_csv_files
2025-12-26 00:45:26,894 | INFO | 📊 Current database size: 568239 companies
2025-12-26 00:45:26,894 | INFO | 📄 Found file: E:\\EmailTool-V2\Barzaan\email_creator_app\output_csv_files\US-ND-19Aug-For Creation_missing_new_tool_output_2025-12-26_output.csv
2025-12-26 00:45:27,185 | INFO | ✅ Added patterns | File: US-ND-19Aug-For Creation_missing_new_tool_output_2025-12-26_output.csv | Folder: E:\\EmailTool-V2\Barzaan\email_creator_app\output_csv_files
2025-12-26 00:45:27,185 | INFO | 📊 Current database size: 568239 companies
2025-12-26 00:45:27,185 | INFO | 📄 Found file: E:\\EmailTool-V2\Barzaan\email_creator_app\output_csv_files\US-ND-19Aug-For Creation_missing_old_tool_output_2025-12-26_output.csv
2025-12-26 00:45:27,503 | INFO | ✅ Added patterns | File: US-ND-19Aug-For Creation_missing_old_tool_output_2025-12-26_output.csv | Folder: E:\\EmailTool-V2\Barzaan\email_creator_app\output_csv_files
2025-12-26 00:45:27,503 | INFO | 📊 Current database size: 568239 companies
2025-12-26 00:45:27,503 | INFO | 📄 Found file: E:\\EmailTool-V2\Barzaan\email_creator_app\output_csv_files\US-ND-19Aug-For Creation_old_tool_output_2025-12-26_output.csv
2025-12-26 00:45:28,038 | INFO | ✅ Added patterns | File: US-ND-19Aug-For Creation_old_tool_output_2025-12-26_output.csv | Folder: E:\\EmailTool-V2\Barzaan\email_creator_app\output_csv_files
2025-12-26 00:45:28,038 | INFO | 📊 Current database size: 568239 companies
2025-12-26 00:45:28,038 | INFO | 📄 Found file: E:\\EmailTool-V2\Barzaan\email_creator_app\output_csv_files\US-ND-21Jul-For creation_missing_new_tool_output_2025-12-26_output.csv
2025-12-26 00:45:28,373 | INFO | ✅ Added patterns | File: US-ND-21Jul-For creation_missing_new_tool_output_2025-12-26_output.csv | Folder: E:\\EmailTool-V2\Barzaan\email_creator_app\output_csv_files
2025-12-26 00:45:28,373 | INFO | 📊 Current database size: 568239 companies
2025-12-26 00:45:28,373 | INFO | 📄 Found file: E:\\EmailTool-V2\Barzaan\email_creator_app\output_csv_files\US-ND-21Jul-For creation_old_tool_output_2025-12-26_output.csv
2025-12-26 00:45:29,025 | INFO | ✅ Added patterns | File: US-ND-21Jul-For creation_old_tool_output_2025-12-26_output.csv | Folder: E:\\EmailTool-V2\Barzaan\email_creator_app\output_csv_files
2025-12-26 00:45:29,025 | INFO | 📊 Current database size: 568239 companies
2025-12-26 00:45:29,025 | INFO | 📄 Found file: E:\\EmailTool-V2\Barzaan\email_creator_app\output_csv_files\US-ND-23Sep- For Creation_old_tool_output_2025-12-26_output.csv
2025-12-26 00:45:29,823 | INFO | ✅ Added patterns | File: US-ND-23Sep- For Creation_old_tool_output_2025-12-26_output.csv | Folder: E:\\EmailTool-V2\Barzaan\email_creator_app\output_csv_files
2025-12-26 00:45:29,823 | INFO | 📊 Current database size: 568239 companies
2025-12-26 00:45:29,823 | INFO | 📄 Found file: E:\\EmailTool-V2\Barzaan\email_creator_app\output_csv_files\US-ND-8Aug-For Creation_missing_new_tool_output_2025-12-26_output.csv
2025-12-26 00:45:30,145 | INFO | ✅ Added patterns | File: US-ND-8Aug-For Creation_missing_new_tool_output_2025-12-26_output.csv | Folder: E:\\EmailTool-V2\Barzaan\email_creator_app\output_csv_files
2025-12-26 00:45:30,145 | INFO | 📊 Current database size: 568239 companies
2025-12-26 00:45:30,145 | INFO | 📄 Found file: E:\\EmailTool-V2\Barzaan\email_creator_app\output_csv_files\US-ND-8Aug-For Creation_missing_old_tool_output_2025-12-26_output.csv
2025-12-26 00:45:30,516 | INFO | ✅ Added patterns | File: US-ND-8Aug-For Creation_missing_old_tool_output_2025-12-26_output.csv | Folder: E:\\EmailTool-V2\Barzaan\email_creator_app\output_csv_files
2025-12-26 00:45:30,516 | INFO | 📊 Current database size: 568239 companies
2025-12-26 00:45:30,516 | INFO | 📄 Found file: E:\\EmailTool-V2\Barzaan\email_creator_app\output_csv_files\US-ND-8Aug-For Creation_old_tool_output_2025-12-26_output.csv
2025-12-26 00:45:31,011 | INFO | ✅ Added patterns | File: US-ND-8Aug-For Creation_old_tool_output_2025-12-26_output.csv | Folder: E:\\EmailTool-V2\Barzaan\email_creator_app\output_csv_files
2025-12-26 00:45:31,012 | INFO | 📊 Current database size: 568239 companies
2025-12-26 00:45:31,012 | INFO | 📄 Found file: E:\\EmailTool-V2\Barzaan\email_creator_app\output_csv_files\USA-ND-06Oct- For Creation_old_tool_output_2025-12-26_output.csv
2025-12-26 00:45:31,651 | INFO | ✅ Added patterns | File: USA-ND-06Oct- For Creation_old_tool_output_2025-12-26_output.csv | Folder: E:\\EmailTool-V2\Barzaan\email_creator_app\output_csv_files
2025-12-26 00:45:31,651 | INFO | 📊 Current database size: 568239 companies
2025-12-26 00:45:31,666 | INFO | 📄 Found file: E:\\EmailTool-V2\Barzaan\email_creator_app\output_csv_files\USA-ND-28Aug-For Creation_missing_new_tool_output_2025-12-26_output.csv
2025-12-26 00:45:31,935 | INFO | ✅ Added patterns | File: USA-ND-28Aug-For Creation_missing_new_tool_output_2025-12-26_output.csv | Folder: E:\\EmailTool-V2\Barzaan\email_creator_app\output_csv_files
2025-12-26 00:45:31,935 | INFO | 📊 Current database size: 568239 companies
2025-12-26 00:45:31,935 | INFO | 📄 Found file: E:\\EmailTool-V2\Barzaan\email_creator_app\output_csv_files\USA-ND-28Aug-For Creation_old_tool_output_2025-12-26_output.csv
2025-12-26 00:45:32,476 | INFO | ✅ Added patterns | File: USA-ND-28Aug-For Creation_old_tool_output_2025-12-26_output.csv | Folder: E:\\EmailTool-V2\Barzaan\email_creator_app\output_csv_files
2025-12-26 00:45:32,478 | INFO | 📊 Current database size: 568239 companies
2025-12-26 00:45:32,478 | INFO | 📄 Found file: E:\\EmailTool-V2\Barzaan\email_creator_app\output_csv_files\USA-ND-29Jul-For Creation_old_tool_output_2025-12-26_output.csv
2025-12-26 00:45:32,972 | INFO | ✅ Added patterns | File: USA-ND-29Jul-For Creation_old_tool_output_2025-12-26_output.csv | Folder: E:\\EmailTool-V2\Barzaan\email_creator_app\output_csv_files
2025-12-26 00:45:32,972 | INFO | 📊 Current database size: 568239 companies
2025-12-26 00:45:32,972 | INFO | 📄 Found file: E:\\EmailTool-V2\Barzaan\email_creator_app\output_csv_files\USA-ND-9Sep- For creation_old_tool_output_2025-12-26_output.csv
2025-12-26 00:45:33,457 | INFO | ✅ Added patterns | File: USA-ND-9Sep- For creation_old_tool_output_2025-12-26_output.csv | Folder: E:\\EmailTool-V2\Barzaan\email_creator_app\output_csv_files
2025-12-26 00:45:33,457 | INFO | 📊 Current database size: 568239 companies
2025-12-26 00:45:33,457 | INFO | 📄 Found file: E:\\EmailTool-V2\Barzaan\email_creator_app\output_csv_files\USA-ND-PMP-11Aug-For Creation_missing_new_tool_output_2025-12-26_output.csv
2025-12-26 00:45:33,758 | INFO | ✅ Added patterns | File: USA-ND-PMP-11Aug-For Creation_missing_new_tool_output_2025-12-26_output.csv | Folder: E:\\EmailTool-V2\Barzaan\email_creator_app\output_csv_files
2025-12-26 00:45:33,758 | INFO | 📊 Current database size: 568239 companies
2025-12-26 00:45:33,758 | INFO | 📄 Found file: E:\\EmailTool-V2\Barzaan\email_creator_app\output_csv_files\USA-ND-PMP-11Aug-For Creation_missing_old_tool_output_2025-12-26_output.csv
2025-12-26 00:45:34,119 | INFO | ✅ Added patterns | File: USA-ND-PMP-11Aug-For Creation_missing_old_tool_output_2025-12-26_output.csv | Folder: E:\\EmailTool-V2\Barzaan\email_creator_app\output_csv_files
2025-12-26 00:45:34,119 | INFO | 📊 Current database size: 568239 companies
2025-12-26 00:45:34,119 | INFO | 📄 Found file: E:\\EmailTool-V2\Barzaan\email_creator_app\output_csv_files\USA-ND-PMP-11Aug-For Creation_old_tool_output_2025-12-26_output.csv
2025-12-26 00:45:34,561 | INFO | ✅ Added patterns | File: USA-ND-PMP-11Aug-For Creation_old_tool_output_2025-12-26_output.csv | Folder: E:\\EmailTool-V2\Barzaan\email_creator_app\output_csv_files
2025-12-26 00:45:34,561 | INFO | 📊 Current database size: 568239 companies
2025-12-26 00:45:34,695 | INFO | 📄 Found file: E:\\EmailTool-V2\Barzaan\email_creator_app\uploads\07-Nov Formatted File 8.5L.csv
2025-12-26 00:45:38,568 | INFO | ✅ Added patterns | File: 07-Nov Formatted File 8.5L.csv | Folder: E:\\EmailTool-V2\Barzaan\email_creator_app\uploads
2025-12-26 00:45:38,568 | INFO | 📊 Current database size: 568239 companies
2025-12-26 00:45:38,568 | INFO | 📄 Found file: E:\\EmailTool-V2\Barzaan\email_creator_app\uploads\13-May_formated_2023-05-9april.csv
2025-12-26 00:45:39,696 | INFO | ✅ Added patterns | File: 13-May_formated_2023-05-9april.csv | Folder: E:\\EmailTool-V2\Barzaan\email_creator_app\uploads
2025-12-26 00:45:39,696 | INFO | 📊 Current database size: 568239 companies
2025-12-26 00:45:39,696 | INFO | 📄 Found file: E:\\EmailTool-V2\Barzaan\email_creator_app\uploads\19-Oct Formatted File.xlsx
2025-12-26 00:47:25,149 | INFO | ✅ Added patterns | File: 19-Oct Formatted File.xlsx | Folder: E:\\EmailTool-V2\Barzaan\email_creator_app\uploads
2025-12-26 00:47:25,149 | INFO | 📊 Current database size: 568239 companies
2025-12-26 00:47:25,165 | INFO | 📄 Found file: E:\\EmailTool-V2\Barzaan\email_creator_app\uploads\23-Nov-25.csv
2025-12-26 00:47:29,062 | INFO | ✅ Added patterns | File: 23-Nov-25.csv | Folder: E:\\EmailTool-V2\Barzaan\email_creator_app\uploads
2025-12-26 00:47:29,063 | INFO | 📊 Current database size: 568239 companies
2025-12-26 00:47:29,063 | INFO | 📄 Found file: E:\\EmailTool-V2\Barzaan\email_creator_app\uploads\3.90L newFile2.csv
2025-12-26 00:47:30,919 | INFO | ✅ Added patterns | File: 3.90L newFile2.csv | Folder: E:\\EmailTool-V2\Barzaan\email_creator_app\uploads
2025-12-26 00:47:30,919 | INFO | 📊 Current database size: 568239 companies
2025-12-26 00:47:30,935 | INFO | 📄 Found file: E:\\EmailTool-V2\Barzaan\email_creator_app\uploads\9L May 31 Formatted File.xlsx
2025-12-26 00:49:32,178 | INFO | ✅ Added patterns | File: 9L May 31 Formatted File.xlsx | Folder: E:\\EmailTool-V2\Barzaan\email_creator_app\uploads
2025-12-26 00:49:32,178 | INFO | 📊 Current database size: 568239 companies
2025-12-26 00:49:32,178 | INFO | 📄 Found file: E:\\EmailTool-V2\Barzaan\email_creator_app\uploads\9L May 31 Formatted File_old_tool_output.csv
2025-12-26 00:50:17,826 | INFO | ✅ Added patterns | File: 9L May 31 Formatted File_old_tool_output.csv | Folder: E:\\EmailTool-V2\Barzaan\email_creator_app\uploads
2025-12-26 00:50:17,826 | INFO | 📊 Current database size: 568239 companies
2025-12-26 00:50:17,826 | INFO | 📄 Found file: E:\\EmailTool-V2\Barzaan\email_creator_app\uploads\Atlanta, GA-B2B-44874.xlsx
2025-12-26 00:50:31,303 | INFO | ✅ Added patterns | File: Atlanta, GA-B2B-44874.xlsx | Folder: E:\\EmailTool-V2\Barzaan\email_creator_app\uploads
2025-12-26 00:50:31,303 | INFO | 📊 Current database size: 568239 companies
2025-12-26 00:50:31,303 | INFO | 📄 Found file: E:\\EmailTool-V2\Barzaan\email_creator_app\uploads\Atlanta, GA-LSSGB-137575.xlsx
2025-12-26 00:51:07,463 | INFO | ✅ Added patterns | File: Atlanta, GA-LSSGB-137575.xlsx | Folder: E:\\EmailTool-V2\Barzaan\email_creator_app\uploads
2025-12-26 00:51:07,463 | INFO | 📊 Current database size: 568239 companies
2025-12-26 00:51:07,463 | INFO | 📄 Found file: E:\\EmailTool-V2\Barzaan\email_creator_app\uploads\Austin, Tx seggrigation_1.xlsx
2025-12-26 00:51:25,894 | INFO | ✅ Added patterns | File: Austin, Tx seggrigation_1.xlsx | Folder: E:\\EmailTool-V2\Barzaan\email_creator_app\uploads
2025-12-26 00:51:25,894 | INFO | 📊 Current database size: 568239 companies
2025-12-26 00:51:25,894 | INFO | 📄 Found file: E:\\EmailTool-V2\Barzaan\email_creator_app\uploads\Austin, Tx seggrigation_1_missing.csv
2025-12-26 00:51:26,215 | INFO | ✅ Added patterns | File: Austin, Tx seggrigation_1_missing.csv | Folder: E:\\EmailTool-V2\Barzaan\email_creator_app\uploads
2025-12-26 00:51:26,215 | INFO | 📊 Current database size: 568239 companies
2025-12-26 00:51:26,215 | INFO | 📄 Found file: E:\\EmailTool-V2\Barzaan\email_creator_app\uploads\Baltimore, MD-B2B-23152.xlsx
2025-12-26 00:51:34,441 | INFO | ✅ Added patterns | File: Baltimore, MD-B2B-23152.xlsx | Folder: E:\\EmailTool-V2\Barzaan\email_creator_app\uploads
2025-12-26 00:51:34,441 | INFO | 📊 Current database size: 568239 companies
2025-12-26 00:51:34,441 | INFO | 📄 Found file: E:\\EmailTool-V2\Barzaan\email_creator_app\uploads\Baltimore, MD-PMP-109446.xlsx
2025-12-26 00:52:03,961 | INFO | ✅ Added patterns | File: Baltimore, MD-PMP-109446.xlsx | Folder: E:\\EmailTool-V2\Barzaan\email_creator_app\uploads
2025-12-26 00:52:03,961 | INFO | 📊 Current database size: 568239 companies
2025-12-26 00:52:03,961 | INFO | 📄 Found file: E:\\EmailTool-V2\Barzaan\email_creator_app\uploads\Baltimore, MD-PMP-109446_missing.csv
2025-12-26 00:52:05,002 | INFO | ✅ Added patterns | File: Baltimore, MD-PMP-109446_missing.csv | Folder: E:\\EmailTool-V2\Barzaan\email_creator_app\uploads
2025-12-26 00:52:05,003 | INFO | 📊 Current database size: 568239 companies
2025-12-26 00:52:05,003 | INFO | 📄 Found file: E:\\EmailTool-V2\Barzaan\email_creator_app\uploads\Baltimore, MD-PMP-109446_missing_missing.csv
2025-12-26 00:52:05,616 | INFO | ✅ Added patterns | File: Baltimore, MD-PMP-109446_missing_missing.csv | Folder: E:\\EmailTool-V2\Barzaan\email_creator_app\uploads
2025-12-26 00:52:05,617 | INFO | 📊 Current database size: 568239 companies
2025-12-26 00:52:05,617 | INFO | 📄 Found file: E:\\EmailTool-V2\Barzaan\email_creator_app\uploads\Baltimore, MD-PMP-109446_new_tool_missing.csv
2025-12-26 00:52:06,130 | INFO | ✅ Added patterns | File: Baltimore, MD-PMP-109446_new_tool_missing.csv | Folder: E:\\EmailTool-V2\Barzaan\email_creator_app\uploads
2025-12-26 00:52:06,130 | INFO | 📊 Current database size: 568239 companies
2025-12-26 00:52:06,130 | INFO | 📄 Found file: E:\\EmailTool-V2\Barzaan\email_creator_app\uploads\Batch0_4__SCRAPPER__0_2025-03-29.csv
2025-12-26 00:52:06,453 | INFO | ✅ Added patterns | File: Batch0_4__SCRAPPER__0_2025-03-29.csv | Folder: E:\\EmailTool-V2\Barzaan\email_creator_app\uploads
2025-12-26 00:52:06,453 | INFO | 📊 Current database size: 568239 companies
2025-12-26 00:52:06,453 | INFO | 📄 Found file: E:\\EmailTool-V2\Barzaan\email_creator_app\uploads\Batch0_4__SCRAPPER__1_2025-03-29.csv
2025-12-26 00:52:06,721 | INFO | ✅ Added patterns | File: Batch0_4__SCRAPPER__1_2025-03-29.csv | Folder: E:\\EmailTool-V2\Barzaan\email_creator_app\uploads
2025-12-26 00:52:06,721 | INFO | 📊 Current database size: 568239 companies
2025-12-26 00:52:06,721 | INFO | 📄 Found file: E:\\EmailTool-V2\Barzaan\email_creator_app\uploads\Batch0_6500__2AprSCRAPPER__43_2025-04-02.csv
2025-12-26 00:52:07,068 | INFO | ✅ Added patterns | File: Batch0_6500__2AprSCRAPPER__43_2025-04-02.csv | Folder: E:\\EmailTool-V2\Barzaan\email_creator_app\uploads
2025-12-26 00:52:07,068 | INFO | 📊 Current database size: 568239 companies
2025-12-26 00:52:07,070 | INFO | 📄 Found file: E:\\EmailTool-V2\Barzaan\email_creator_app\uploads\Batch0_6500__3__AprSCRAPPER__20_2025-04-03.csv
2025-12-26 00:52:07,346 | INFO | ✅ Added patterns | File: Batch0_6500__3__AprSCRAPPER__20_2025-04-03.csv | Folder: E:\\EmailTool-V2\Barzaan\email_creator_app\uploads
2025-12-26 00:52:07,346 | INFO | 📊 Current database size: 568239 companies
2025-12-26 00:52:07,347 | INFO | 📄 Found file: E:\\EmailTool-V2\Barzaan\email_creator_app\uploads\Batch0_6500__3__AprSCRAPPER__22_2025-04-03.csv
2025-12-26 00:52:07,691 | INFO | ✅ Added patterns | File: Batch0_6500__3__AprSCRAPPER__22_2025-04-03.csv | Folder: E:\\EmailTool-V2\Barzaan\email_creator_app\uploads
2025-12-26 00:52:07,706 | INFO | 📊 Current database size: 568239 companies
2025-12-26 00:52:07,707 | INFO | 📄 Found file: E:\\EmailTool-V2\Barzaan\email_creator_app\uploads\Batch0_6500__SCRAPPER__3_2025-04-01.csv
2025-12-26 00:52:07,975 | INFO | ✅ Added patterns | File: Batch0_6500__SCRAPPER__3_2025-04-01.csv | Folder: E:\\EmailTool-V2\Barzaan\email_creator_app\uploads
2025-12-26 00:52:07,975 | INFO | 📊 Current database size: 568239 companies
2025-12-26 00:52:07,975 | INFO | 📄 Found file: E:\\EmailTool-V2\Barzaan\email_creator_app\uploads\Boise, ID Seggrigation 2018.xlsx
2025-12-26 00:52:16,740 | INFO | ✅ Added patterns | File: Boise, ID Seggrigation 2018.xlsx | Folder: E:\\EmailTool-V2\Barzaan\email_creator_app\uploads
2025-12-26 00:52:16,741 | INFO | 📊 Current database size: 568239 companies
2025-12-26 00:52:16,742 | INFO | 📄 Found file: E:\\EmailTool-V2\Barzaan\email_creator_app\uploads\CA-ND-8Jul-For creation.xlsx
2025-12-26 00:52:28,096 | INFO | ✅ Added patterns | File: CA-ND-8Jul-For creation.xlsx | Folder: E:\\EmailTool-V2\Barzaan\email_creator_app\uploads
2025-12-26 00:52:28,096 | INFO | 📊 Current database size: 568239 companies
2025-12-26 00:52:28,096 | INFO | 📄 Found file: E:\\EmailTool-V2\Barzaan\email_creator_app\uploads\CA-ND-8Jul-For creation_missing.csv
2025-12-26 00:52:28,703 | INFO | ✅ Added patterns | File: CA-ND-8Jul-For creation_missing.csv | Folder: E:\\EmailTool-V2\Barzaan\email_creator_app\uploads
2025-12-26 00:52:28,703 | INFO | 📊 Current database size: 568239 companies
2025-12-26 00:52:28,704 | INFO | 📄 Found file: E:\\EmailTool-V2\Barzaan\email_creator_app\uploads\CA-ND-8Jul-For creation_missing_missing.csv
2025-12-26 00:52:29,148 | INFO | ✅ Added patterns | File: CA-ND-8Jul-For creation_missing_missing.csv | Folder: E:\\EmailTool-V2\Barzaan\email_creator_app\uploads
2025-12-26 00:52:29,149 | INFO | 📊 Current database size: 568239 companies
2025-12-26 00:52:29,149 | INFO | 📄 Found file: E:\\EmailTool-V2\Barzaan\email_creator_app\uploads\CA-ND-8Jul-For creation_missing_new_tool_missing.csv
2025-12-26 00:52:29,709 | INFO | ✅ Added patterns | File: CA-ND-8Jul-For creation_missing_new_tool_missing.csv | Folder: E:\\EmailTool-V2\Barzaan\email_creator_app\uploads
2025-12-26 00:52:29,709 | INFO | 📊 Current database size: 568239 companies
2025-12-26 00:52:29,709 | INFO | 📄 Found file: E:\\EmailTool-V2\Barzaan\email_creator_app\uploads\CA-ND-8Jul-For creation__new_tool_missing.csv
2025-12-26 00:52:30,351 | INFO | ✅ Added patterns | File: CA-ND-8Jul-For creation__new_tool_missing.csv | Folder: E:\\EmailTool-V2\Barzaan\email_creator_app\uploads
2025-12-26 00:52:30,353 | INFO | 📊 Current database size: 568239 companies
2025-12-26 00:52:30,354 | INFO | 📄 Found file: E:\\EmailTool-V2\Barzaan\email_creator_app\uploads\Calgary, AB-174000_new_tool_missing.csv
2025-12-26 00:52:31,491 | INFO | ✅ Added patterns | File: Calgary, AB-174000_new_tool_missing.csv | Folder: E:\\EmailTool-V2\Barzaan\email_creator_app\uploads
2025-12-26 00:52:31,491 | INFO | 📊 Current database size: 568239 companies
2025-12-26 00:52:31,491 | INFO | 📄 Found file: E:\\EmailTool-V2\Barzaan\email_creator_app\uploads\Canada ND-23Sep- For creation.xlsx
2025-12-26 00:52:55,728 | INFO | ✅ Added patterns | File: Canada ND-23Sep- For creation.xlsx | Folder: E:\\EmailTool-V2\Barzaan\email_creator_app\uploads
2025-12-26 00:52:55,728 | INFO | 📊 Current database size: 568239 companies
2025-12-26 00:52:55,728 | INFO | 📄 Found file: E:\\EmailTool-V2\Barzaan\email_creator_app\uploads\Canada-ND-06Oct- For Creation.xlsx
2025-12-26 00:53:19,660 | INFO | ✅ Added patterns | File: Canada-ND-06Oct- For Creation.xlsx | Folder: E:\\EmailTool-V2\Barzaan\email_creator_app\uploads
2025-12-26 00:53:19,661 | INFO | 📊 Current database size: 568239 companies
2025-12-26 00:53:19,661 | INFO | 📄 Found file: E:\\EmailTool-V2\Barzaan\email_creator_app\uploads\Canada-ND-09Sep- For creation.xlsx
2025-12-26 00:53:33,107 | INFO | ✅ Added patterns | File: Canada-ND-09Sep- For creation.xlsx | Folder: E:\\EmailTool-V2\Barzaan\email_creator_app\uploads
2025-12-26 00:53:33,107 | INFO | 📊 Current database size: 568239 companies
2025-12-26 00:53:33,107 | INFO | 📄 Found file: E:\\EmailTool-V2\Barzaan\email_creator_app\uploads\Canada-ND-18nov-For Creation.xlsx
2025-12-26 00:54:32,635 | INFO | ✅ Added patterns | File: Canada-ND-18nov-For Creation.xlsx | Folder: E:\\EmailTool-V2\Barzaan\email_creator_app\uploads
2025-12-26 00:54:32,639 | INFO | 📊 Current database size: 568239 companies
2025-12-26 00:54:32,639 | INFO | 📄 Found file: E:\\EmailTool-V2\Barzaan\email_creator_app\uploads\Canada-ND-21Aug-For Creation.xlsx
2025-12-26 00:54:43,588 | INFO | ✅ Added patterns | File: Canada-ND-21Aug-For Creation.xlsx | Folder: E:\\EmailTool-V2\Barzaan\email_creator_app\uploads
2025-12-26 00:54:43,588 | INFO | 📊 Current database size: 568239 companies
2025-12-26 00:54:43,588 | INFO | 📄 Found file: E:\\EmailTool-V2\Barzaan\email_creator_app\uploads\Canada-ND-21Aug-For Creation_missing.csv
2025-12-26 00:54:44,105 | INFO | ✅ Added patterns | File: Canada-ND-21Aug-For Creation_missing.csv | Folder: E:\\EmailTool-V2\Barzaan\email_creator_app\uploads
2025-12-26 00:54:44,105 | INFO | 📊 Current database size: 568239 companies
2025-12-26 00:54:44,106 | INFO | 📄 Found file: E:\\EmailTool-V2\Barzaan\email_creator_app\uploads\Canada-ND-28Aug-For Creation.xlsx
2025-12-26 00:54:57,505 | INFO | ✅ Added patterns | File: Canada-ND-28Aug-For Creation.xlsx | Folder: E:\\EmailTool-V2\Barzaan\email_creator_app\uploads
2025-12-26 00:54:57,505 | INFO | 📊 Current database size: 568239 companies
2025-12-26 00:54:57,507 | INFO | 📄 Found file: E:\\EmailTool-V2\Barzaan\email_creator_app\uploads\Canada-ND-28Aug-For Creation_missing.csv
2025-12-26 00:54:58,122 | INFO | ✅ Added patterns | File: Canada-ND-28Aug-For Creation_missing.csv | Folder: E:\\EmailTool-V2\Barzaan\email_creator_app\uploads
2025-12-26 00:54:58,122 | INFO | 📊 Current database size: 568239 companies
2025-12-26 00:54:58,122 | INFO | 📄 Found file: E:\\EmailTool-V2\Barzaan\email_creator_app\uploads\CANADA-ND-7-Aug- For Creation.xlsx
2025-12-26 00:55:18,594 | INFO | ✅ Added patterns | File: CANADA-ND-7-Aug- For Creation.xlsx | Folder: E:\\EmailTool-V2\Barzaan\email_creator_app\uploads
2025-12-26 00:55:18,594 | INFO | 📊 Current database size: 568239 companies
2025-12-26 00:55:18,610 | INFO | 📄 Found file: E:\\EmailTool-V2\Barzaan\email_creator_app\uploads\Colorado Springs, CO Seggrigation _.xlsx
2025-12-26 00:55:24,732 | INFO | ✅ Added patterns | File: Colorado Springs, CO Seggrigation _.xlsx | Folder: E:\\EmailTool-V2\Barzaan\email_creator_app\uploads
2025-12-26 00:55:24,732 | INFO | 📊 Current database size: 568239 companies
2025-12-26 00:55:24,732 | INFO | 📄 Found file: E:\\EmailTool-V2\Barzaan\email_creator_app\uploads\Colorado.xlsx
2025-12-26 00:55:30,837 | INFO | ✅ Added patterns | File: Colorado.xlsx | Folder: E:\\EmailTool-V2\Barzaan\email_creator_app\uploads
2025-12-26 00:55:30,837 | INFO | 📊 Current database size: 568239 companies
2025-12-26 00:55:30,837 | INFO | 📄 Found file: E:\\EmailTool-V2\Barzaan\email_creator_app\uploads\Colorado_missing.csv
2025-12-26 00:55:31,155 | INFO | ✅ Added patterns | File: Colorado_missing.csv | Folder: E:\\EmailTool-V2\Barzaan\email_creator_app\uploads
2025-12-26 00:55:31,155 | INFO | 📊 Current database size: 568239 companies
2025-12-26 00:55:31,155 | INFO | 📄 Found file: E:\\EmailTool-V2\Barzaan\email_creator_app\uploads\Colorado_missing_missing.csv
2025-12-26 00:55:31,488 | INFO | ✅ Added patterns | File: Colorado_missing_missing.csv | Folder: E:\\EmailTool-V2\Barzaan\email_creator_app\uploads
2025-12-26 00:55:31,489 | INFO | 📊 Current database size: 568239 companies
2025-12-26 00:55:31,489 | INFO | 📄 Found file: E:\\EmailTool-V2\Barzaan\email_creator_app\uploads\Colorado_missing_missing_missing.csv
2025-12-26 00:55:31,756 | INFO | ✅ Added patterns | File: Colorado_missing_missing_missing.csv | Folder: E:\\EmailTool-V2\Barzaan\email_creator_app\uploads
2025-12-26 00:55:31,757 | INFO | 📊 Current database size: 568239 companies
2025-12-26 00:55:31,757 | INFO | 📄 Found file: E:\\EmailTool-V2\Barzaan\email_creator_app\uploads\Colorado_missing_missing_missing_missing.csv
2025-12-26 00:55:32,062 | INFO | ✅ Added patterns | File: Colorado_missing_missing_missing_missing.csv | Folder: E:\\EmailTool-V2\Barzaan\email_creator_app\uploads
2025-12-26 00:55:32,064 | INFO | 📊 Current database size: 568239 companies
2025-12-26 00:55:32,064 | INFO | 📄 Found file: E:\\EmailTool-V2\Barzaan\email_creator_app\uploads\Colorado_output.csv
2025-12-26 00:55:34,734 | INFO | ✅ Added patterns | File: Colorado_output.csv | Folder: E:\\EmailTool-V2\Barzaan\email_creator_app\uploads
2025-12-26 00:55:34,734 | INFO | 📊 Current database size: 568243 companies
2025-12-26 00:55:34,734 | INFO | 📄 Found file: E:\\EmailTool-V2\Barzaan\email_creator_app\uploads\Colorado_output_output.csv
2025-12-26 00:55:36,424 | INFO | ✅ Added patterns | File: Colorado_output_output.csv | Folder: E:\\EmailTool-V2\Barzaan\email_creator_app\uploads
2025-12-26 00:55:36,424 | INFO | 📊 Current database size: 568243 companies
2025-12-26 00:55:36,426 | INFO | 📄 Found file: E:\\EmailTool-V2\Barzaan\email_creator_app\uploads\Colorado_output_output_output.csv
2025-12-26 00:55:39,219 | INFO | ✅ Added patterns | File: Colorado_output_output_output.csv | Folder: E:\\EmailTool-V2\Barzaan\email_creator_app\uploads
2025-12-26 00:55:39,220 | INFO | 📊 Current database size: 568243 companies
2025-12-26 00:55:39,220 | INFO | 📄 Found file: E:\\EmailTool-V2\Barzaan\email_creator_app\uploads\combined_email_output.csv
2025-12-26 00:55:39,467 | INFO | ✅ Added patterns | File: combined_email_output.csv | Folder: E:\\EmailTool-V2\Barzaan\email_creator_app\uploads
2025-12-26 00:55:39,467 | INFO | 📊 Current database size: 568243 companies
2025-12-26 00:55:39,467 | INFO | 📄 Found file: E:\\EmailTool-V2\Barzaan\email_creator_app\uploads\combined_unique.csv
2025-12-26 00:55:39,833 | INFO | ✅ Added patterns | File: combined_unique.csv | Folder: E:\\EmailTool-V2\Barzaan\email_creator_app\uploads
2025-12-26 00:55:39,833 | INFO | 📊 Current database size: 568243 companies
2025-12-26 00:55:39,835 | INFO | 📄 Found file: E:\\EmailTool-V2\Barzaan\email_creator_app\uploads\EW-City-ND-24Ma_3apr.csv
2025-12-26 00:55:40,254 | INFO | ✅ Added patterns | File: EW-City-ND-24Ma_3apr.csv | Folder: E:\\EmailTool-V2\Barzaan\email_creator_app\uploads
2025-12-26 00:55:40,254 | INFO | 📊 Current database size: 568243 companies
2025-12-26 00:55:40,254 | INFO | 📄 Found file: E:\\EmailTool-V2\Barzaan\email_creator_app\uploads\EW-City-ND-24Ma_Missing_file2025-03-24 16-38-22.csv
2025-12-26 00:55:40,860 | INFO | ✅ Added patterns | File: EW-City-ND-24Ma_Missing_file2025-03-24 16-38-22.csv | Folder: E:\\EmailTool-V2\Barzaan\email_creator_app\uploads
2025-12-26 00:55:40,860 | INFO | 📊 Current database size: 568243 companies
2025-12-26 00:55:40,860 | INFO | 📄 Found file: E:\\EmailTool-V2\Barzaan\email_creator_app\uploads\EW-City-ND-24Ma_Missing_file2025-03-24 16-38-22_missing.csv
2025-12-26 00:55:41,408 | INFO | ✅ Added patterns | File: EW-City-ND-24Ma_Missing_file2025-03-24 16-38-22_missing.csv | Folder: E:\\EmailTool-V2\Barzaan\email_creator_app\uploads
2025-12-26 00:55:41,408 | INFO | 📊 Current database size: 568243 companies
2025-12-26 00:55:41,408 | INFO | 📄 Found file: E:\\EmailTool-V2\Barzaan\email_creator_app\uploads\EW-City-ND-24Ma_Missing_file2025-03-24 16-38-22__new_tool_missing.csv
2025-12-26 00:55:42,043 | INFO | ✅ Added patterns | File: EW-City-ND-24Ma_Missing_file2025-03-24 16-38-22__new_tool_missing.csv | Folder: E:\\EmailTool-V2\Barzaan\email_creator_app\uploads
2025-12-26 00:55:42,043 | INFO | 📊 Current database size: 568243 companies
2025-12-26 00:55:42,043 | INFO | 📄 Found file: E:\\EmailTool-V2\Barzaan\email_creator_app\uploads\EW-City-ND-24Ma_Missing_file2025-03-24.csv
2025-12-26 00:55:42,646 | INFO | ✅ Added patterns | File: EW-City-ND-24Ma_Missing_file2025-03-24.csv | Folder: E:\\EmailTool-V2\Barzaan\email_creator_app\uploads
2025-12-26 00:55:42,646 | INFO | 📊 Current database size: 568243 companies
2025-12-26 00:55:42,646 | INFO | 📄 Found file: E:\\EmailTool-V2\Barzaan\email_creator_app\uploads\EW-City-ND_missing_file_5Apr.csv
2025-12-26 00:55:43,281 | INFO | ✅ Added patterns | File: EW-City-ND_missing_file_5Apr.csv | Folder: E:\\EmailTool-V2\Barzaan\email_creator_app\uploads
2025-12-26 00:55:43,281 | INFO | 📊 Current database size: 568243 companies
2025-12-26 00:55:43,281 | INFO | 📄 Found file: E:\\EmailTool-V2\Barzaan\email_creator_app\uploads\EW-City-ND_missing_file_5April.csv
2025-12-26 00:55:43,883 | INFO | ✅ Added patterns | File: EW-City-ND_missing_file_5April.csv | Folder: E:\\EmailTool-V2\Barzaan\email_creator_app\uploads
2025-12-26 00:55:43,883 | INFO | 📊 Current database size: 568243 companies
2025-12-26 00:55:43,883 | INFO | 📄 Found file: E:\\EmailTool-V2\Barzaan\email_creator_app\uploads\EW-City-ND_missing_file_5Apr_new_tool_output.csv
2025-12-26 00:55:46,461 | INFO | ✅ Added patterns | File: EW-City-ND_missing_file_5Apr_new_tool_output.csv | Folder: E:\\EmailTool-V2\Barzaan\email_creator_app\uploads
2025-12-26 00:55:46,473 | INFO | 📊 Current database size: 568243 companies
2025-12-26 00:55:46,474 | INFO | 📄 Found file: E:\\EmailTool-V2\Barzaan\email_creator_app\uploads\EW-ND-16Jun-For creation.xlsx
2025-12-26 00:56:48,928 | INFO | ✅ Added patterns | File: EW-ND-16Jun-For creation.xlsx | Folder: E:\\EmailTool-V2\Barzaan\email_creator_app\uploads
2025-12-26 00:56:48,928 | INFO | 📊 Current database size: 568243 companies
2025-12-26 00:56:48,928 | INFO | 📄 Found file: E:\\EmailTool-V2\Barzaan\email_creator_app\uploads\EW-ND-16Jun-For creation_July 3, 2025_new_tool_missing_new_tool_missing.csv
2025-12-26 00:56:49,738 | INFO | ✅ Added patterns | File: EW-ND-16Jun-For creation_July 3, 2025_new_tool_missing_new_tool_missing.csv | Folder: E:\\EmailTool-V2\Barzaan\email_creator_app\uploads
2025-12-26 00:56:49,738 | INFO | 📊 Current database size: 568243 companies
2025-12-26 00:56:49,738 | INFO | 📄 Found file: E:\\EmailTool-V2\Barzaan\email_creator_app\uploads\EW-ND-16Jun-For creation_June 29, 2025.csv
2025-12-26 00:56:50,500 | INFO | ✅ Added patterns | File: EW-ND-16Jun-For creation_June 29, 2025.csv | Folder: E:\\EmailTool-V2\Barzaan\email_creator_app\uploads
2025-12-26 00:56:50,500 | INFO | 📊 Current database size: 568243 companies
2025-12-26 00:56:50,500 | INFO | 📄 Found file: E:\\EmailTool-V2\Barzaan\email_creator_app\uploads\EW-ND-16Jun-For creation_June 30, 2025_new_tool_missing.csv
2025-12-26 00:56:51,269 | INFO | ✅ Added patterns | File: EW-ND-16Jun-For creation_June 30, 2025_new_tool_missing.csv | Folder: E:\\EmailTool-V2\Barzaan\email_creator_app\uploads
2025-12-26 00:56:51,270 | INFO | 📊 Current database size: 568243 companies
2025-12-26 00:56:51,270 | INFO | 📄 Found file: E:\\EmailTool-V2\Barzaan\email_creator_app\uploads\EW-ND-16Jun-For creation_missing.csv
2025-12-26 00:56:52,233 | INFO | ✅ Added patterns | File: EW-ND-16Jun-For creation_missing.csv | Folder: E:\\EmailTool-V2\Barzaan\email_creator_app\uploads
2025-12-26 00:56:52,233 | INFO | 📊 Current database size: 568243 companies
2025-12-26 00:56:52,233 | INFO | 📄 Found file: E:\\EmailTool-V2\Barzaan\email_creator_app\uploads\EW-ND-16Jun-For creation_missing_new_tool_missing.csv
2025-12-26 00:56:53,093 | INFO | ✅ Added patterns | File: EW-ND-16Jun-For creation_missing_new_tool_missing.csv | Folder: E:\\EmailTool-V2\Barzaan\email_creator_app\uploads
2025-12-26 00:56:53,093 | INFO | 📊 Current database size: 568243 companies
2025-12-26 00:56:53,093 | INFO | 📄 Found file: E:\\EmailTool-V2\Barzaan\email_creator_app\uploads\EW-ND-16Jun-For creation_missing_new_tool_missing_new_tool_missing.csv
2025-12-26 00:56:53,892 | INFO | ✅ Added patterns | File: EW-ND-16Jun-For creation_missing_new_tool_missing_new_tool_missing.csv | Folder: E:\\EmailTool-V2\Barzaan\email_creator_app\uploads
2025-12-26 00:56:53,892 | INFO | 📊 Current database size: 568243 companies
2025-12-26 00:56:53,892 | INFO | 📄 Found file: E:\\EmailTool-V2\Barzaan\email_creator_app\uploads\EW-ND-16Jun-For creation_missing_new_tool_missing_new_tool_missing_new_tool_missing.csv
2025-12-26 00:56:54,702 | INFO | ✅ Added patterns | File: EW-ND-16Jun-For creation_missing_new_tool_missing_new_tool_missing_new_tool_missing.csv | Folder: E:\\EmailTool-V2\Barzaan\email_creator_app\uploads
2025-12-26 00:56:54,703 | INFO | 📊 Current database size: 568243 companies
2025-12-26 00:56:54,703 | INFO | 📄 Found file: E:\\EmailTool-V2\Barzaan\email_creator_app\uploads\EW-ND-28Apr-For_Missing_file2025-04-28 12-25-26.csv
2025-12-26 00:56:55,401 | INFO | ✅ Added patterns | File: EW-ND-28Apr-For_Missing_file2025-04-28 12-25-26.csv | Folder: E:\\EmailTool-V2\Barzaan\email_creator_app\uploads
2025-12-26 00:56:55,401 | INFO | 📊 Current database size: 568243 companies
2025-12-26 00:56:55,401 | INFO | 📄 Found file: E:\\EmailTool-V2\Barzaan\email_creator_app\uploads\EW-ND-30Jun-For creation.xlsx
2025-12-26 00:57:39,756 | INFO | ✅ Added patterns | File: EW-ND-30Jun-For creation.xlsx | Folder: E:\\EmailTool-V2\Barzaan\email_creator_app\uploads
2025-12-26 00:57:39,756 | INFO | 📊 Current database size: 568243 companies
2025-12-26 00:57:39,756 | INFO | 📄 Found file: E:\\EmailTool-V2\Barzaan\email_creator_app\uploads\EW-ND-30Jun-For creation_missing.csv
2025-12-26 00:57:40,509 | INFO | ✅ Added patterns | File: EW-ND-30Jun-For creation_missing.csv | Folder: E:\\EmailTool-V2\Barzaan\email_creator_app\uploads
2025-12-26 00:57:40,509 | INFO | 📊 Current database size: 568243 companies
2025-12-26 00:57:40,525 | INFO | 📄 Found file: E:\\EmailTool-V2\Barzaan\email_creator_app\uploads\EW-ND-30Jun-For creation_missing_file.csv
2025-12-26 00:57:40,810 | INFO | ✅ Added patterns | File: EW-ND-30Jun-For creation_missing_file.csv | Folder: E:\\EmailTool-V2\Barzaan\email_creator_app\uploads
2025-12-26 00:57:40,810 | INFO | 📊 Current database size: 568243 companies
2025-12-26 00:57:40,810 | INFO | 📄 Found file: E:\\EmailTool-V2\Barzaan\email_creator_app\uploads\EW-ND-PM-7Apr-For creation - Copy.xlsx
2025-12-26 00:58:25,504 | INFO | ✅ Added patterns | File: EW-ND-PM-7Apr-For creation - Copy.xlsx | Folder: E:\\EmailTool-V2\Barzaan\email_creator_app\uploads
2025-12-26 00:58:25,505 | INFO | 📊 Current database size: 568243 companies
2025-12-26 00:58:25,505 | INFO | 📄 Found file: E:\\EmailTool-V2\Barzaan\email_creator_app\uploads\EW-ND-PM-7Apr-For creation.xlsx
2025-12-26 00:59:10,163 | INFO | ✅ Added patterns | File: EW-ND-PM-7Apr-For creation.xlsx | Folder: E:\\EmailTool-V2\Barzaan\email_creator_app\uploads
2025-12-26 00:59:10,163 | INFO | 📊 Current database size: 568243 companies
2025-12-26 00:59:10,163 | INFO | 📄 Found file: E:\\EmailTool-V2\Barzaan\email_creator_app\uploads\EW-ND-PM-7Apr-For creation_new_tool_output - Copy.csv
2025-12-26 00:59:17,769 | INFO | ✅ Added patterns | File: EW-ND-PM-7Apr-For creation_new_tool_output - Copy.csv | Folder: E:\\EmailTool-V2\Barzaan\email_creator_app\uploads
2025-12-26 00:59:17,771 | INFO | 📊 Current database size: 568243 companies
2025-12-26 00:59:17,771 | INFO | 📄 Found file: E:\\EmailTool-V2\Barzaan\email_creator_app\uploads\EW-NDPM-13May-For creation.xlsx
2025-12-26 00:59:41,333 | INFO | ✅ Added patterns | File: EW-NDPM-13May-For creation.xlsx | Folder: E:\\EmailTool-V2\Barzaan\email_creator_app\uploads
2025-12-26 00:59:41,333 | INFO | 📊 Current database size: 568243 companies
2025-12-26 00:59:41,333 | INFO | 📄 Found file: E:\\EmailTool-V2\Barzaan\email_creator_app\uploads\EW-NDPM-13May-For creation_missing.csv
2025-12-26 00:59:41,947 | INFO | ✅ Added patterns | File: EW-NDPM-13May-For creation_missing.csv | Folder: E:\\EmailTool-V2\Barzaan\email_creator_app\uploads
2025-12-26 00:59:41,948 | INFO | 📊 Current database size: 568243 companies
2025-12-26 00:59:41,949 | INFO | 📄 Found file: E:\\EmailTool-V2\Barzaan\email_creator_app\uploads\EW-NDPM-13May-For creation_missing_missing.csv
2025-12-26 00:59:42,420 | INFO | ✅ Added patterns | File: EW-NDPM-13May-For creation_missing_missing.csv | Folder: E:\\EmailTool-V2\Barzaan\email_creator_app\uploads
2025-12-26 00:59:42,420 | INFO | 📊 Current database size: 568243 companies
2025-12-26 00:59:42,420 | INFO | 📄 Found file: E:\\EmailTool-V2\Barzaan\email_creator_app\uploads\EW-NDPM-29-10juneMay-For creation_missing.csv
2025-12-26 00:59:43,173 | INFO | ✅ Added patterns | File: EW-NDPM-29-10juneMay-For creation_missing.csv | Folder: E:\\EmailTool-V2\Barzaan\email_creator_app\uploads
2025-12-26 00:59:43,173 | INFO | 📊 Current database size: 568243 companies
2025-12-26 00:59:43,173 | INFO | 📄 Found file: E:\\EmailTool-V2\Barzaan\email_creator_app\uploads\EW-NDPM-29-10juneMay-For creation_missing2.csv
2025-12-26 00:59:43,861 | INFO | ✅ Added patterns | File: EW-NDPM-29-10juneMay-For creation_missing2.csv | Folder: E:\\EmailTool-V2\Barzaan\email_creator_app\uploads
2025-12-26 00:59:43,875 | INFO | 📊 Current database size: 568243 companies
2025-12-26 00:59:43,875 | INFO | 📄 Found file: E:\\EmailTool-V2\Barzaan\email_creator_app\uploads\EW-NDPM-29-10juneMay-For creation_missing__new_tool_missing.csv
2025-12-26 00:59:44,611 | INFO | ✅ Added patterns | File: EW-NDPM-29-10juneMay-For creation_missing__new_tool_missing.csv | Folder: E:\\EmailTool-V2\Barzaan\email_creator_app\uploads
2025-12-26 00:59:44,611 | INFO | 📊 Current database size: 568243 companies
2025-12-26 00:59:44,611 | INFO | 📄 Found file: E:\\EmailTool-V2\Barzaan\email_creator_app\uploads\EW-NDPM-29-10juneMay-For creation_missing__new_tool_missing__new_tool_missing.csv
2025-12-26 00:59:45,347 | INFO | ✅ Added patterns | File: EW-NDPM-29-10juneMay-For creation_missing__new_tool_missing__new_tool_missing.csv | Folder: E:\\EmailTool-V2\Barzaan\email_creator_app\uploads
2025-12-26 00:59:45,347 | INFO | 📊 Current database size: 568243 companies
2025-12-26 00:59:45,347 | INFO | 📄 Found file: E:\\EmailTool-V2\Barzaan\email_creator_app\uploads\EW-NDPM-29-May-For creation_missing.csv
2025-12-26 00:59:46,066 | INFO | ✅ Added patterns | File: EW-NDPM-29-May-For creation_missing.csv | Folder: E:\\EmailTool-V2\Barzaan\email_creator_app\uploads
2025-12-26 00:59:46,082 | INFO | 📊 Current database size: 568243 companies
2025-12-26 00:59:46,083 | INFO | 📄 Found file: E:\\EmailTool-V2\Barzaan\email_creator_app\uploads\EW-NDPM-29May-For creation.xlsx
2025-12-26 01:00:19,800 | INFO | ✅ Added patterns | File: EW-NDPM-29May-For creation.xlsx | Folder: E:\\EmailTool-V2\Barzaan\email_creator_app\uploads
2025-12-26 01:00:19,801 | INFO | 📊 Current database size: 568243 companies
2025-12-26 01:00:19,801 | INFO | 📄 Found file: E:\\EmailTool-V2\Barzaan\email_creator_app\uploads\EW-NDPM-29May-For creation_missing.csv
2025-12-26 01:00:20,604 | INFO | ✅ Added patterns | File: EW-NDPM-29May-For creation_missing.csv | Folder: E:\\EmailTool-V2\Barzaan\email_creator_app\uploads
2025-12-26 01:00:20,604 | INFO | 📊 Current database size: 568243 companies
2025-12-26 01:00:20,604 | INFO | 📄 Found file: E:\\EmailTool-V2\Barzaan\email_creator_app\uploads\EW-NDPM-29May-For creation_missing__new_tool_missing.csv
2025-12-26 01:00:21,266 | INFO | ✅ Added patterns | File: EW-NDPM-29May-For creation_missing__new_tool_missing.csv | Folder: E:\\EmailTool-V2\Barzaan\email_creator_app\uploads
2025-12-26 01:00:21,266 | INFO | 📊 Current database size: 568243 companies
2025-12-26 01:00:21,266 | INFO | 📄 Found file: E:\\EmailTool-V2\Barzaan\email_creator_app\uploads\EW-NDPM-29May-For creation_old_tool_output.csv
2025-12-26 01:00:34,380 | INFO | ✅ Added patterns | File: EW-NDPM-29May-For creation_old_tool_output.csv | Folder: E:\\EmailTool-V2\Barzaan\email_creator_app\uploads
2025-12-26 01:00:34,380 | INFO | 📊 Current database size: 568243 companies
2025-12-26 01:00:34,380 | INFO | 📄 Found file: E:\\EmailTool-V2\Barzaan\email_creator_app\uploads\EW-NDPM-6May-For Creation.xlsx
2025-12-26 01:00:53,403 | INFO | ✅ Added patterns | File: EW-NDPM-6May-For Creation.xlsx | Folder: E:\\EmailTool-V2\Barzaan\email_creator_app\uploads
2025-12-26 01:00:53,418 | INFO | 📊 Current database size: 568243 companies
2025-12-26 01:00:53,419 | INFO | 📄 Found file: E:\\EmailTool-V2\Barzaan\email_creator_app\uploads\EW-NDPM-6May-For Creation_missing.csv
2025-12-26 01:00:53,971 | INFO | ✅ Added patterns | File: EW-NDPM-6May-For Creation_missing.csv | Folder: E:\\EmailTool-V2\Barzaan\email_creator_app\uploads
2025-12-26 01:00:53,971 | INFO | 📊 Current database size: 568243 companies
2025-12-26 01:00:53,971 | INFO | 📄 Found file: E:\\EmailTool-V2\Barzaan\email_creator_app\uploads\EW-NDPM-6May-For Creation__new_tool_missing.csv
2025-12-26 01:00:54,808 | INFO | ✅ Added patterns | File: EW-NDPM-6May-For Creation__new_tool_missing.csv | Folder: E:\\EmailTool-V2\Barzaan\email_creator_app\uploads
2025-12-26 01:00:54,808 | INFO | 📊 Current database size: 568243 companies
2025-12-26 01:00:54,808 | INFO | 📄 Found file: E:\\EmailTool-V2\Barzaan\email_creator_app\uploads\EW-NDPM_12june_missing.csv
2025-12-26 01:00:55,460 | INFO | ✅ Added patterns | File: EW-NDPM_12june_missing.csv | Folder: E:\\EmailTool-V2\Barzaan\email_creator_app\uploads
2025-12-26 01:00:55,460 | INFO | 📊 Current database size: 568243 companies
2025-12-26 01:00:55,460 | INFO | 📄 Found file: E:\\EmailTool-V2\Barzaan\email_creator_app\uploads\EW-NDPM_12june_missing_file.csv
2025-12-26 01:00:55,811 | INFO | ✅ Added patterns | File: EW-NDPM_12june_missing_file.csv | Folder: E:\\EmailTool-V2\Barzaan\email_creator_app\uploads
2025-12-26 01:00:55,811 | INFO | 📊 Current database size: 568243 companies
2025-12-26 01:00:55,811 | INFO | 📄 Found file: E:\\EmailTool-V2\Barzaan\email_creator_app\uploads\feb-1_Missing_file2025-02-16 23-58-04.csv
2025-12-26 01:00:58,303 | INFO | ✅ Added patterns | File: feb-1_Missing_file2025-02-16 23-58-04.csv | Folder: E:\\EmailTool-V2\Barzaan\email_creator_app\uploads
2025-12-26 01:00:58,303 | INFO | 📊 Current database size: 568243 companies
2025-12-26 01:00:58,303 | INFO | 📄 Found file: E:\\EmailTool-V2\Barzaan\email_creator_app\uploads\Formatted File Sep_.xlsx
2025-12-26 01:01:03,026 | INFO | ✅ Added patterns | File: Formatted File Sep_.xlsx | Folder: E:\\EmailTool-V2\Barzaan\email_creator_app\uploads
2025-12-26 01:01:03,026 | INFO | 📊 Current database size: 568243 companies
2025-12-26 01:01:03,027 | INFO | 📄 Found file: E:\\EmailTool-V2\Barzaan\email_creator_app\uploads\Formatted_file__Missing_13june.csv
2025-12-26 01:01:03,873 | INFO | ✅ Added patterns | File: Formatted_file__Missing_13june.csv | Folder: E:\\EmailTool-V2\Barzaan\email_creator_app\uploads
2025-12-26 01:01:03,873 | INFO | 📊 Current database size: 568243 companies
2025-12-26 01:01:03,873 | INFO | 📄 Found file: E:\\EmailTool-V2\Barzaan\email_creator_app\uploads\Formatted_file__Missing_13june_file.csv
2025-12-26 01:01:04,206 | INFO | ✅ Added patterns | File: Formatted_file__Missing_13june_file.csv | Folder: E:\\EmailTool-V2\Barzaan\email_creator_app\uploads
2025-12-26 01:01:04,207 | INFO | 📊 Current database size: 568243 companies
2025-12-26 01:01:04,207 | INFO | 📄 Found file: E:\\EmailTool-V2\Barzaan\email_creator_app\uploads\Formatted_file__Missing_13june_new_tool_missing.csv
2025-12-26 01:01:04,860 | INFO | ✅ Added patterns | File: Formatted_file__Missing_13june_new_tool_missing.csv | Folder: E:\\EmailTool-V2\Barzaan\email_creator_app\uploads
2025-12-26 01:01:04,860 | INFO | 📊 Current database size: 568243 companies
2025-12-26 01:01:04,860 | INFO | 📄 Found file: E:\\EmailTool-V2\Barzaan\email_creator_app\uploads\Fresno, CA-10000 - Copy.xlsx
2025-12-26 01:01:09,931 | INFO | ✅ Added patterns | File: Fresno, CA-10000 - Copy.xlsx | Folder: E:\\EmailTool-V2\Barzaan\email_creator_app\uploads
2025-12-26 01:01:09,931 | INFO | 📊 Current database size: 568243 companies
2025-12-26 01:01:09,931 | INFO | 📄 Found file: E:\\EmailTool-V2\Barzaan\email_creator_app\uploads\Fresno, CA-10000 - Copy_new_tool_missing.csv
2025-12-26 01:01:10,215 | INFO | ✅ Added patterns | File: Fresno, CA-10000 - Copy_new_tool_missing.csv | Folder: E:\\EmailTool-V2\Barzaan\email_creator_app\uploads
2025-12-26 01:01:10,228 | INFO | 📊 Current database size: 568243 companies
2025-12-26 01:01:10,228 | INFO | 📄 Found file: E:\\EmailTool-V2\Barzaan\email_creator_app\uploads\Fresno, CA-10000 - Copy_new_tool_missing__new_tool_missing.csv
2025-12-26 01:01:10,496 | INFO | ✅ Added patterns | File: Fresno, CA-10000 - Copy_new_tool_missing__new_tool_missing.csv | Folder: E:\\EmailTool-V2\Barzaan\email_creator_app\uploads
2025-12-26 01:01:10,496 | INFO | 📊 Current database size: 568243 companies
2025-12-26 01:01:10,496 | INFO | 📄 Found file: E:\\EmailTool-V2\Barzaan\email_creator_app\uploads\Fresno, CA-10000.xlsx
2025-12-26 01:01:15,430 | INFO | ✅ Added patterns | File: Fresno, CA-10000.xlsx | Folder: E:\\EmailTool-V2\Barzaan\email_creator_app\uploads
2025-12-26 01:01:15,430 | INFO | 📊 Current database size: 568243 companies
2025-12-26 01:01:15,430 | INFO | 📄 Found file: E:\\EmailTool-V2\Barzaan\email_creator_app\uploads\Fresno, CA-test.xlsx
2025-12-26 01:01:15,770 | INFO | ✅ Added patterns | File: Fresno, CA-test.xlsx | Folder: E:\\EmailTool-V2\Barzaan\email_creator_app\uploads
2025-12-26 01:01:15,770 | INFO | 📊 Current database size: 568243 companies
2025-12-26 01:01:15,770 | INFO | 📄 Found file: E:\\EmailTool-V2\Barzaan\email_creator_app\uploads\June.csv
2025-12-26 01:01:18,474 | INFO | ✅ Added patterns | File: June.csv | Folder: E:\\EmailTool-V2\Barzaan\email_creator_app\uploads
2025-12-26 01:01:18,474 | INFO | 📊 Current database size: 568243 companies
2025-12-26 01:01:18,474 | INFO | 📄 Found file: E:\\EmailTool-V2\Barzaan\email_creator_app\uploads\Mar_File6.7L.csv
2025-12-26 01:01:21,602 | INFO | ✅ Added patterns | File: Mar_File6.7L.csv | Folder: E:\\EmailTool-V2\Barzaan\email_creator_app\uploads
2025-12-26 01:01:21,617 | INFO | 📊 Current database size: 568243 companies
2025-12-26 01:01:21,618 | INFO | 📄 Found file: E:\\EmailTool-V2\Barzaan\email_creator_app\uploads\Mar_File6.7L.xlsx
2025-12-26 01:02:56,334 | INFO | ✅ Added patterns | File: Mar_File6.7L.xlsx | Folder: E:\\EmailTool-V2\Barzaan\email_creator_app\uploads
2025-12-26 01:02:56,334 | INFO | 📊 Current database size: 568243 companies
2025-12-26 01:02:56,334 | INFO | 📄 Found file: E:\\EmailTool-V2\Barzaan\email_creator_app\uploads\Mar_File6.7L_missing.csv
2025-12-26 01:02:57,806 | INFO | ✅ Added patterns | File: Mar_File6.7L_missing.csv | Folder: E:\\EmailTool-V2\Barzaan\email_creator_app\uploads
2025-12-26 01:02:57,806 | INFO | 📊 Current database size: 568243 companies
2025-12-26 01:02:57,806 | INFO | 📄 Found file: E:\\EmailTool-V2\Barzaan\email_creator_app\uploads\May Formatted File1.xlsx
2025-12-26 01:03:49,337 | INFO | ✅ Added patterns | File: May Formatted File1.xlsx | Folder: E:\\EmailTool-V2\Barzaan\email_creator_app\uploads
2025-12-26 01:03:49,337 | INFO | 📊 Current database size: 568243 companies
2025-12-26 01:03:49,337 | INFO | 📄 Found file: E:\\EmailTool-V2\Barzaan\email_creator_app\uploads\May Formatted File1_missing.csv
2025-12-26 01:03:50,508 | INFO | ✅ Added patterns | File: May Formatted File1_missing.csv | Folder: E:\\EmailTool-V2\Barzaan\email_creator_app\uploads
2025-12-26 01:03:50,508 | INFO | 📊 Current database size: 568243 companies
2025-12-26 01:03:50,508 | INFO | 📄 Found file: E:\\EmailTool-V2\Barzaan\email_creator_app\uploads\Missin Canada file.csv
2025-12-26 01:03:50,993 | INFO | ✅ Added patterns | File: Missin Canada file.csv | Folder: E:\\EmailTool-V2\Barzaan\email_creator_app\uploads
2025-12-26 01:03:50,993 | INFO | 📊 Current database size: 568243 companies
2025-12-26 01:03:50,993 | INFO | 📄 Found file: E:\\EmailTool-V2\Barzaan\email_creator_app\uploads\new.csv
2025-12-26 01:03:54,672 | INFO | ✅ Added patterns | File: new.csv | Folder: E:\\EmailTool-V2\Barzaan\email_creator_app\uploads
2025-12-26 01:03:54,672 | INFO | 📊 Current database size: 568243 companies
2025-12-26 01:03:54,672 | INFO | 📄 Found file: E:\\EmailTool-V2\Barzaan\email_creator_app\uploads\Nov 18 Formatting File.xlsx
2025-12-26 01:05:42,216 | INFO | ✅ Added patterns | File: Nov 18 Formatting File.xlsx | Folder: E:\\EmailTool-V2\Barzaan\email_creator_app\uploads
2025-12-26 01:05:42,216 | INFO | 📊 Current database size: 568243 companies
2025-12-26 01:05:42,216 | INFO | 📄 Found file: E:\\EmailTool-V2\Barzaan\email_creator_app\uploads\Oct 26.csv
2025-12-26 01:05:46,106 | INFO | ✅ Added patterns | File: Oct 26.csv | Folder: E:\\EmailTool-V2\Barzaan\email_creator_app\uploads
2025-12-26 01:05:46,106 | INFO | 📊 Current database size: 568243 companies
2025-12-26 01:05:46,106 | INFO | 📄 Found file: E:\\EmailTool-V2\Barzaan\email_creator_app\uploads\oct _new 3.csv
2025-12-26 01:05:50,163 | INFO | ✅ Added patterns | File: oct _new 3.csv | Folder: E:\\EmailTool-V2\Barzaan\email_creator_app\uploads
2025-12-26 01:05:50,163 | INFO | 📊 Current database size: 568243 companies
2025-12-26 01:05:50,163 | INFO | 📄 Found file: E:\\EmailTool-V2\Barzaan\email_creator_app\uploads\open icert 3.78L.xlsx
2025-12-26 01:07:21,614 | INFO | ✅ Added patterns | File: open icert 3.78L.xlsx | Folder: E:\\EmailTool-V2\Barzaan\email_creator_app\uploads
2025-12-26 01:07:21,615 | INFO | 📊 Current database size: 568243 companies
2025-12-26 01:07:21,615 | INFO | 📄 Found file: E:\\EmailTool-V2\Barzaan\email_creator_app\uploads\Total Open Data_tcart 2.5L.xlsx
2025-12-26 01:07:46,570 | INFO | ✅ Added patterns | File: Total Open Data_tcart 2.5L.xlsx | Folder: E:\\EmailTool-V2\Barzaan\email_creator_app\uploads
2025-12-26 01:07:46,570 | INFO | 📊 Current database size: 568243 companies
2025-12-26 01:07:46,570 | INFO | 📄 Found file: E:\\EmailTool-V2\Barzaan\email_creator_app\uploads\UK-ND-15Jul-For creation.xlsx
2025-12-26 01:07:52,691 | INFO | ✅ Added patterns | File: UK-ND-15Jul-For creation.xlsx | Folder: E:\\EmailTool-V2\Barzaan\email_creator_app\uploads
2025-12-26 01:07:52,691 | INFO | 📊 Current database size: 568243 companies
2025-12-26 01:07:52,691 | INFO | 📄 Found file: E:\\EmailTool-V2\Barzaan\email_creator_app\uploads\UK-ND-28Aug-For Creation.xlsx
2025-12-26 01:08:07,761 | INFO | ✅ Added patterns | File: UK-ND-28Aug-For Creation.xlsx | Folder: E:\\EmailTool-V2\Barzaan\email_creator_app\uploads
2025-12-26 01:08:07,776 | INFO | 📊 Current database size: 568243 companies
2025-12-26 01:08:07,777 | INFO | 📄 Found file: E:\\EmailTool-V2\Barzaan\email_creator_app\uploads\UK-ND-28Aug-For Creation_missing.csv
2025-12-26 01:08:08,517 | INFO | ✅ Added patterns | File: UK-ND-28Aug-For Creation_missing.csv | Folder: E:\\EmailTool-V2\Barzaan\email_creator_app\uploads
2025-12-26 01:08:08,517 | INFO | 📊 Current database size: 568243 companies
2025-12-26 01:08:08,517 | INFO | 📄 Found file: E:\\EmailTool-V2\Barzaan\email_creator_app\uploads\UK-ND-7Aug- FOr creation.xlsx
2025-12-26 01:08:34,739 | INFO | ✅ Added patterns | File: UK-ND-7Aug- FOr creation.xlsx | Folder: E:\\EmailTool-V2\Barzaan\email_creator_app\uploads
2025-12-26 01:08:34,754 | INFO | 📊 Current database size: 568243 companies
2025-12-26 01:08:34,755 | INFO | 📄 Found file: E:\\EmailTool-V2\Barzaan\email_creator_app\uploads\updatesb.csv
2025-12-26 01:08:35,106 | INFO | ✅ Added patterns | File: updatesb.csv | Folder: E:\\EmailTool-V2\Barzaan\email_creator_app\uploads
2025-12-26 01:08:35,106 | INFO | 📊 Current database size: 568243 companies
2025-12-26 01:08:35,107 | INFO | 📄 Found file: E:\\EmailTool-V2\Barzaan\email_creator_app\uploads\updatesb2.csv
2025-12-26 01:08:35,391 | INFO | ✅ Added patterns | File: updatesb2.csv | Folder: E:\\EmailTool-V2\Barzaan\email_creator_app\uploads
2025-12-26 01:08:35,391 | INFO | 📊 Current database size: 568243 companies
2025-12-26 01:08:35,391 | INFO | 📄 Found file: E:\\EmailTool-V2\Barzaan\email_creator_app\uploads\US-ND-01Dec- For creation.xlsx
2025-12-26 01:09:38,800 | INFO | ✅ Added patterns | File: US-ND-01Dec- For creation.xlsx | Folder: E:\\EmailTool-V2\Barzaan\email_creator_app\uploads
2025-12-26 01:09:38,800 | INFO | 📊 Current database size: 568243 companies
2025-12-26 01:09:38,801 | INFO | 📄 Found file: E:\\EmailTool-V2\Barzaan\email_creator_app\uploads\US-ND-18NOV-For creation.xlsx
2025-12-26 01:11:11,405 | INFO | ✅ Added patterns | File: US-ND-18NOV-For creation.xlsx | Folder: E:\\EmailTool-V2\Barzaan\email_creator_app\uploads
2025-12-26 01:11:11,405 | INFO | 📊 Current database size: 568243 companies
2025-12-26 01:11:11,421 | INFO | 📄 Found file: E:\\EmailTool-V2\Barzaan\email_creator_app\uploads\US-ND-19Aug-For Creation.xlsx
2025-12-26 01:11:38,007 | INFO | ✅ Added patterns | File: US-ND-19Aug-For Creation.xlsx | Folder: E:\\EmailTool-V2\Barzaan\email_creator_app\uploads
2025-12-26 01:11:38,008 | INFO | 📊 Current database size: 568243 companies
2025-12-26 01:11:38,008 | INFO | 📄 Found file: E:\\EmailTool-V2\Barzaan\email_creator_app\uploads\US-ND-19Aug-For Creation_missing.csv
2025-12-26 01:11:38,670 | INFO | ✅ Added patterns | File: US-ND-19Aug-For Creation_missing.csv | Folder: E:\\EmailTool-V2\Barzaan\email_creator_app\uploads
2025-12-26 01:11:38,670 | INFO | 📊 Current database size: 568243 companies
2025-12-26 01:11:38,670 | INFO | 📄 Found file: E:\\EmailTool-V2\Barzaan\email_creator_app\uploads\US-ND-21Jul-For creation.xlsx
2025-12-26 01:12:27,207 | INFO | ✅ Added patterns | File: US-ND-21Jul-For creation.xlsx | Folder: E:\\EmailTool-V2\Barzaan\email_creator_app\uploads
2025-12-26 01:12:27,207 | INFO | 📊 Current database size: 568243 companies
2025-12-26 01:12:27,207 | INFO | 📄 Found file: E:\\EmailTool-V2\Barzaan\email_creator_app\uploads\US-ND-21Jul-For creation_missing.csv
2025-12-26 01:12:28,027 | INFO | ✅ Added patterns | File: US-ND-21Jul-For creation_missing.csv | Folder: E:\\EmailTool-V2\Barzaan\email_creator_app\uploads
2025-12-26 01:12:28,027 | INFO | 📊 Current database size: 568243 companies
2025-12-26 01:12:28,027 | INFO | 📄 Found file: E:\\EmailTool-V2\Barzaan\email_creator_app\uploads\US-ND-21Jul-For creation_old_tool_output.csv
2025-12-26 01:12:45,870 | INFO | ✅ Added patterns | File: US-ND-21Jul-For creation_old_tool_output.csv | Folder: E:\\EmailTool-V2\Barzaan\email_creator_app\uploads
2025-12-26 01:12:45,870 | INFO | 📊 Current database size: 568243 companies
2025-12-26 01:12:45,870 | INFO | 📄 Found file: E:\\EmailTool-V2\Barzaan\email_creator_app\uploads\US-ND-23Sep- For Creation.xlsx
2025-12-26 01:13:50,347 | INFO | ✅ Added patterns | File: US-ND-23Sep- For Creation.xlsx | Folder: E:\\EmailTool-V2\Barzaan\email_creator_app\uploads
2025-12-26 01:13:50,347 | INFO | 📊 Current database size: 568243 companies
2025-12-26 01:13:50,347 | INFO | 📄 Found file: E:\\EmailTool-V2\Barzaan\email_creator_app\uploads\US-ND-8Aug-For Creation.xlsx
